metabolite,kernel_type,covariate,log_bf,deviance_explained,stratum,p_value,q_value,null_centre,null_sd,n_draws
C18n_QI06,categorical,participant_id,-1.0,0.0,categorical:participant_id,,,,,
C18n_QI06,categorical,site_name,-2.4,0.11,categorical:site_name,,,,,
C18n_QI06,categorical,race,-1.0,0.0,categorical:race,,,,,
C18n_QI06,categorical,sex,1.6,0.249,categorical:sex,,,,,
C18n_QI06,categorical,general_wellbeing,-1.0,0.0,categorical:general_wellbeing,,,,,
C18n_QI06,squared_exponential,hbi,-4.8,0.0,squared_exponential:hbi,1.0,1.0,-4.804527126639869,1.0111981698835396e-07,10.0
C18n_QI06,lin,hbi,-1.0,0.0,lin:hbi,1.0,1.0,-0.9675502685618084,1.32369361934457e-07,10.0
C18n_QI06,squared_exponential,study_days,-4.8,0.0,squared_exponential:study_days,,,,,
C18n_QI06,lin,study_days,0.5,0.15,lin:study_days,,,,,
C18n_QI06,squared_exponential,age,-4.1,0.191,squared_exponential:age,,,,,
C18n_QI06,lin,age,-1.0,0.0,lin:age,,,,,
C18n_QI06,squared_exponential,time_from_max,-6.0,0.042,squared_exponential:time_from_max,0.5,1.0,-4.806151763419166,0.2975374909763278,120.0
C18n_QI06,lin,time_from_max,-1.0,0.0,lin:time_from_max,0.5,1.0,-0.9675383432227136,4.64930663311035e-05,120.0
C18n_QI07,categorical,participant_id,-1.0,0.0,categorical:participant_id,,,,,
C18n_QI07,categorical,site_name,-1.0,0.0,categorical:site_name,,,,,
C18n_QI07,categorical,race,-1.0,0.0,categorical:race,,,,,
C18n_QI07,categorical,sex,3.4,0.102,categorical:sex,,,,,
C18n_QI07,categorical,general_wellbeing,-1.0,0.0,categorical:general_wellbeing,,,,,
C18n_QI07,squared_exponential,hbi,-4.8,0.0,squared_exponential:hbi,1.0,1.0,-4.804473946491498,9.63850937328679e-08,10.0
C18n_QI07,lin,hbi,-1.0,0.0,lin:hbi,1.0,1.0,-0.9675304167303692,1.257461927162768e-07,10.0
C18n_QI07,squared_exponential,study_days,-4.8,0.0,squared_exponential:study_days,,,,,
C18n_QI07,lin,study_days,3.0,0.164,lin:study_days,,,,,
C18n_QI07,squared_exponential,age,8.2,0.523,squared_exponential:age,,,,,
C18n_QI07,lin,age,-1.0,0.0,lin:age,,,,,
C18n_QI07,squared_exponential,time_from_max,-4.8,0.0,squared_exponential:time_from_max,1.0,1.0,-4.8044547130100455,1.901210428030632e-07,10.0
C18n_QI07,lin,time_from_max,-1.0,0.0,lin:time_from_max,1.0,1.0,-0.9675347878865068,1.389240095677698e-07,10.0
C18n_QI08,categorical,participant_id,59.2,1.0,categorical:participant_id,,,,,
C18n_QI08,categorical,site_name,-1.0,0.0,categorical:site_name,,,,,
C18n_QI08,categorical,race,-1.0,0.0,categorical:race,,,,,
C18n_QI08,categorical,sex,-1.0,0.0,categorical:sex,,,,,
C18n_QI08,categorical,general_wellbeing,-1.0,0.0,categorical:general_wellbeing,,,,,
C18n_QI08,squared_exponential,hbi,-4.8,0.0,squared_exponential:hbi,0.5,1.0,-4.804455058599842,7.312621283127123e-06,60.0
C18n_QI08,lin,hbi,-1.3,0.017,lin:hbi,0.5,1.0,-0.967566701296846,0.6945111098511103,60.0
C18n_QI08,squared_exponential,study_days,-4.8,0.0,squared_exponential:study_days,,,,,
C18n_QI08,lin,study_days,-1.0,0.0,lin:study_days,,,,,
C18n_QI08,squared_exponential,age,-4.8,0.0,squared_exponential:age,,,,,
C18n_QI08,lin,age,-1.0,0.0,lin:age,,,,,
C18n_QI08,squared_exponential,time_from_max,-4.8,0.0,squared_exponential:time_from_max,1.0,1.0,-4.804455449738271,4.613087170072432e-10,10.0
C18n_QI08,lin,time_from_max,-1.0,0.0,lin:time_from_max,1.0,1.0,-0.9675260985968634,1.0318029593285418e-09,10.0
C18n_QI10,categorical,participant_id,78.6,1.0,categorical:participant_id,,,,,
C18n_QI10,categorical,site_name,-1.0,0.0,categorical:site_name,,,,,
C18n_QI10,categorical,race,-1.0,0.0,categorical:race,,,,,
C18n_QI10,categorical,sex,-1.0,0.0,categorical:sex,,,,,
C18n_QI10,categorical,general_wellbeing,-1.0,0.0,categorical:general_wellbeing,,,,,
C18n_QI10,squared_exponential,hbi,-4.8,0.0,squared_exponential:hbi,1.0,1.0,-4.804453437623351,1.62106524627994e-08,10.0
C18n_QI10,lin,hbi,-1.0,0.0,lin:hbi,1.0,1.0,-0.967533500169111,2.010801862545915e-08,10.0
C18n_QI10,squared_exponential,study_days,-4.8,0.0,squared_exponential:study_days,,,,,
C18n_QI10,lin,study_days,-1.0,0.0,lin:study_days,,,,,
C18n_QI10,squared_exponential,age,-4.8,0.0,squared_exponential:age,,,,,
C18n_QI10,lin,age,-1.0,0.0,lin:age,,,,,
C18n_QI10,squared_exponential,time_from_max,-4.8,0.0,squared_exponential:time_from_max,1.0,1.0,-4.80445447209604,2.102583560929629e-08,10.0
C18n_QI10,lin,time_from_max,-1.0,0.0,lin:time_from_max,1.0,1.0,-0.9675266669187296,3.1491545980769496e-08,10.0
C18n_QI11,categorical,participant_id,-1.0,0.0,categorical:participant_id,,,,,
C18n_QI11,categorical,site_name,7.1,0.491,categorical:site_name,,,,,
C18n_QI11,categorical,race,-0.5,0.154,categorical:race,,,,,
C18n_QI11,categorical,sex,-1.0,0.0,categorical:sex,,,,,
C18n_QI11,categorical,general_wellbeing,-1.0,0.0,categorical:general_wellbeing,,,,,
C18n_QI11,squared_exponential,hbi,-4.8,0.0,squared_exponential:hbi,0.5,1.0,-4.804453213972465,2.7136480249411755e-06,60.0
C18n_QI11,lin,hbi,-1.2,0.046,lin:hbi,0.5,1.0,-0.9680065620079858,0.1929956938263903,60.0
C18n_QI11,squared_exponential,study_days,-4.8,0.0,squared_exponential:study_days,,,,,
C18n_QI11,lin,study_days,2.9,0.245,lin:study_days,,,,,
C18n_QI11,squared_exponential,age,-4.8,0.0,squared_exponential:age,,,,,
C18n_QI11,lin,age,-1.0,0.0,lin:age,,,,,
C18n_QI11,squared_exponential,time_from_max,-4.8,0.0,squared_exponential:time_from_max,0.5,1.0,-4.8044535780202295,2.5420032142729525e-05,120.0
C18n_QI11,lin,time_from_max,-1.2,0.066,lin:time_from_max,0.5,1.0,-0.9680630210500568,0.4230185162909206,120.0
C18n_TF1,categorical,participant_id,-1.0,1.0,categorical:participant_id,,,,,
C18n_TF1,categorical,site_name,-1.0,1.0,categorical:site_name,,,,,
C18n_TF1,categorical,race,-1.0,1.0,categorical:race,,,,,
C18n_TF1,categorical,sex,-1.0,1.0,categorical:sex,,,,,
C18n_TF1,categorical,general_wellbeing,-1.0,1.0,categorical:general_wellbeing,,,,,
C18n_TF1,squared_exponential,hbi,-4.8,1.0,squared_exponential:hbi,1.0,1.0,-4.804455704951124,3.509439075312509e-08,10.0
C18n_TF1,lin,hbi,-1.0,1.0,lin:hbi,1.0,1.0,-0.9675258469826532,3.2251112505581795e-08,10.0
C18n_TF1,squared_exponential,study_days,-4.8,1.0,squared_exponential:study_days,,,,,
C18n_TF1,lin,study_days,-1.0,1.0,lin:study_days,,,,,
C18n_TF1,squared_exponential,age,-4.8,0.626,squared_exponential:age,,,,,
C18n_TF1,lin,age,-1.0,0.0,lin:age,,,,,
C18n_TF1,squared_exponential,time_from_max,-4.8,1.0,squared_exponential:time_from_max,1.0,1.0,-4.80445220624074,3.2222145754090496e-08,10.0
C18n_TF1,lin,time_from_max,-1.0,1.0,lin:time_from_max,1.0,1.0,-0.9675251067631052,3.1761049461742595e-08,10.0
C18n_QI12,categorical,participant_id,17.1,0.659,categorical:participant_id,,,,,
C18n_QI12,categorical,site_name,-1.3,0.0,categorical:site_name,,,,,
C18n_QI12,categorical,race,-1.0,0.0,categorical:race,,,,,
C18n_QI12,categorical,sex,-1.0,0.0,categorical:sex,,,,,
C18n_QI12,categorical,general_wellbeing,-0.0,0.069,categorical:general_wellbeing,,,,,
C18n_QI12,squared_exponential,hbi,-4.8,0.0,squared_exponential:hbi,0.5,1.0,-4.804484691855578,3.902210080930397e-05,60.0
C18n_QI12,lin,hbi,-0.8,0.021,lin:hbi,0.1184615384615384,0.3976923076923074,-0.967528848319489,0.8244617857005715,60.0
C18n_QI12,squared_exponential,study_days,-4.8,0.0,squared_exponential:study_days,,,,,
C18n_QI12,lin,study_days,-1.0,0.0,lin:study_days,,,,,
C18n_QI12,squared_exponential,age,-4.8,0.0,squared_exponential:age,,,,,
C18n_QI12,lin,age,-1.0,0.0,lin:age,,,,,
C18n_QI12,squared_exponential,time_from_max,-5.5,0.048,squared_exponential:time_from_max,0.5,1.0,-4.8049606960044,0.7733851441863935,120.0
C18n_QI12,lin,time_from_max,-1.0,0.0,lin:time_from_max,0.5,1.0,-0.9675514863663466,1.3738999473313187e-05,120.0
C18n_QI13,categorical,participant_id,77.7,1.0,categorical:participant_id,,,,,
C18n_QI13,categorical,site_name,-1.0,0.0,categorical:site_name,,,,,
C18n_QI13,categorical,race,-1.0,0.0,categorical:race,,,,,
C18n_QI13,categorical,sex,-1.0,0.0,categorical:sex,,,,,
C18n_QI13,categorical,general_wellbeing,-1.0,0.0,categorical:general_wellbeing,,,,,
C18n_QI13,squared_exponential,hbi,-4.8,0.0,squared_exponential:hbi,1.0,1.0,-4.804455285340509,2.0735809428366885e-08,10.0
C18n_QI13,lin,hbi,-1.0,0.0,lin:hbi,1.0,1.0,-0.967529642189902,2.1857067367097055e-08,10.0
C18n_QI13,squared_exponential,study_days,-4.8,0.0,squared_exponential:study_days,,,,,
C18n_QI13,lin,study_days,-1.0,0.0,lin:study_days,,,,,
C18n_QI13,squared_exponential,age,-4.8,0.0,squared_exponential:age,,,,,
C18n_QI13,lin,age,-1.0,0.0,lin:age,,,,,
C18n_QI13,squared_exponential,time_from_max,-4.8,0.0,squared_exponential:time_from_max,1.0,1.0,-4.804455945101836,1.980563641697993e-08,10.0
C18n_QI13,lin,time_from_max,-1.0,0.0,lin:time_from_max,1.0,1.0,-0.9675280342808038,1.1531787081795029e-08,10.0
C18n_QI14,categorical,participant_id,58.2,1.0,categorical:participant_id,,,,,
C18n_QI14,categorical,site_name,-1.0,0.0,categorical:site_name,,,,,
C18n_QI14,categorical,race,-1.0,0.0,categorical:race,,,,,
C18n_QI14,categorical,sex,-1.0,0.0,categorical:sex,,,,,
C18n_QI14,categorical,general_wellbeing,-1.0,0.0,categorical:general_wellbeing,,,,,
C18n_QI14,squared_exponential,hbi,-4.8,0.0,squared_exponential:hbi,1.0,1.0,-4.804452338155443,4.612896530126572e-09,10.0
C18n_QI14,lin,hbi,-1.0,0.0,lin:hbi,1.0,1.0,-0.9675256536038432,5.311553444383552e-09,10.0
C18n_QI14,squared_exponential,study_days,-4.8,0.0,squared_exponential:study_days,,,,,
C18n_QI14,lin,study_days,-1.0,0.0,lin:study_days,,,,,
C18n_QI14,squared_exponential,age,-4.8,0.0,squared_exponential:age,,,,,
C18n_QI14,lin,age,-1.0,0.0,lin:age,,,,,
C18n_QI14,squared_exponential,time_from_max,-4.8,0.0,squared_exponential:time_from_max,1.0,1.0,-4.804466055248668,2.91680589809868e-09,10.0
C18n_QI14,lin,time_from_max,-1.0,0.0,lin:time_from_max,1.0,1.0,-0.9675474710488744,6.532032836143166e-09,10.0
C18n_TF2,categorical,participant_id,-1.0,0.0,categorical:participant_id,,,,,
C18n_TF2,categorical,site_name,-1.3,0.509,categorical:site_name,,,,,
C18n_TF2,categorical,race,-1.0,0.0,categorical:race,,,,,
C18n_TF2,categorical,sex,-1.0,0.0,categorical:sex,,,,,
C18n_TF2,categorical,general_wellbeing,-1.0,0.0,categorical:general_wellbeing,,,,,
C18n_TF2,squared_exponential,hbi,-4.8,0.0,squared_exponential:hbi,0.5,1.0,-4.8044531047312375,4.381899872563434e-06,60.0
C18n_TF2,lin,hbi,1.1,0.508,lin:hbi,0.0008030905812286,0.0056617885976618,-0.9677571351878668,0.3125358327317277,60.0
C18n_TF2,squared_exponential,study_days,-4.8,0.0,squared_exponential:study_days,,,,,
C18n_TF2,lin,study_days,-1.0,0.0,lin:study_days,,,,,
C18n_TF2,squared_exponential,age,-4.8,0.0,squared_exponential:age,,,,,
C18n_TF2,lin,age,-1.0,0.0,lin:age,,,,,
C18n_TF2,squared_exponential,time_from_max,-4.8,0.0,squared_exponential:time_from_max,1.0,1.0,-4.804454290121157,3.635304266557433e-08,10.0
C18n_TF2,lin,time_from_max,-1.0,0.0,lin:time_from_max,1.0,1.0,-0.9675261516515548,2.98199755417649e-08,10.0
C18n_QI15,categorical,participant_id,57.5,1.0,categorical:participant_id,,,,,
C18n_QI15,categorical,site_name,-1.0,0.0,categorical:site_name,,,,,
C18n_QI15,categorical,race,-1.0,0.0,categorical:race,,,,,
C18n_QI15,categorical,sex,-1.0,0.0,categorical:sex,,,,,
C18n_QI15,categorical,general_wellbeing,-1.0,0.0,categorical:general_wellbeing,,,,,
C18n_QI15,squared_exponential,hbi,-4.8,0.0,squared_exponential:hbi,1.0,1.0,-4.804460204805992,1.3135059682934432e-07,10.0
C18n_QI15,lin,hbi,-1.0,0.0,lin:hbi,1.0,1.0,-0.9675584839985732,1.1271677231383899e-07,10.0
C18n_QI15,squared_exponential,study_days,-4.8,0.0,squared_exponential:study_days,,,,,
C18n_QI15,lin,study_days,-1.0,0.0,lin:study_days,,,,,
C18n_QI15,squared_exponential,age,-4.8,0.0,squared_exponential:age,,,,,
C18n_QI15,lin,age,-1.0,0.0,lin:age,,,,,
C18n_QI15,squared_exponential,time_from_max,-4.8,0.0,squared_exponential:time_from_max,1.0,1.0,-4.804457836228494,1.8158618241710377e-07,10.0
C18n_QI15,lin,time_from_max,-1.0,0.0,lin:time_from_max,1.0,1.0,-0.9675375583942696,1.1991080845464905e-07,10.0
C18n_QI16,categorical,participant_id,-1.0,0.0,categorical:participant_id,,,,,
C18n_QI16,categorical,site_name,-0.1,0.257,categorical:site_name,,,,,
C18n_QI16,categorical,race,-1.0,0.0,categorical:race,,,,,
C18n_QI16,categorical,sex,-1.2,0.12,categorical:sex,,,,,
C18n_QI16,categorical,general_wellbeing,-1.0,0.0,categorical:general_wellbeing,,,,,
C18n_QI16,squared_exponential,hbi,-4.8,0.0,squared_exponential:hbi,1.0,1.0,-4.804452828764397,8.516536879075658e-09,10.0
C18n_QI16,lin,hbi,-1.0,0.0,lin:hbi,1.0,1.0,-0.9675260706414974,9.161214223209251e-09,10.0
C18n_QI16,squared_exponential,study_days,-4.8,0.0,squared_exponential:study_days,,,,,
C18n_QI16,lin,study_days,-1.0,0.0,lin:study_days,,,,,
C18n_QI16,squared_exponential,age,-5.3,0.123,squared_exponential:age,,,,,
C18n_QI16,lin,age,-1.0,0.0,lin:age,,,,,
C18n_QI16,squared_exponential,time_from_max,-4.8,0.0,squared_exponential:time_from_max,1.0,1.0,-4.804455006257513,1.1105976480778445e-08,10.0
C18n_QI16,lin,time_from_max,-1.0,0.0,lin:time_from_max,1.0,1.0,-0.967525696671828,2.405335114499745e-08,10.0
C18n_QI17,categorical,participant_id,-1.0,0.0,categorical:participant_id,,,,,
C18n_QI17,categorical,site_name,-1.0,0.0,categorical:site_name,,,,,
C18n_QI17,categorical,race,-2.3,0.143,categorical:race,,,,,
C18n_QI17,categorical,sex,-1.0,0.0,categorical:sex,,,,,
C18n_QI17,categorical,general_wellbeing,-1.0,0.0,categorical:general_wellbeing,,,,,
C18n_QI17,squared_exponential,hbi,-4.8,0.0,squared_exponential:hbi,1.0,1.0,-4.80445283535164,4.808173394522503e-09,10.0
C18n_QI17,lin,hbi,-1.0,0.0,lin:hbi,1.0,1.0,-0.9689314712529722,1.401945440069216e-08,10.0
C18n_QI17,squared_exponential,study_days,-4.8,0.0,squared_exponential:study_days,,,,,
C18n_QI17,lin,study_days,-1.0,0.0,lin:study_days,,,,,
C18n_QI17,squared_exponential,age,-2.0,1.0,squared_exponential:age,,,,,
C18n_QI17,lin,age,-1.0,0.0,lin:age,,,,,
C18n_QI17,squared_exponential,time_from_max,-4.8,0.0,squared_exponential:time_from_max,1.0,1.0,-4.80445314341614,4.757647792465098e-09,10.0
C18n_QI17,lin,time_from_max,-1.0,0.0,lin:time_from_max,1.0,1.0,-0.967526065699758,1.0945354652515322e-08,10.0
C18n_QI18,categorical,participant_id,-1.0,0.0,categorical:participant_id,,,,,
C18n_QI18,categorical,site_name,-1.5,0.345,categorical:site_name,,,,,
C18n_QI18,categorical,race,-1.0,0.0,categorical:race,,,,,
C18n_QI18,categorical,sex,-1.0,0.0,categorical:sex,,,,,
C18n_QI18,categorical,general_wellbeing,-1.8,0.162,categorical:general_wellbeing,,,,,
C18n_QI18,squared_exponential,hbi,-4.8,0.0,squared_exponential:hbi,1.0,1.0,-4.804453844323689,6.431000250314714e-07,10.0
C18n_QI18,lin,hbi,-1.0,0.0,lin:hbi,1.0,1.0,-0.9675268787045752,6.949535323252431e-07,10.0
C18n_QI18,squared_exponential,study_days,-6.7,0.48,squared_exponential:study_days,,,,,
C18n_QI18,lin,study_days,-1.0,0.0,lin:study_days,,,,,
C18n_QI18,squared_exponential,age,-4.8,0.0,squared_exponential:age,,,,,
C18n_QI18,lin,age,-1.0,0.0,lin:age,,,,,
C18n_QI18,squared_exponential,time_from_max,-4.8,0.0,squared_exponential:time_from_max,1.0,1.0,-4.804453741101497,3.313662997663976e-07,10.0
C18n_QI18,lin,time_from_max,-1.0,0.0,lin:time_from_max,1.0,1.0,-0.9675265028927242,5.172035694421388e-07,10.0
C18n_TF3,categorical,participant_id,159.3,1.0,categorical:participant_id,,,,,
C18n_TF3,categorical,site_name,-1.0,0.0,categorical:site_name,,,,,
C18n_TF3,categorical,race,-1.0,0.0,categorical:race,,,,,
C18n_TF3,categorical,sex,-1.0,0.0,categorical:sex,,,,,
C18n_TF3,categorical,general_wellbeing,-1.0,0.0,categorical:general_wellbeing,,,,,
C18n_TF3,squared_exponential,hbi,-4.8,0.0,squared_exponential:hbi,1.0,1.0,-4.804528809011117,2.2407906656845477e-07,10.0
C18n_TF3,lin,hbi,-1.0,0.0,lin:hbi,1.0,1.0,-0.9675450462252684,2.2257573175204058e-07,10.0
C18n_TF3,squared_exponential,study_days,-4.8,0.0,squared_exponential:study_days,,,,,
C18n_TF3,lin,study_days,-1.0,0.0,lin:study_days,,,,,
C18n_TF3,squared_exponential,age,-4.8,0.0,squared_exponential:age,,,,,
C18n_TF3,lin,age,-1.0,0.0,lin:age,,,,,
C18n_TF3,squared_exponential,time_from_max,-4.8,0.0,squared_exponential:time_from_max,1.0,1.0,-4.80447950541884,1.572115136832497e-07,10.0
C18n_TF3,lin,time_from_max,-1.0,0.0,lin:time_from_max,1.0,1.0,-0.9675328314465332,3.131912183264537e-07,10.0
C18n_TF4,categorical,participant_id,-1.0,0.0,categorical:participant_id,,,,,
C18n_TF4,categorical,site_name,-1.0,0.0,categorical:site_name,,,,,
C18n_TF4,categorical,race,-1.0,0.0,categorical:race,,,,,
C18n_TF4,categorical,sex,0.3,0.224,categorical:sex,,,,,
C18n_TF4,categorical,general_wellbeing,-1.0,0.0,categorical:general_wellbeing,,,,,
C18n_TF4,squared_exponential,hbi,-3.7,0.237,squared_exponential:hbi,0.1430769230769231,1.0,-5.043052933386662,1.1129832929508432,60.0
C18n_TF4,lin,hbi,-1.0,0.0,lin:hbi,0.5,1.0,-0.9675913614150886,1.6373777183277692e-05,60.0
C18n_TF4,squared_exponential,study_days,-4.8,0.0,squared_exponential:study_days,,,,,
C18n_TF4,lin,study_days,0.4,0.184,lin:study_days,,,,,
C18n_TF4,squared_exponential,age,-4.2,0.171,squared_exponential:age,,,,,
C18n_TF4,lin,age,-1.0,0.0,lin:age,,,,,
C18n_TF4,squared_exponential,time_from_max,-3.8,0.263,squared_exponential:time_from_max,0.02,1.0,-4.805341899326777,0.5164160203517679,120.0
C18n_TF4,lin,time_from_max,-1.0,0.0,lin:time_from_max,0.5,1.0,-0.9678428559864188,8.802343567912237e-05,120.0
C18n_QI19,categorical,participant_id,-1.0,1.0,categorical:participant_id,,,,,
C18n_QI19,categorical,site_name,-1.0,1.0,categorical:site_name,,,,,
C18n_QI19,categorical,race,-1.0,1.0,categorical:race,,,,,
C18n_QI19,categorical,sex,-1.0,1.0,categorical:sex,,,,,
C18n_QI19,categorical,general_wellbeing,-1.0,1.0,categorical:general_wellbeing,,,,,
C18n_QI19,squared_exponential,hbi,-4.8,1.0,squared_exponential:hbi,1.0,1.0,-4.804452161019981,5.262886577975731e-09,10.0
C18n_QI19,lin,hbi,-1.0,1.0,lin:hbi,1.0,1.0,-0.9675263815499876,4.226385039691258e-09,10.0
C18n_QI19,squared_exponential,study_days,-4.8,1.0,squared_exponential:study_days,,,,,
C18n_QI19,lin,study_days,-1.0,1.0,lin:study_days,,,,,
C18n_QI19,squared_exponential,age,-4.8,1.0,squared_exponential:age,,,,,
C18n_QI19,lin,age,-1.0,1.0,lin:age,,,,,
C18n_QI19,squared_exponential,time_from_max,-4.8,1.0,squared_exponential:time_from_max,1.0,1.0,-4.804456712499132,6.872146778608471e-09,10.0
C18n_QI19,lin,time_from_max,-1.0,1.0,lin:time_from_max,1.0,1.0,-0.9675539141765056,4.2523926299589995e-09,10.0
C18n_QI20,categorical,participant_id,-1.0,0.0,categorical:participant_id,,,,,
C18n_QI20,categorical,site_name,9.3,0.496,categorical:site_name,,,,,
C18n_QI20,categorical,race,-0.6,0.235,categorical:race,,,,,
C18n_QI20,categorical,sex,-1.5,0.066,categorical:sex,,,,,
C18n_QI20,categorical,general_wellbeing,-1.0,0.0,categorical:general_wellbeing,,,,,
C18n_QI20,squared_exponential,hbi,-4.8,0.0,squared_exponential:hbi,1.0,1.0,-4.804454757778103,7.738852319306815e-07,10.0
C18n_QI20,lin,hbi,-1.0,0.0,lin:hbi,1.0,1.0,-0.9716421441528382,6.129690255180503e-07,10.0
C18n_QI20,squared_exponential,study_days,-2.4,0.32,squared_exponential:study_days,,,,,
C18n_QI20,lin,study_days,-1.0,0.0,lin:study_days,,,,,
C18n_QI20,squared_exponential,age,-4.8,0.0,squared_exponential:age,,,,,
C18n_QI20,lin,age,-1.0,0.0,lin:age,,,,,
C18n_QI20,squared_exponential,time_from_max,-4.8,0.0,squared_exponential:time_from_max,1.0,1.0,-4.804453286319131,8.941458007485043e-07,10.0
C18n_QI20,lin,time_from_max,-1.0,0.0,lin:time_from_max,1.0,1.0,-0.9675265165690234,3.6585737491114373e-07,10.0
C18n_QI21,categorical,participant_id,-1.0,0.0,categorical:participant_id,,,,,
C18n_QI21,categorical,site_name,-1.3,0.15,categorical:site_name,,,,,
C18n_QI21,categorical,race,-1.0,0.0,categorical:race,,,,,
C18n_QI21,categorical,sex,-1.0,0.0,categorical:sex,,,,,
C18n_QI21,categorical,general_wellbeing,-1.0,0.0,categorical:general_wellbeing,,,,,
C18n_QI21,squared_exponential,hbi,-4.8,0.0,squared_exponential:hbi,0.5,1.0,-4.804458081013763,3.318959270859148e-06,60.0
C18n_QI21,lin,hbi,-1.0,0.0,lin:hbi,0.5,1.0,-0.9675328230332524,2.3858118406765628e-06,60.0
C18n_QI21,squared_exponential,study_days,-1.4,0.528,squared_exponential:study_days,,,,,
C18n_QI21,lin,study_days,-1.0,0.0,lin:study_days,,,,,
C18n_QI21,squared_exponential,age,-4.8,0.0,squared_exponential:age,,,,,
C18n_QI21,lin,age,-1.0,0.0,lin:age,,,,,
C18n_QI21,squared_exponential,time_from_max,-4.9,0.192,squared_exponential:time_from_max,0.5,1.0,-4.805429043014556,0.4572652227495595,120.0
C18n_QI21,lin,time_from_max,-1.0,0.0,lin:time_from_max,0.5,1.0,-0.9675321921413342,7.392137957180854e-05,120.0
C18n_QI22,categorical,participant_id,-1.0,0.0,categorical:participant_id,,,,,
C18n_QI22,categorical,site_name,-1.4,0.863,categorical:site_name,,,,,
C18n_QI22,categorical,race,-1.0,0.0,categorical:race,,,,,
C18n_QI22,categorical,sex,-1.3,0.142,categorical:sex,,,,,
C18n_QI22,categorical,general_wellbeing,-1.0,0.0,categorical:general_wellbeing,,,,,
C18n_QI22,squared_exponential,hbi,-4.8,0.0,squared_exponential:hbi,1.0,1.0,-4.804458228972635,5.3239287978343575e-09,10.0
C18n_QI22,lin,hbi,-1.0,0.0,lin:hbi,1.0,1.0,-0.9675264487134428,5.519508709969648e-08,10.0
C18n_QI22,squared_exponential,study_days,-4.8,0.0,squared_exponential:study_days,,,,,
C18n_QI22,lin,study_days,-1.0,0.0,lin:study_days,,,,,
C18n_QI22,squared_exponential,age,-6.0,0.454,squared_exponential:age,,,,,
C18n_QI22,lin,age,-1.0,0.0,lin:age,,,,,
C18n_QI22,squared_exponential,time_from_max,-4.8,0.0,squared_exponential:time_from_max,1.0,1.0,-4.804453108697544,2.3297845349196533e-09,10.0
C18n_QI22,lin,time_from_max,-1.0,0.0,lin:time_from_max,1.0,1.0,-0.9675255460037988,9.978580459601384e-09,10.0
C18n_QI23,categorical,participant_id,-1.0,0.0,categorical:participant_id,,,,,
C18n_QI23,categorical,site_name,19.4,0.775,categorical:site_name,,,,,
C18n_QI23,categorical,race,-1.0,0.0,categorical:race,,,,,
C18n_QI23,categorical,sex,-1.0,0.0,categorical:sex,,,,,
C18n_QI23,categorical,general_wellbeing,-1.8,0.043,categorical:general_wellbeing,,,,,
C18n_QI23,squared_exponential,hbi,-4.8,0.176,squared_exponential:hbi,0.216923076923077,1.0,-4.805372036515792,0.8165875153646883,60.0
C18n_QI23,lin,hbi,-1.0,0.0,lin:hbi,0.5,1.0,-0.9675279829693864,5.009553365682079e-05,60.0
C18n_QI23,squared_exponential,study_days,-5.9,0.04,squared_exponential:study_days,,,,,
C18n_QI23,lin,study_days,-1.0,0.0,lin:study_days,,,,,
C18n_QI23,squared_exponential,age,-4.8,0.0,squared_exponential:age,,,,,
C18n_QI23,lin,age,-1.0,0.0,lin:age,,,,,
C18n_QI23,squared_exponential,time_from_max,-4.8,0.0,squared_exponential:time_from_max,1.0,1.0,-4.804453279351492,7.661746965804515e-08,10.0
C18n_QI23,lin,time_from_max,-1.0,0.0,lin:time_from_max,1.0,1.0,-0.9675266703766284,5.3445499506712536e-08,10.0
C18n_QI25,categorical,participant_id,-1.0,0.974,categorical:participant_id,,,,,
C18n_QI25,categorical,site_name,-1.0,0.971,categorical:site_name,,,,,
C18n_QI25,categorical,race,-1.0,0.931,categorical:race,,,,,
C18n_QI25,categorical,sex,-1.0,1.0,categorical:sex,,,,,
C18n_QI25,categorical,general_wellbeing,-1.0,1.0,categorical:general_wellbeing,,,,,
C18n_QI25,squared_exponential,hbi,-4.8,1.0,squared_exponential:hbi,1.0,1.0,-4.80445160618433,3.34858266862094e-07,10.0
C18n_QI25,lin,hbi,-1.0,0.974,lin:hbi,1.0,1.0,-0.967525627355144,3.046771622276948e-07,10.0
C18n_QI25,squared_exponential,study_days,-4.8,1.0,squared_exponential:study_days,,,,,
C18n_QI25,lin,study_days,-1.0,1.0,lin:study_days,,,,,
C18n_QI25,squared_exponential,age,-4.8,0.744,squared_exponential:age,,,,,
C18n_QI25,lin,age,-1.0,0.95,lin:age,,,,,
C18n_QI25,squared_exponential,time_from_max,-4.8,0.976,squared_exponential:time_from_max,1.0,1.0,-4.804451566867328,4.149633835745102e-07,10.0
C18n_QI25,lin,time_from_max,-1.0,1.0,lin:time_from_max,1.0,1.0,-0.9675249241734036,1.4306893508880092e-07,10.0
C18n_QI26,categorical,participant_id,23.1,0.525,categorical:participant_id,,,,,
C18n_QI26,categorical,site_name,-1.0,0.0,categorical:site_name,,,,,
C18n_QI26,categorical,race,-1.0,0.0,categorical:race,,,,,
C18n_QI26,categorical,sex,-1.0,0.0,categorical:sex,,,,,
C18n_QI26,categorical,general_wellbeing,-1.0,0.0,categorical:general_wellbeing,,,,,
C18n_QI26,squared_exponential,hbi,-5.2,0.02,squared_exponential:hbi,0.5,1.0,-4.805197256287556,0.2453538552339635,60.0
C18n_QI26,lin,hbi,-1.0,0.0,lin:hbi,0.5,1.0,-0.9675436695310964,4.267302163311396e-05,60.0
C18n_QI26,squared_exponential,study_days,-4.8,0.0,squared_exponential:study_days,,,,,
C18n_QI26,lin,study_days,-1.0,0.0,lin:study_days,,,,,
C18n_QI26,squared_exponential,age,-3.8,0.0,squared_exponential:age,,,,,
C18n_QI26,lin,age,-1.0,0.0,lin:age,,,,,
C18n_QI26,squared_exponential,time_from_max,-4.8,0.0,squared_exponential:time_from_max,1.0,1.0,-4.80445310856885,7.782937703965085e-07,120.0
C18n_QI26,lin,time_from_max,-1.0,0.0,lin:time_from_max,0.5,1.0,-0.9675299403102144,1.1395350315178173e-06,120.0
C18n_QI27,categorical,participant_id,-1.0,0.0,categorical:participant_id,,,,,
C18n_QI27,categorical,site_name,7.5,0.508,categorical:site_name,,,,,
C18n_QI27,categorical,race,-1.0,0.0,categorical:race,,,,,
C18n_QI27,categorical,sex,-1.0,0.0,categorical:sex,,,,,
C18n_QI27,categorical,general_wellbeing,-1.0,0.0,categorical:general_wellbeing,,,,,
C18n_QI27,squared_exponential,hbi,-4.8,0.0,squared_exponential:hbi,0.5,1.0,-4.804462683436668,8.547391613353524e-05,60.0
C18n_QI27,lin,hbi,-1.8,0.015,lin:hbi,0.5,1.0,-0.967966072553736,0.3956996981638487,60.0
C18n_QI27,squared_exponential,study_days,-4.4,0.258,squared_exponential:study_days,,,,,
C18n_QI27,lin,study_days,-1.0,0.0,lin:study_days,,,,,
C18n_QI27,squared_exponential,age,-4.8,0.0,squared_exponential:age,,,,,
C18n_QI27,lin,age,-1.0,0.0,lin:age,,,,,
C18n_QI27,squared_exponential,time_from_max,-4.8,0.0,squared_exponential:time_from_max,1.0,1.0,-4.804451589897781,2.7067650102729326e-08,10.0
C18n_QI27,lin,time_from_max,-1.0,0.0,lin:time_from_max,1.0,1.0,-0.9675247373957064,1.8115384008766705e-08,10.0
C18n_QI28,categorical,participant_id,-1.0,0.0,categorical:participant_id,,,,,
C18n_QI28,categorical,site_name,13.8,0.488,categorical:site_name,,,,,
C18n_QI28,categorical,race,-1.0,0.0,categorical:race,,,,,
C18n_QI28,categorical,sex,-1.0,0.0,categorical:sex,,,,,
C18n_QI28,categorical,general_wellbeing,-1.1,0.103,categorical:general_wellbeing,,,,,
C18n_QI28,squared_exponential,hbi,-4.8,0.0,squared_exponential:hbi,0.5,1.0,-4.80446110381672,0.0001023990469151,60.0
C18n_QI28,lin,hbi,-1.4,0.077,lin:hbi,0.5,1.0,-0.96757497473709,0.3231362172173613,60.0
C18n_QI28,squared_exponential,study_days,-4.4,0.139,squared_exponential:study_days,,,,,
C18n_QI28,lin,study_days,-1.0,0.0,lin:study_days,,,,,
C18n_QI28,squared_exponential,age,-4.8,0.0,squared_exponential:age,,,,,
C18n_QI28,lin,age,-1.0,0.0,lin:age,,,,,
C18n_QI28,squared_exponential,time_from_max,-4.8,0.0,squared_exponential:time_from_max,0.5,1.0,-4.807313631938541,0.0001058533384745,120.0
C18n_QI28,lin,time_from_max,-1.0,0.0,lin:time_from_max,0.5,1.0,-0.9675318926056208,9.741762670697212e-05,120.0
C18n_QI29,categorical,participant_id,31.5,0.881,categorical:participant_id,,,,,
C18n_QI29,categorical,site_name,-1.0,0.0,categorical:site_name,,,,,
C18n_QI29,categorical,race,-1.0,0.0,categorical:race,,,,,
C18n_QI29,categorical,sex,-1.0,0.0,categorical:sex,,,,,
C18n_QI29,categorical,general_wellbeing,-1.0,0.0,categorical:general_wellbeing,,,,,
C18n_QI29,squared_exponential,hbi,-4.8,0.0,squared_exponential:hbi,0.5,1.0,-4.80445518506167,2.622106425176144e-05,60.0
C18n_QI29,lin,hbi,3.2,0.071,lin:hbi,0.001726667403551,0.0118761026293026,-0.9675291972002924,0.6750800264574875,60.0
C18n_QI29,squared_exponential,study_days,-4.8,0.0,squared_exponential:study_days,,,,,
C18n_QI29,lin,study_days,-1.0,0.0,lin:study_days,,,,,
C18n_QI29,squared_exponential,age,-4.8,0.0,squared_exponential:age,,,,,
C18n_QI29,lin,age,-2.0,0.0,lin:age,,,,,
C18n_QI29,squared_exponential,time_from_max,-4.8,0.0,squared_exponential:time_from_max,0.5,1.0,-4.804453849906622,2.2676892457213987e-06,120.0
C18n_QI29,lin,time_from_max,-1.0,0.0,lin:time_from_max,0.5,1.0,-0.9675263822909984,2.2433394202610594e-06,120.0
C18n_QI30,categorical,participant_id,-1.0,0.0,categorical:participant_id,,,,,
C18n_QI30,categorical,site_name,0.2,0.185,categorical:site_name,,,,,
C18n_QI30,categorical,race,-1.0,0.0,categorical:race,,,,,
C18n_QI30,categorical,sex,-1.0,0.0,categorical:sex,,,,,
C18n_QI30,categorical,general_wellbeing,-1.0,0.139,categorical:general_wellbeing,,,,,
C18n_QI30,squared_exponential,hbi,-4.8,0.0,squared_exponential:hbi,1.0,1.0,-4.80445877018974,4.980187720774722e-09,10.0
C18n_QI30,lin,hbi,-1.0,0.0,lin:hbi,1.0,1.0,-0.967537633479651,3.4974112137333543e-08,10.0
C18n_QI30,squared_exponential,study_days,-4.8,0.0,squared_exponential:study_days,,,,,
C18n_QI30,lin,study_days,-1.0,0.0,lin:study_days,,,,,
C18n_QI30,squared_exponential,age,1.2,0.851,squared_exponential:age,,,,,
C18n_QI30,lin,age,-1.0,0.0,lin:age,,,,,
C18n_QI30,squared_exponential,time_from_max,-4.8,0.0,squared_exponential:time_from_max,1.0,1.0,-4.804457539973555,4.77939998148708e-09,10.0
C18n_QI30,lin,time_from_max,-1.0,0.0,lin:time_from_max,1.0,1.0,-0.9675311162643538,2.6307731346986842e-08,10.0
C18n_QI31,categorical,participant_id,-1.0,0.0,categorical:participant_id,,,,,
C18n_QI31,categorical,site_name,0.7,0.241,categorical:site_name,,,,,
C18n_QI31,categorical,race,-1.0,0.0,categorical:race,,,,,
C18n_QI31,categorical,sex,-1.5,0.042,categorical:sex,,,,,
C18n_QI31,categorical,general_wellbeing,-1.0,0.0,categorical:general_wellbeing,,,,,
C18n_QI31,squared_exponential,hbi,-4.8,0.0,squared_exponential:hbi,0.5,1.0,-4.804457178233406,4.42066602813752e-05,60.0
C18n_QI31,lin,hbi,3.3,0.209,lin:hbi,5.104645227160809e-05,0.0003998638761275,-0.967529210824523,0.1893150031779463,60.0
C18n_QI31,squared_exponential,study_days,-4.8,0.0,squared_exponential:study_days,,,,,
C18n_QI31,lin,study_days,-1.5,0.055,lin:study_days,,,,,
C18n_QI31,squared_exponential,age,-4.8,0.0,squared_exponential:age,,,,,
C18n_QI31,lin,age,-1.1,0.015,lin:age,,,,,
C18n_QI31,squared_exponential,time_from_max,-4.8,0.0,squared_exponential:time_from_max,1.0,1.0,-4.804452999261002,5.9139371238490345e-08,10.0
C18n_QI31,lin,time_from_max,-1.0,0.0,lin:time_from_max,1.0,1.0,-0.9675353580962563,5.930063146860086e-08,10.0
C18n_QI32,categorical,participant_id,34.7,0.812,categorical:participant_id,,,,,
C18n_QI32,categorical,site_name,-1.0,0.0,categorical:site_name,,,,,
C18n_QI32,categorical,race,-1.0,0.0,categorical:race,,,,,
C18n_QI32,categorical,sex,-1.0,0.0,categorical:sex,,,,,
C18n_QI32,categorical,general_wellbeing,-1.0,0.0,categorical:general_wellbeing,,,,,
C18n_QI32,squared_exponential,hbi,-4.8,0.0,squared_exponential:hbi,0.5,1.0,-4.80445425938774,8.894628601034814e-06,60.0
C18n_QI32,lin,hbi,1.4,0.045,lin:hbi,0.02,0.0805714285714286,-0.9676640578395564,0.7826792391874062,60.0
C18n_QI32,squared_exponential,study_days,-5.8,0.046,squared_exponential:study_days,,,,,
C18n_QI32,lin,study_days,-1.0,0.0,lin:study_days,,,,,
C18n_QI32,squared_exponential,age,-4.8,0.0,squared_exponential:age,,,,,
C18n_QI32,lin,age,-1.0,0.0,lin:age,,,,,
C18n_QI32,squared_exponential,time_from_max,-4.8,0.0,squared_exponential:time_from_max,1.0,1.0,-4.804453071691114,5.027313171640678e-09,10.0
C18n_QI32,lin,time_from_max,-1.0,0.0,lin:time_from_max,1.0,1.0,-0.9675262208163532,1.1590742939649708e-08,10.0
C18n_QI33,categorical,participant_id,31.2,0.809,categorical:participant_id,,,,,
C18n_QI33,categorical,site_name,-1.0,0.0,categorical:site_name,,,,,
C18n_QI33,categorical,race,-1.0,0.0,categorical:race,,,,,
C18n_QI33,categorical,sex,-1.0,0.0,categorical:sex,,,,,
C18n_QI33,categorical,general_wellbeing,-1.0,0.0,categorical:general_wellbeing,,,,,
C18n_QI33,squared_exponential,hbi,-4.8,0.0,squared_exponential:hbi,0.5,1.0,-4.804500193959029,7.039722212212412e-06,60.0
C18n_QI33,lin,hbi,0.3,0.04,lin:hbi,0.02,0.0805714285714286,-0.9676734894521816,0.4879344014911272,60.0
C18n_QI33,squared_exponential,study_days,-3.6,0.078,squared_exponential:study_days,,,,,
C18n_QI33,lin,study_days,-1.0,0.0,lin:study_days,,,,,
C18n_QI33,squared_exponential,age,-4.8,0.0,squared_exponential:age,,,,,
C18n_QI33,lin,age,-1.0,0.0,lin:age,,,,,
C18n_QI33,squared_exponential,time_from_max,-4.8,0.0,squared_exponential:time_from_max,1.0,1.0,-4.804552261000708,3.48078461447269e-09,10.0
C18n_QI33,lin,time_from_max,-1.0,0.0,lin:time_from_max,1.0,1.0,-0.9676954358403692,1.1458993309080876e-08,10.0
C18n_QI34,categorical,participant_id,33.5,0.378,categorical:participant_id,,,,,
C18n_QI34,categorical,site_name,-1.8,0.0,categorical:site_name,,,,,
C18n_QI34,categorical,race,-1.0,0.0,categorical:race,,,,,
C18n_QI34,categorical,sex,-1.5,0.0,categorical:sex,,,,,
C18n_QI34,categorical,general_wellbeing,-1.0,0.0,categorical:general_wellbeing,,,,,
C18n_QI34,squared_exponential,hbi,-4.8,0.0,squared_exponential:hbi,0.5,1.0,-4.804455094933019,1.2377428758872528e-05,60.0
C18n_QI34,lin,hbi,1.6,0.013,lin:hbi,0.02,0.0805714285714286,-0.9686784486486886,1.0278290375417234,60.0
C18n_QI34,squared_exponential,study_days,-4.3,0.012,squared_exponential:study_days,,,,,
C18n_QI34,lin,study_days,-1.0,0.0,lin:study_days,,,,,
C18n_QI34,squared_exponential,age,-4.8,0.0,squared_exponential:age,,,,,
C18n_QI34,lin,age,-1.0,0.0,lin:age,,,,,
C18n_QI34,squared_exponential,time_from_max,-4.8,0.0,squared_exponential:time_from_max,1.0,1.0,-4.8044545160514645,8.704874426289724e-08,10.0
C18n_QI34,lin,time_from_max,-1.0,0.0,lin:time_from_max,1.0,1.0,-0.9675281851082218,4.1947109011834106e-07,10.0
C18n_QI35,categorical,participant_id,47.5,0.831,categorical:participant_id,,,,,
C18n_QI35,categorical,site_name,-1.0,0.0,categorical:site_name,,,,,
C18n_QI35,categorical,race,-1.0,0.0,categorical:race,,,,,
C18n_QI35,categorical,sex,-1.0,0.0,categorical:sex,,,,,
C18n_QI35,categorical,general_wellbeing,-1.0,0.0,categorical:general_wellbeing,,,,,
C18n_QI35,squared_exponential,hbi,-4.8,0.0,squared_exponential:hbi,0.5,1.0,-4.8044546766345775,1.7166491100358423e-05,60.0
C18n_QI35,lin,hbi,11.3,0.078,lin:hbi,5.104645227160809e-05,0.0003998638761275,-0.9679188783270548,0.917461004867974,60.0
C18n_QI35,squared_exponential,study_days,-4.8,0.0,squared_exponential:study_days,,,,,
C18n_QI35,lin,study_days,-1.0,0.0,lin:study_days,,,,,
C18n_QI35,squared_exponential,age,-4.8,0.0,squared_exponential:age,,,,,
C18n_QI35,lin,age,-1.0,0.0,lin:age,,,,,
C18n_QI35,squared_exponential,time_from_max,-4.8,0.0,squared_exponential:time_from_max,1.0,1.0,-4.805722607559801,8.255502599428438e-07,60.0
C18n_QI35,lin,time_from_max,-1.0,0.0,lin:time_from_max,1.0,1.0,-0.9675261821103048,9.205395255800962e-07,60.0
C18n_QI36,categorical,participant_id,53.7,0.971,categorical:participant_id,,,,,
C18n_QI36,categorical,site_name,-1.0,0.0,categorical:site_name,,,,,
C18n_QI36,categorical,race,-1.0,0.0,categorical:race,,,,,
C18n_QI36,categorical,sex,-1.0,0.0,categorical:sex,,,,,
C18n_QI36,categorical,general_wellbeing,-1.0,0.0,categorical:general_wellbeing,,,,,
C18n_QI36,squared_exponential,hbi,-4.8,0.0,squared_exponential:hbi,0.5,1.0,-4.804454900214751,1.2924729408554283e-05,60.0
C18n_QI36,lin,hbi,1.8,0.036,lin:hbi,5.104645227160809e-05,0.0003998638761275,-0.9680561416826096,0.3375982864727318,60.0
C18n_QI36,squared_exponential,study_days,-4.8,0.0,squared_exponential:study_days,,,,,
C18n_QI36,lin,study_days,-1.0,0.0,lin:study_days,,,,,
C18n_QI36,squared_exponential,age,-4.8,0.0,squared_exponential:age,,,,,
C18n_QI36,lin,age,-1.0,0.0,lin:age,,,,,
C18n_QI36,squared_exponential,time_from_max,-4.8,0.0,squared_exponential:time_from_max,1.0,1.0,-4.804470572361424,8.758399259698457e-07,60.0
C18n_QI36,lin,time_from_max,-1.0,0.0,lin:time_from_max,1.0,1.0,-0.967527803881694,9.72145054879331e-07,60.0
C18n_QI37,categorical,participant_id,37.5,0.832,categorical:participant_id,,,,,
C18n_QI37,categorical,site_name,-1.0,0.0,categorical:site_name,,,,,
C18n_QI37,categorical,race,-1.0,0.0,categorical:race,,,,,
C18n_QI37,categorical,sex,-1.0,0.0,categorical:sex,,,,,
C18n_QI37,categorical,general_wellbeing,-0.0,0.044,categorical:general_wellbeing,,,,,
C18n_QI37,squared_exponential,hbi,-4.8,0.0,squared_exponential:hbi,0.5,1.0,-4.804462528156819,7.543052902706133e-06,60.0
C18n_QI37,lin,hbi,10.5,0.152,lin:hbi,0.0003735256021696,0.002771953152943,-0.9675284607874346,1.651024279171531,60.0
C18n_QI37,squared_exponential,study_days,-4.8,0.0,squared_exponential:study_days,,,,,
C18n_QI37,lin,study_days,-1.0,0.0,lin:study_days,,,,,
C18n_QI37,squared_exponential,age,-4.8,0.0,squared_exponential:age,,,,,
C18n_QI37,lin,age,-1.0,0.0,lin:age,,,,,
C18n_QI37,squared_exponential,time_from_max,-4.8,0.0,squared_exponential:time_from_max,1.0,1.0,-4.8044588124228085,1.0867325484721293e-07,10.0
C18n_QI37,lin,time_from_max,-1.0,0.0,lin:time_from_max,1.0,1.0,-0.9675417111363912,2.476145803111259e-07,10.0
C18n_QI38,categorical,participant_id,29.6,0.873,categorical:participant_id,,,,,
C18n_QI38,categorical,site_name,-1.0,0.0,categorical:site_name,,,,,
C18n_QI38,categorical,race,-1.0,0.0,categorical:race,,,,,
C18n_QI38,categorical,sex,-1.0,0.0,categorical:sex,,,,,
C18n_QI38,categorical,general_wellbeing,-0.9,0.038,categorical:general_wellbeing,,,,,
C18n_QI38,squared_exponential,hbi,-4.8,0.0,squared_exponential:hbi,0.5,1.0,-4.804459458704059,9.108526983429428e-06,60.0
C18n_QI38,lin,hbi,4.9,0.141,lin:hbi,5.104645227160809e-05,0.0003998638761275,-0.9675284182155792,0.2987446741986434,60.0
C18n_QI38,squared_exponential,study_days,-4.8,0.0,squared_exponential:study_days,,,,,
C18n_QI38,lin,study_days,-1.0,0.0,lin:study_days,,,,,
C18n_QI38,squared_exponential,age,-4.8,0.0,squared_exponential:age,,,,,
C18n_QI38,lin,age,-1.0,0.0,lin:age,,,,,
C18n_QI38,squared_exponential,time_from_max,-4.8,0.0,squared_exponential:time_from_max,1.0,1.0,-4.80447115240554,2.525766434502747e-07,10.0
C18n_QI38,lin,time_from_max,-1.0,0.0,lin:time_from_max,1.0,1.0,-0.9675395262825076,2.252370284741489e-07,10.0
C18n_QI39,categorical,participant_id,-1.0,0.0,categorical:participant_id,,,,,
C18n_QI39,categorical,site_name,-1.0,0.0,categorical:site_name,,,,,
C18n_QI39,categorical,race,-1.0,0.0,categorical:race,,,,,
C18n_QI39,categorical,sex,-1.0,0.0,categorical:sex,,,,,
C18n_QI39,categorical,general_wellbeing,-1.0,0.0,categorical:general_wellbeing,,,,,
C18n_QI39,squared_exponential,hbi,-4.8,0.0,squared_exponential:hbi,0.5,1.0,-4.804452848515211,3.514748160311973e-06,60.0
C18n_QI39,lin,hbi,-1.4,0.327,lin:hbi,0.5,1.0,-0.9676442844338452,0.7626339334381299,60.0
C18n_QI39,squared_exponential,study_days,-4.8,0.0,squared_exponential:study_days,,,,,
C18n_QI39,lin,study_days,-1.0,0.0,lin:study_days,,,,,
C18n_QI39,squared_exponential,age,-4.8,0.0,squared_exponential:age,,,,,
C18n_QI39,lin,age,-0.6,0.549,lin:age,,,,,
C18n_QI39,squared_exponential,time_from_max,-4.8,0.0,squared_exponential:time_from_max,1.0,1.0,-4.804456061182691,4.75486064603777e-08,10.0
C18n_QI39,lin,time_from_max,-1.0,0.0,lin:time_from_max,1.0,1.0,-0.9675255064769318,5.681148157341872e-08,10.0
C18n_QI40,categorical,participant_id,-1.0,0.0,categorical:participant_id,,,,,
C18n_QI40,categorical,site_name,4.2,0.203,categorical:site_name,,,,,
C18n_QI40,categorical,race,-1.0,0.0,categorical:race,,,,,
C18n_QI40,categorical,sex,-1.8,0.022,categorical:sex,,,,,
C18n_QI40,categorical,general_wellbeing,-1.0,0.0,categorical:general_wellbeing,,,,,
C18n_QI40,squared_exponential,hbi,-4.8,0.0,squared_exponential:hbi,1.0,1.0,-4.804460259936604,1.4683829643735606e-08,10.0
C18n_QI40,lin,hbi,-1.0,0.0,lin:hbi,1.0,1.0,-0.9675263842070764,1.7495293481224365e-08,10.0
C18n_QI40,squared_exponential,study_days,-4.8,0.0,squared_exponential:study_days,,,,,
C18n_QI40,lin,study_days,-1.0,0.0,lin:study_days,,,,,
C18n_QI40,squared_exponential,age,-4.8,0.0,squared_exponential:age,,,,,
C18n_QI40,lin,age,1.2,0.065,lin:age,,,,,
C18n_QI40,squared_exponential,time_from_max,-4.8,0.0,squared_exponential:time_from_max,1.0,1.0,-4.804453138989629,1.2933647742867762e-08,10.0
C18n_QI40,lin,time_from_max,-1.0,0.0,lin:time_from_max,1.0,1.0,-0.9675264617026188,1.5444234160691402e-08,10.0
C18n_QI41,categorical,participant_id,-1.0,0.0,categorical:participant_id,,,,,
C18n_QI41,categorical,site_name,4.9,0.139,categorical:site_name,,,,,
C18n_QI41,categorical,race,-1.0,0.0,categorical:race,,,,,
C18n_QI41,categorical,sex,10.9,0.195,categorical:sex,,,,,
C18n_QI41,categorical,general_wellbeing,-1.0,0.0,categorical:general_wellbeing,,,,,
C18n_QI41,squared_exponential,hbi,-4.8,0.0,squared_exponential:hbi,0.5,1.0,-4.80445595017909,3.141947771500924e-05,60.0
C18n_QI41,lin,hbi,18.0,0.296,lin:hbi,0.0020123222165767,0.0131970898854569,-0.0849736358045447,2.9833320196698088,60.0
C18n_QI41,squared_exponential,study_days,1.0,0.152,squared_exponential:study_days,,,,,
C18n_QI41,lin,study_days,-1.0,0.0,lin:study_days,,,,,
C18n_QI41,squared_exponential,age,-4.8,0.0,squared_exponential:age,,,,,
C18n_QI41,lin,age,-0.8,0.021,lin:age,,,,,
C18n_QI41,squared_exponential,time_from_max,-4.8,0.0,squared_exponential:time_from_max,1.0,1.0,-4.804457843950786,2.40749877084096e-07,10.0
C18n_QI41,lin,time_from_max,-1.0,0.0,lin:time_from_max,1.0,1.0,-0.967537226482591,2.941235070004951e-07,10.0
C18n_QI42,categorical,participant_id,75.0,0.967,categorical:participant_id,,,,,
C18n_QI42,categorical,site_name,-1.0,0.0,categorical:site_name,,,,,
C18n_QI42,categorical,race,-1.0,0.0,categorical:race,,,,,
C18n_QI42,categorical,sex,-1.0,0.0,categorical:sex,,,,,
C18n_QI42,categorical,general_wellbeing,-1.0,0.0,categorical:general_wellbeing,,,,,
C18n_QI42,squared_exponential,hbi,-4.8,0.0,squared_exponential:hbi,0.5,1.0,-4.804454930562088,2.9025374278584105e-05,60.0
C18n_QI42,lin,hbi,3.1,0.032,lin:hbi,0.0037123836241795,0.0225138103659923,-0.9680620537701544,0.7610948643039643,60.0
C18n_QI42,squared_exponential,study_days,-4.8,0.0,squared_exponential:study_days,,,,,
C18n_QI42,lin,study_days,-1.0,0.0,lin:study_days,,,,,
C18n_QI42,squared_exponential,age,-4.8,0.0,squared_exponential:age,,,,,
C18n_QI42,lin,age,-1.0,0.0,lin:age,,,,,
C18n_QI42,squared_exponential,time_from_max,-4.8,0.0,squared_exponential:time_from_max,1.0,1.0,-4.804455543938047,7.861121452832946e-07,10.0
C18n_QI42,lin,time_from_max,-1.0,0.0,lin:time_from_max,1.0,1.0,-0.9675258382428638,7.099456077716463e-07,10.0
C18n_QI43,categorical,participant_id,42.3,0.782,categorical:participant_id,,,,,
C18n_QI43,categorical,site_name,-1.0,0.0,categorical:site_name,,,,,
C18n_QI43,categorical,race,-1.0,0.0,categorical:race,,,,,
C18n_QI43,categorical,sex,-1.0,0.0,categorical:sex,,,,,
C18n_QI43,categorical,general_wellbeing,-0.6,0.023,categorical:general_wellbeing,,,,,
C18n_QI43,squared_exponential,hbi,-4.8,0.0,squared_exponential:hbi,0.5,1.0,-4.804685212097184,6.083347631775293e-05,60.0
C18n_QI43,lin,hbi,6.5,0.074,lin:hbi,0.0001279082489379,0.0009618700320132,-0.9675287308405132,1.0630657792489115,60.0
C18n_QI43,squared_exponential,study_days,-4.8,0.0,squared_exponential:study_days,,,,,
C18n_QI43,lin,study_days,-1.5,0.009,lin:study_days,,,,,
C18n_QI43,squared_exponential,age,-4.8,0.0,squared_exponential:age,,,,,
C18n_QI43,lin,age,-1.0,0.0,lin:age,,,,,
C18n_QI43,squared_exponential,time_from_max,-4.8,0.0,squared_exponential:time_from_max,0.5,1.0,-4.804828448389799,0.0001593423351756,120.0
C18n_QI43,lin,time_from_max,-1.0,0.0,lin:time_from_max,0.5,1.0,-0.9691584096574388,0.0001601340617386,120.0
C18n_QI44,categorical,participant_id,-1.0,0.0,categorical:participant_id,,,,,
C18n_QI44,categorical,site_name,6.5,0.499,categorical:site_name,,,,,
C18n_QI44,categorical,race,-1.0,0.0,categorical:race,,,,,
C18n_QI44,categorical,sex,-1.0,0.0,categorical:sex,,,,,
C18n_QI44,categorical,general_wellbeing,1.3,0.31,categorical:general_wellbeing,,,,,
C18n_QI44,squared_exponential,hbi,-4.8,0.0,squared_exponential:hbi,0.5,1.0,-4.804453802793432,6.310319148248875e-06,60.0
C18n_QI44,lin,hbi,-0.8,0.122,lin:hbi,0.0692307692307692,0.2502958579881656,-0.9677920486547008,0.192691234048375,60.0
C18n_QI44,squared_exponential,study_days,-4.8,0.0,squared_exponential:study_days,,,,,
C18n_QI44,lin,study_days,-1.0,0.0,lin:study_days,,,,,
C18n_QI44,squared_exponential,age,-4.8,0.0,squared_exponential:age,,,,,
C18n_QI44,lin,age,-1.0,0.0,lin:age,,,,,
C18n_QI44,squared_exponential,time_from_max,-4.8,0.0,squared_exponential:time_from_max,1.0,1.0,-4.804455665569776,2.41617402883107e-08,10.0
C18n_QI44,lin,time_from_max,-1.0,0.0,lin:time_from_max,1.0,1.0,-0.9675274868552606,1.873093107917852e-08,10.0
C18n_QI45,categorical,participant_id,-1.0,0.0,categorical:participant_id,,,,,
C18n_QI45,categorical,site_name,-1.1,0.354,categorical:site_name,,,,,
C18n_QI45,categorical,race,-2.1,0.122,categorical:race,,,,,
C18n_QI45,categorical,sex,-0.8,0.05,categorical:sex,,,,,
C18n_QI45,categorical,general_wellbeing,-1.0,0.0,categorical:general_wellbeing,,,,,
C18n_QI45,squared_exponential,hbi,-4.8,0.0,squared_exponential:hbi,1.0,1.0,-4.804452249004498,1.720260900049987e-09,10.0
C18n_QI45,lin,hbi,-1.0,0.0,lin:hbi,1.0,1.0,-0.9675255588365416,6.493347861954081e-09,10.0
C18n_QI45,squared_exponential,study_days,-4.8,0.0,squared_exponential:study_days,,,,,
C18n_QI45,lin,study_days,3.1,0.347,lin:study_days,,,,,
C18n_QI45,squared_exponential,age,-4.8,0.0,squared_exponential:age,,,,,
C18n_QI45,lin,age,-1.0,0.0,lin:age,,,,,
C18n_QI45,squared_exponential,time_from_max,-6.5,0.332,squared_exponential:time_from_max,0.5,1.0,-4.804459000639554,0.6407495437062289,120.0
C18n_QI45,lin,time_from_max,-1.0,0.0,lin:time_from_max,0.5,1.0,-0.967526736612399,1.6751262878062172e-05,120.0
C18n_QI46,categorical,participant_id,-1.0,0.0,categorical:participant_id,,,,,
C18n_QI46,categorical,site_name,-1.0,0.0,categorical:site_name,,,,,
C18n_QI46,categorical,race,-0.4,0.188,categorical:race,,,,,
C18n_QI46,categorical,sex,-1.0,0.0,categorical:sex,,,,,
C18n_QI46,categorical,general_wellbeing,-1.0,0.0,categorical:general_wellbeing,,,,,
C18n_QI46,squared_exponential,hbi,-4.8,0.0,squared_exponential:hbi,1.0,1.0,-4.804492484325465,3.6975841607257253e-07,10.0
C18n_QI46,lin,hbi,-1.0,0.0,lin:hbi,1.0,1.0,-0.9676180041899444,3.822057044324125e-07,10.0
C18n_QI46,squared_exponential,study_days,-4.8,0.0,squared_exponential:study_days,,,,,
C18n_QI46,lin,study_days,-1.0,0.0,lin:study_days,,,,,
C18n_QI46,squared_exponential,age,15.0,0.847,squared_exponential:age,,,,,
C18n_QI46,lin,age,-1.0,0.0,lin:age,,,,,
C18n_QI46,squared_exponential,time_from_max,-4.8,0.0,squared_exponential:time_from_max,0.5,1.0,-4.804530683416033,1.2673836695364257e-05,120.0
C18n_QI46,lin,time_from_max,-1.0,0.0,lin:time_from_max,0.5,1.0,-0.96756589340157,2.9746758945918567e-06,120.0
C18n_QI47,categorical,participant_id,-1.0,0.0,categorical:participant_id,,,,,
C18n_QI47,categorical,site_name,-0.4,0.067,categorical:site_name,,,,,
C18n_QI47,categorical,race,-1.0,0.0,categorical:race,,,,,
C18n_QI47,categorical,sex,-1.0,0.0,categorical:sex,,,,,
C18n_QI47,categorical,general_wellbeing,-1.0,0.0,categorical:general_wellbeing,,,,,
C18n_QI47,squared_exponential,hbi,-5.5,0.087,squared_exponential:hbi,0.5,1.0,-4.806211443074517,0.781681944083327,60.0
C18n_QI47,lin,hbi,-1.0,0.0,lin:hbi,0.5,1.0,-0.967531757353072,8.294396947418295e-06,60.0
C18n_QI47,squared_exponential,study_days,-4.8,0.0,squared_exponential:study_days,,,,,
C18n_QI47,lin,study_days,-1.0,0.0,lin:study_days,,,,,
C18n_QI47,squared_exponential,age,-4.3,0.154,squared_exponential:age,,,,,
C18n_QI47,lin,age,-1.0,0.0,lin:age,,,,,
C18n_QI47,squared_exponential,time_from_max,-4.8,0.0,squared_exponential:time_from_max,1.0,1.0,-4.804464201084102,1.7109382795161133e-07,10.0
C18n_QI47,lin,time_from_max,-1.0,0.0,lin:time_from_max,1.0,1.0,-0.9675478919600664,1.7772688394912126e-07,10.0
C18n_QI48,categorical,participant_id,-1.0,0.0,categorical:participant_id,,,,,
C18n_QI48,categorical,site_name,-1.0,0.0,categorical:site_name,,,,,
C18n_QI48,categorical,race,-1.0,0.0,categorical:race,,,,,
C18n_QI48,categorical,sex,-1.0,0.0,categorical:sex,,,,,
C18n_QI48,categorical,general_wellbeing,-1.0,0.0,categorical:general_wellbeing,,,,,
C18n_QI48,squared_exponential,hbi,-4.8,0.0,squared_exponential:hbi,0.5,1.0,-4.804454559740407,7.47728358392436e-06,60.0
C18n_QI48,lin,hbi,-1.2,0.469,lin:hbi,0.5,1.0,-0.9676031978765424,0.0002440546950069,60.0
C18n_QI48,squared_exponential,study_days,-4.8,0.0,squared_exponential:study_days,,,,,
C18n_QI48,lin,study_days,-1.0,0.0,lin:study_days,,,,,
C18n_QI48,squared_exponential,age,-4.8,0.0,squared_exponential:age,,,,,
C18n_QI48,lin,age,-0.7,1.0,lin:age,,,,,
C18n_QI48,squared_exponential,time_from_max,-4.8,0.0,squared_exponential:time_from_max,1.0,1.0,-4.80446048002068,3.030422464901674e-07,120.0
C18n_QI48,lin,time_from_max,-1.0,0.0,lin:time_from_max,0.5,1.0,-0.967534019373943,2.434560903864587e-06,120.0
C18n_QI49,categorical,participant_id,48.8,1.0,categorical:participant_id,,,,,
C18n_QI49,categorical,site_name,-1.0,0.0,categorical:site_name,,,,,
C18n_QI49,categorical,race,-1.0,0.0,categorical:race,,,,,
C18n_QI49,categorical,sex,-1.0,0.0,categorical:sex,,,,,
C18n_QI49,categorical,general_wellbeing,-1.0,0.0,categorical:general_wellbeing,,,,,
C18n_QI49,squared_exponential,hbi,-4.8,0.0,squared_exponential:hbi,0.5,1.0,-4.804472882176469,0.0012225867523765,60.0
C18n_QI49,lin,hbi,0.6,0.042,lin:hbi,5.104645227160809e-05,0.0003998638761275,-0.967540869856748,0.178040954942338,60.0
C18n_QI49,squared_exponential,study_days,-4.8,0.0,squared_exponential:study_days,,,,,
C18n_QI49,lin,study_days,-1.0,0.0,lin:study_days,,,,,
C18n_QI49,squared_exponential,age,-4.8,0.0,squared_exponential:age,,,,,
C18n_QI49,lin,age,-1.0,0.0,lin:age,,,,,
C18n_QI49,squared_exponential,time_from_max,-4.8,0.0,squared_exponential:time_from_max,1.0,1.0,-4.804452433129427,2.9823185676188226e-07,10.0
C18n_QI49,lin,time_from_max,-1.0,0.0,lin:time_from_max,1.0,1.0,-0.968158137577575,6.763792566374818e-07,10.0
C18n_QI50,categorical,participant_id,-1.0,0.0,categorical:participant_id,,,,,
C18n_QI50,categorical,site_name,-1.0,0.0,categorical:site_name,,,,,
C18n_QI50,categorical,race,-1.6,0.499,categorical:race,,,,,
C18n_QI50,categorical,sex,-1.0,0.0,categorical:sex,,,,,
C18n_QI50,categorical,general_wellbeing,-1.0,0.0,categorical:general_wellbeing,,,,,
C18n_QI50,squared_exponential,hbi,-4.8,0.0,squared_exponential:hbi,0.5,1.0,-4.804458909072309,2.0027184173239667e-05,60.0
C18n_QI50,lin,hbi,-1.6,0.193,lin:hbi,0.5,1.0,-0.968206707853824,0.4464319466027668,60.0
C18n_QI50,squared_exponential,study_days,-4.8,0.0,squared_exponential:study_days,,,,,
C18n_QI50,lin,study_days,-1.0,0.0,lin:study_days,,,,,
C18n_QI50,squared_exponential,age,-4.8,0.0,squared_exponential:age,,,,,
C18n_QI50,lin,age,-0.5,0.492,lin:age,,,,,
C18n_QI50,squared_exponential,time_from_max,-4.8,0.0,squared_exponential:time_from_max,0.5,1.0,-4.804714571689146,3.039605295553916e-06,120.0
C18n_QI50,lin,time_from_max,-1.0,0.0,lin:time_from_max,0.5,1.0,-0.967532816473522,2.677513201493735e-06,120.0
C18n_QI51,categorical,participant_id,26.1,1.0,categorical:participant_id,,,,,
C18n_QI51,categorical,site_name,-1.0,0.0,categorical:site_name,,,,,
C18n_QI51,categorical,race,-1.0,0.0,categorical:race,,,,,
C18n_QI51,categorical,sex,-1.0,0.0,categorical:sex,,,,,
C18n_QI51,categorical,general_wellbeing,-1.0,0.0,categorical:general_wellbeing,,,,,
C18n_QI51,squared_exponential,hbi,-4.8,0.0,squared_exponential:hbi,1.0,1.0,-4.8044586036451165,5.254659153480101e-07,10.0
C18n_QI51,lin,hbi,-1.0,0.0,lin:hbi,1.0,1.0,-0.9675267097763935,6.418220641195816e-07,10.0
C18n_QI51,squared_exponential,study_days,-4.8,0.0,squared_exponential:study_days,,,,,
C18n_QI51,lin,study_days,-1.0,0.0,lin:study_days,,,,,
C18n_QI51,squared_exponential,age,-4.8,0.0,squared_exponential:age,,,,,
C18n_QI51,lin,age,-1.0,0.0,lin:age,,,,,
C18n_QI51,squared_exponential,time_from_max,-4.8,0.0,squared_exponential:time_from_max,1.0,1.0,-4.804488263393978,6.573879962911071e-07,10.0
C18n_QI51,lin,time_from_max,-1.0,0.0,lin:time_from_max,1.0,1.0,-0.9675264144509584,5.579875003079978e-07,10.0
C18n_QI52,categorical,participant_id,62.8,1.0,categorical:participant_id,,,,,
C18n_QI52,categorical,site_name,-1.0,0.0,categorical:site_name,,,,,
C18n_QI52,categorical,race,-1.0,0.0,categorical:race,,,,,
C18n_QI52,categorical,sex,-1.0,0.0,categorical:sex,,,,,
C18n_QI52,categorical,general_wellbeing,-1.0,0.0,categorical:general_wellbeing,,,,,
C18n_QI52,squared_exponential,hbi,-4.8,0.0,squared_exponential:hbi,1.0,1.0,-4.8044547533991135,6.060345226548923e-07,10.0
C18n_QI52,lin,hbi,-1.0,0.0,lin:hbi,1.0,1.0,-0.9675252904219178,3.483584329619208e-07,10.0
C18n_QI52,squared_exponential,study_days,-4.8,0.0,squared_exponential:study_days,,,,,
C18n_QI52,lin,study_days,-1.0,0.0,lin:study_days,,,,,
C18n_QI52,squared_exponential,age,-4.8,0.0,squared_exponential:age,,,,,
C18n_QI52,lin,age,-1.0,0.0,lin:age,,,,,
C18n_QI52,squared_exponential,time_from_max,-4.8,0.0,squared_exponential:time_from_max,1.0,1.0,-4.804454936419688,2.6119747961974e-07,10.0
C18n_QI52,lin,time_from_max,-1.0,0.0,lin:time_from_max,1.0,1.0,-0.967587512599266,3.314649785791115e-07,10.0
C18n_QI53,categorical,participant_id,36.2,1.0,categorical:participant_id,,,,,
C18n_QI53,categorical,site_name,-1.0,0.0,categorical:site_name,,,,,
C18n_QI53,categorical,race,-1.0,0.0,categorical:race,,,,,
C18n_QI53,categorical,sex,-1.0,0.0,categorical:sex,,,,,
C18n_QI53,categorical,general_wellbeing,-1.0,0.0,categorical:general_wellbeing,,,,,
C18n_QI53,squared_exponential,hbi,-4.8,0.0,squared_exponential:hbi,1.0,1.0,-4.804481851673927,1.882131003185301e-07,10.0
C18n_QI53,lin,hbi,-1.0,0.0,lin:hbi,1.0,1.0,-0.9676634899997224,2.802940667691366e-07,10.0
C18n_QI53,squared_exponential,study_days,-4.8,0.0,squared_exponential:study_days,,,,,
C18n_QI53,lin,study_days,-1.0,0.0,lin:study_days,,,,,
C18n_QI53,squared_exponential,age,-4.8,0.0,squared_exponential:age,,,,,
C18n_QI53,lin,age,-1.0,0.0,lin:age,,,,,
C18n_QI53,squared_exponential,time_from_max,-4.8,0.0,squared_exponential:time_from_max,1.0,1.0,-4.804459836395381,7.809734379223546e-07,10.0
C18n_QI53,lin,time_from_max,-1.0,0.0,lin:time_from_max,1.0,1.0,-0.9676728748256664,5.69729323235399e-07,10.0
C18n_QI54,categorical,participant_id,57.6,1.0,categorical:participant_id,,,,,
C18n_QI54,categorical,site_name,-1.0,0.0,categorical:site_name,,,,,
C18n_QI54,categorical,race,-1.0,0.0,categorical:race,,,,,
C18n_QI54,categorical,sex,-1.0,0.0,categorical:sex,,,,,
C18n_QI54,categorical,general_wellbeing,-1.0,0.0,categorical:general_wellbeing,,,,,
C18n_QI54,squared_exponential,hbi,-4.8,0.0,squared_exponential:hbi,0.5,1.0,-4.80445665643947,1.0087021204086528e-05,60.0
C18n_QI54,lin,hbi,0.8,0.034,lin:hbi,5.104645227160809e-05,0.0003998638761275,-0.9679697527758436,0.2501940963264255,60.0
C18n_QI54,squared_exponential,study_days,-4.8,0.0,squared_exponential:study_days,,,,,
C18n_QI54,lin,study_days,-1.0,0.0,lin:study_days,,,,,
C18n_QI54,squared_exponential,age,-4.8,0.0,squared_exponential:age,,,,,
C18n_QI54,lin,age,-1.0,0.0,lin:age,,,,,
C18n_QI54,squared_exponential,time_from_max,-4.8,0.0,squared_exponential:time_from_max,1.0,1.0,-4.80445515970905,7.36517092730865e-07,120.0
C18n_QI54,lin,time_from_max,-1.0,0.0,lin:time_from_max,0.5,1.0,-0.967524977215362,1.0738301902240415e-06,120.0
C18n_QI55,categorical,participant_id,39.2,0.948,categorical:participant_id,,,,,
C18n_QI55,categorical,site_name,-1.0,0.0,categorical:site_name,,,,,
C18n_QI55,categorical,race,-1.0,0.0,categorical:race,,,,,
C18n_QI55,categorical,sex,-1.0,0.0,categorical:sex,,,,,
C18n_QI55,categorical,general_wellbeing,-1.0,0.0,categorical:general_wellbeing,,,,,
C18n_QI55,squared_exponential,hbi,-4.8,0.0,squared_exponential:hbi,1.0,1.0,-4.804452516264519,1.412959491288745e-08,10.0
C18n_QI55,lin,hbi,-1.0,0.0,lin:hbi,1.0,1.0,-0.9675257849405624,9.24389102318796e-09,10.0
C18n_QI55,squared_exponential,study_days,-4.8,0.0,squared_exponential:study_days,,,,,
C18n_QI55,lin,study_days,-1.0,0.0,lin:study_days,,,,,
C18n_QI55,squared_exponential,age,-4.8,0.0,squared_exponential:age,,,,,
C18n_QI55,lin,age,-1.0,0.0,lin:age,,,,,
C18n_QI55,squared_exponential,time_from_max,-4.8,0.0,squared_exponential:time_from_max,0.5,1.0,-4.80445424513232,8.60306378596141e-06,120.0
C18n_QI55,lin,time_from_max,-1.0,0.015,lin:time_from_max,0.5,1.0,-0.9676140923077128,0.3432025079542842,120.0
C18n_QI56,categorical,participant_id,67.2,0.661,categorical:participant_id,,,,,
C18n_QI56,categorical,site_name,-1.0,0.0,categorical:site_name,,,,,
C18n_QI56,categorical,race,-1.0,0.0,categorical:race,,,,,
C18n_QI56,categorical,sex,-1.0,0.0,categorical:sex,,,,,
C18n_QI56,categorical,general_wellbeing,-2.1,0.008,categorical:general_wellbeing,,,,,
C18n_QI56,squared_exponential,hbi,-4.8,0.0,squared_exponential:hbi,0.5,1.0,-4.80445638740548,4.9969099162587486e-05,60.0
C18n_QI56,lin,hbi,11.2,0.041,lin:hbi,5.104645227160809e-05,0.0003998638761275,-0.9692080090071612,0.926170147698462,60.0
C18n_QI56,squared_exponential,study_days,-5.5,0.017,squared_exponential:study_days,,,,,
C18n_QI56,lin,study_days,-1.0,0.0,lin:study_days,,,,,
C18n_QI56,squared_exponential,age,-4.8,0.0,squared_exponential:age,,,,,
C18n_QI56,lin,age,-1.0,0.0,lin:age,,,,,
C18n_QI56,squared_exponential,time_from_max,-4.8,0.0,squared_exponential:time_from_max,1.0,1.0,-4.80445267097798,3.189382697066125e-07,10.0
C18n_QI56,lin,time_from_max,-1.0,0.0,lin:time_from_max,1.0,1.0,-0.9675267652282854,7.053510775659527e-07,10.0
C18n_QI57,categorical,participant_id,44.6,0.887,categorical:participant_id,,,,,
C18n_QI57,categorical,site_name,-1.0,0.0,categorical:site_name,,,,,
C18n_QI57,categorical,race,-1.0,0.0,categorical:race,,,,,
C18n_QI57,categorical,sex,-1.0,0.0,categorical:sex,,,,,
C18n_QI57,categorical,general_wellbeing,-1.0,0.0,categorical:general_wellbeing,,,,,
C18n_QI57,squared_exponential,hbi,-4.8,0.0,squared_exponential:hbi,0.5,1.0,-4.804617573923906,5.200873654059424e-06,60.0
C18n_QI57,lin,hbi,10.3,0.121,lin:hbi,5.104645227160809e-05,0.0003998638761275,-0.9676073753714718,1.0673238290742253,60.0
C18n_QI57,squared_exponential,study_days,-4.8,0.0,squared_exponential:study_days,,,,,
C18n_QI57,lin,study_days,-1.0,0.0,lin:study_days,,,,,
C18n_QI57,squared_exponential,age,-4.8,0.0,squared_exponential:age,,,,,
C18n_QI57,lin,age,-1.0,0.0,lin:age,,,,,
C18n_QI57,squared_exponential,time_from_max,-4.8,0.0,squared_exponential:time_from_max,1.0,1.0,-4.804460480661646,1.8265907677961027e-07,10.0
C18n_QI57,lin,time_from_max,-1.0,0.0,lin:time_from_max,1.0,1.0,-0.9675367915926928,2.9663030553435e-07,10.0
C18n_QI58,categorical,participant_id,34.7,0.423,categorical:participant_id,,,,,
C18n_QI58,categorical,site_name,-0.0,0.0,categorical:site_name,,,,,
C18n_QI58,categorical,race,-1.0,0.0,categorical:race,,,,,
C18n_QI58,categorical,sex,-1.0,0.0,categorical:sex,,,,,
C18n_QI58,categorical,general_wellbeing,-1.0,0.0,categorical:general_wellbeing,,,,,
C18n_QI58,squared_exponential,hbi,-4.8,0.0,squared_exponential:hbi,0.5,1.0,-4.804454285065731,7.632619411647401e-06,60.0
C18n_QI58,lin,hbi,5.0,0.026,lin:hbi,5.104645227160809e-05,0.0003998638761275,-0.9678319554698191,0.4751235024842906,60.0
C18n_QI58,squared_exponential,study_days,-4.8,0.0,squared_exponential:study_days,,,,,
C18n_QI58,lin,study_days,-1.0,0.0,lin:study_days,,,,,
C18n_QI58,squared_exponential,age,-4.8,0.0,squared_exponential:age,,,,,
C18n_QI58,lin,age,-1.0,0.0,lin:age,,,,,
C18n_QI58,squared_exponential,time_from_max,-4.8,0.0,squared_exponential:time_from_max,1.0,1.0,-4.804458047695334,4.239536274527633e-08,10.0
C18n_QI58,lin,time_from_max,-1.0,0.0,lin:time_from_max,1.0,1.0,-0.967525918066258,4.137802779693454e-08,10.0
C18n_QI59,categorical,participant_id,57.5,0.574,categorical:participant_id,,,,,
C18n_QI59,categorical,site_name,-1.0,0.0,categorical:site_name,,,,,
C18n_QI59,categorical,race,-1.0,0.0,categorical:race,,,,,
C18n_QI59,categorical,sex,-1.0,0.0,categorical:sex,,,,,
C18n_QI59,categorical,general_wellbeing,-1.2,0.017,categorical:general_wellbeing,,,,,
C18n_QI59,squared_exponential,hbi,-4.8,0.0,squared_exponential:hbi,0.5,1.0,-4.804459253544337,2.69977681754194e-05,60.0
C18n_QI59,lin,hbi,5.8,0.023,lin:hbi,5.104645227160809e-05,0.0003998638761275,-0.9700537795654328,0.5437342894486454,60.0
C18n_QI59,squared_exponential,study_days,-6.0,0.039,squared_exponential:study_days,,,,,
C18n_QI59,lin,study_days,-1.0,0.0,lin:study_days,,,,,
C18n_QI59,squared_exponential,age,-4.8,0.0,squared_exponential:age,,,,,
C18n_QI59,lin,age,-1.0,0.0,lin:age,,,,,
C18n_QI59,squared_exponential,time_from_max,-6.1,0.015,squared_exponential:time_from_max,0.5,1.0,-4.805640745574692,0.4925371803586746,120.0
C18n_QI59,lin,time_from_max,-1.0,0.0,lin:time_from_max,0.5,1.0,-0.9677775628904328,2.106310795168102e-05,120.0
C18n_QI60,categorical,participant_id,80.0,0.918,categorical:participant_id,,,,,
C18n_QI60,categorical,site_name,-1.0,0.0,categorical:site_name,,,,,
C18n_QI60,categorical,race,-1.0,0.0,categorical:race,,,,,
C18n_QI60,categorical,sex,-1.0,0.0,categorical:sex,,,,,
C18n_QI60,categorical,general_wellbeing,-1.0,0.0,categorical:general_wellbeing,,,,,
C18n_QI60,squared_exponential,hbi,-4.8,0.0,squared_exponential:hbi,1.0,1.0,-4.804456283253558,8.09055411838568e-08,10.0
C18n_QI60,lin,hbi,-1.0,0.0,lin:hbi,1.0,1.0,-0.9675291908426972,7.44307141480709e-08,10.0
C18n_QI60,squared_exponential,study_days,-4.8,0.0,squared_exponential:study_days,,,,,
C18n_QI60,lin,study_days,-1.0,0.0,lin:study_days,,,,,
C18n_QI60,squared_exponential,age,-4.8,0.0,squared_exponential:age,,,,,
C18n_QI60,lin,age,-1.0,0.0,lin:age,,,,,
C18n_QI60,squared_exponential,time_from_max,-4.8,0.0,squared_exponential:time_from_max,0.5,1.0,-4.80445624936533,2.5127563814489703e-05,120.0
C18n_QI60,lin,time_from_max,1.9,0.021,lin:time_from_max,0.0032398541868269,0.3654555522740776,-0.9676893930875394,0.6552828674484232,120.0
C18n_QI61,categorical,participant_id,54.0,0.757,categorical:participant_id,,,,,
C18n_QI61,categorical,site_name,-1.0,0.0,categorical:site_name,,,,,
C18n_QI61,categorical,race,-1.0,0.0,categorical:race,,,,,
C18n_QI61,categorical,sex,-1.0,0.0,categorical:sex,,,,,
C18n_QI61,categorical,general_wellbeing,-1.0,0.0,categorical:general_wellbeing,,,,,
C18n_QI61,squared_exponential,hbi,-4.8,0.0,squared_exponential:hbi,0.5,1.0,-4.804468131360409,2.7603198327481272e-05,60.0
C18n_QI61,lin,hbi,6.2,0.052,lin:hbi,5.104645227160809e-05,0.0003998638761275,-0.9680857463065422,0.7011143265953779,60.0
C18n_QI61,squared_exponential,study_days,-5.3,0.031,squared_exponential:study_days,,,,,
C18n_QI61,lin,study_days,-1.0,0.0,lin:study_days,,,,,
C18n_QI61,squared_exponential,age,-4.8,0.0,squared_exponential:age,,,,,
C18n_QI61,lin,age,-1.0,0.0,lin:age,,,,,
C18n_QI61,squared_exponential,time_from_max,-4.8,0.0,squared_exponential:time_from_max,0.5,1.0,-4.804473068711332,2.2880411435658098e-06,120.0
C18n_QI61,lin,time_from_max,-1.0,0.0,lin:time_from_max,0.5,1.0,-0.9675425600826202,1.8094725857397304e-06,120.0
C18n_QI62,categorical,participant_id,47.0,0.954,categorical:participant_id,,,,,
C18n_QI62,categorical,site_name,-1.0,0.0,categorical:site_name,,,,,
C18n_QI62,categorical,race,-1.0,0.0,categorical:race,,,,,
C18n_QI62,categorical,sex,-1.0,0.0,categorical:sex,,,,,
C18n_QI62,categorical,general_wellbeing,-1.0,0.0,categorical:general_wellbeing,,,,,
C18n_QI62,squared_exponential,hbi,-4.8,0.0,squared_exponential:hbi,0.5,1.0,-4.80445972236862,8.329059953821134e-06,60.0
C18n_QI62,lin,hbi,-0.7,0.025,lin:hbi,0.0938461538461539,0.3267236467236469,-0.9678596019934956,0.3632861235423784,60.0
C18n_QI62,squared_exponential,study_days,-4.8,0.0,squared_exponential:study_days,,,,,
C18n_QI62,lin,study_days,-1.0,0.0,lin:study_days,,,,,
C18n_QI62,squared_exponential,age,-4.8,0.0,squared_exponential:age,,,,,
C18n_QI62,lin,age,-1.0,0.0,lin:age,,,,,
C18n_QI62,squared_exponential,time_from_max,-4.8,0.0,squared_exponential:time_from_max,1.0,1.0,-4.804454306246043,6.949882917155802e-08,10.0
C18n_QI62,lin,time_from_max,-1.0,0.0,lin:time_from_max,1.0,1.0,-0.9675795213829588,7.05613834999616e-08,10.0
C18n_QI63,categorical,participant_id,76.3,0.605,categorical:participant_id,,,,,
C18n_QI63,categorical,site_name,-1.0,0.0,categorical:site_name,,,,,
C18n_QI63,categorical,race,-1.0,0.0,categorical:race,,,,,
C18n_QI63,categorical,sex,-1.0,0.0,categorical:sex,,,,,
C18n_QI63,categorical,general_wellbeing,-1.0,0.0,categorical:general_wellbeing,,,,,
C18n_QI63,squared_exponential,hbi,-4.8,0.0,squared_exponential:hbi,0.5,1.0,-4.804601979830977,3.195394285367306e-05,60.0
C18n_QI63,lin,hbi,-0.9,0.004,lin:hbi,0.1307692307692307,0.4338461538461537,-0.9677399422735108,0.3292684823808381,60.0
C18n_QI63,squared_exponential,study_days,-4.8,0.0,squared_exponential:study_days,,,,,
C18n_QI63,lin,study_days,-1.0,0.0,lin:study_days,,,,,
C18n_QI63,squared_exponential,age,-4.8,0.0,squared_exponential:age,,,,,
C18n_QI63,lin,age,-1.0,0.0,lin:age,,,,,
C18n_QI63,squared_exponential,time_from_max,-4.8,0.0,squared_exponential:time_from_max,1.0,1.0,-4.804456087074641,1.1478128629467174e-07,10.0
C18n_QI63,lin,time_from_max,-1.0,0.0,lin:time_from_max,1.0,1.0,-0.96752938899499,1.249249593087617e-07,10.0
C18n_QI64,categorical,participant_id,60.3,1.0,categorical:participant_id,,,,,
C18n_QI64,categorical,site_name,-1.0,0.0,categorical:site_name,,,,,
C18n_QI64,categorical,race,-1.0,0.0,categorical:race,,,,,
C18n_QI64,categorical,sex,-1.0,0.0,categorical:sex,,,,,
C18n_QI64,categorical,general_wellbeing,-1.0,0.0,categorical:general_wellbeing,,,,,
C18n_QI64,squared_exponential,hbi,-4.8,0.0,squared_exponential:hbi,1.0,1.0,-4.804453623960171,3.079806043994203e-08,10.0
C18n_QI64,lin,hbi,-1.0,0.0,lin:hbi,1.0,1.0,-0.9675394386686094,5.04953918438784e-08,10.0
C18n_QI64,squared_exponential,study_days,-4.8,0.0,squared_exponential:study_days,,,,,
C18n_QI64,lin,study_days,-1.0,0.0,lin:study_days,,,,,
C18n_QI64,squared_exponential,age,-4.8,0.0,squared_exponential:age,,,,,
C18n_QI64,lin,age,-1.0,0.0,lin:age,,,,,
C18n_QI64,squared_exponential,time_from_max,-4.8,0.0,squared_exponential:time_from_max,1.0,1.0,-4.804453666009295,3.183561385725132e-08,10.0
C18n_QI64,lin,time_from_max,-1.0,0.0,lin:time_from_max,1.0,1.0,-0.9675311823598348,1.87967941924526e-08,10.0
C18n_QI65,categorical,participant_id,64.8,0.815,categorical:participant_id,,,,,
C18n_QI65,categorical,site_name,-1.0,0.0,categorical:site_name,,,,,
C18n_QI65,categorical,race,-1.0,0.0,categorical:race,,,,,
C18n_QI65,categorical,sex,-1.0,0.0,categorical:sex,,,,,
C18n_QI65,categorical,general_wellbeing,-1.0,0.0,categorical:general_wellbeing,,,,,
C18n_QI65,squared_exponential,hbi,-4.8,0.0,squared_exponential:hbi,0.5,1.0,-4.804462094623204,3.09919594497916e-05,60.0
C18n_QI65,lin,hbi,6.7,0.047,lin:hbi,5.104645227160809e-05,0.0003998638761275,-0.9687599476897047,0.7433675883030042,60.0
C18n_QI65,squared_exponential,study_days,-5.9,0.029,squared_exponential:study_days,,,,,
C18n_QI65,lin,study_days,-1.0,0.0,lin:study_days,,,,,
C18n_QI65,squared_exponential,age,-4.8,0.0,squared_exponential:age,,,,,
C18n_QI65,lin,age,-1.0,0.0,lin:age,,,,,
C18n_QI65,squared_exponential,time_from_max,-4.8,0.0,squared_exponential:time_from_max,1.0,1.0,-4.8045017988361,1.988361139503334e-07,10.0
C18n_QI65,lin,time_from_max,-1.0,0.0,lin:time_from_max,1.0,1.0,-0.967610196978967,1.897499808173804e-07,10.0
C18n_QI66,categorical,participant_id,50.4,0.838,categorical:participant_id,,,,,
C18n_QI66,categorical,site_name,-1.0,0.0,categorical:site_name,,,,,
C18n_QI66,categorical,race,-1.0,0.0,categorical:race,,,,,
C18n_QI66,categorical,sex,-1.4,0.0,categorical:sex,,,,,
C18n_QI66,categorical,general_wellbeing,-1.0,0.0,categorical:general_wellbeing,,,,,
C18n_QI66,squared_exponential,hbi,-4.8,0.0,squared_exponential:hbi,0.5,1.0,-4.804455187134863,1.0488677447706866e-05,60.0
C18n_QI66,lin,hbi,0.7,0.02,lin:hbi,0.0171609436036381,0.076815652321047,-0.9682037606155518,0.4942045504216484,60.0
C18n_QI66,squared_exponential,study_days,-5.2,0.043,squared_exponential:study_days,,,,,
C18n_QI66,lin,study_days,-1.0,0.0,lin:study_days,,,,,
C18n_QI66,squared_exponential,age,-4.8,0.0,squared_exponential:age,,,,,
C18n_QI66,lin,age,-1.0,0.0,lin:age,,,,,
C18n_QI66,squared_exponential,time_from_max,-4.8,0.0,squared_exponential:time_from_max,1.0,1.0,-4.8044550199713285,5.244631031817232e-09,10.0
C18n_QI66,lin,time_from_max,-1.0,0.0,lin:time_from_max,1.0,1.0,-0.9675279357679756,8.176983675420428e-09,10.0
C18n_TF5,categorical,participant_id,-1.0,0.0,categorical:participant_id,,,,,
C18n_TF5,categorical,site_name,-1.0,0.0,categorical:site_name,,,,,
C18n_TF5,categorical,race,-1.0,0.0,categorical:race,,,,,
C18n_TF5,categorical,sex,-1.0,0.0,categorical:sex,,,,,
C18n_TF5,categorical,general_wellbeing,-1.0,0.0,categorical:general_wellbeing,,,,,
C18n_TF5,squared_exponential,hbi,-4.8,0.0,squared_exponential:hbi,1.0,1.0,-4.804452805007941,1.5348501230744808e-08,10.0
C18n_TF5,lin,hbi,-1.0,0.0,lin:hbi,1.0,1.0,-0.96752576467361,3.750746970846901e-08,10.0
C18n_TF5,squared_exponential,study_days,-4.8,0.0,squared_exponential:study_days,,,,,
C18n_TF5,lin,study_days,-1.0,0.0,lin:study_days,,,,,
C18n_TF5,squared_exponential,age,-4.8,0.0,squared_exponential:age,,,,,
C18n_TF5,lin,age,0.9,1.0,lin:age,,,,,
C18n_TF5,squared_exponential,time_from_max,-4.8,0.0,squared_exponential:time_from_max,1.0,1.0,-4.804452688107631,8.4652225975959e-08,10.0
C18n_TF5,lin,time_from_max,-1.0,0.0,lin:time_from_max,1.0,1.0,-0.9675259430423466,1.39296402197672e-07,10.0
C18n_QI67,categorical,participant_id,69.1,0.824,categorical:participant_id,,,,,
C18n_QI67,categorical,site_name,-1.0,0.0,categorical:site_name,,,,,
C18n_QI67,categorical,race,-1.0,0.0,categorical:race,,,,,
C18n_QI67,categorical,sex,-1.0,0.0,categorical:sex,,,,,
C18n_QI67,categorical,general_wellbeing,-1.0,0.0,categorical:general_wellbeing,,,,,
C18n_QI67,squared_exponential,hbi,-4.8,0.0,squared_exponential:hbi,0.5,1.0,-4.804454225853306,1.03938980848136e-05,60.0
C18n_QI67,lin,hbi,1.1,0.023,lin:hbi,0.0569230769230768,0.207126550868486,-0.9679015177850944,1.372342087245792,60.0
C18n_QI67,squared_exponential,study_days,-4.8,0.0,squared_exponential:study_days,,,,,
C18n_QI67,lin,study_days,-1.4,0.011,lin:study_days,,,,,
C18n_QI67,squared_exponential,age,-4.8,0.0,squared_exponential:age,,,,,
C18n_QI67,lin,age,-1.0,0.0,lin:age,,,,,
C18n_QI67,squared_exponential,time_from_max,-4.8,0.0,squared_exponential:time_from_max,1.0,1.0,-4.804465912255637,1.3191308060785241e-08,10.0
C18n_QI67,lin,time_from_max,-1.0,0.0,lin:time_from_max,1.0,1.0,-0.9675415273550242,6.555800928009087e-09,10.0
C18n_QI68,categorical,participant_id,-1.0,0.0,categorical:participant_id,,,,,
C18n_QI68,categorical,site_name,0.5,0.097,categorical:site_name,,,,,
C18n_QI68,categorical,race,-1.0,0.0,categorical:race,,,,,
C18n_QI68,categorical,sex,-0.2,0.021,categorical:sex,,,,,
C18n_QI68,categorical,general_wellbeing,-1.0,0.0,categorical:general_wellbeing,,,,,
C18n_QI68,squared_exponential,hbi,-4.8,0.0,squared_exponential:hbi,1.0,1.0,-4.8044529769786095,1.416679350536844e-07,10.0
C18n_QI68,lin,hbi,-1.0,0.0,lin:hbi,1.0,1.0,-0.9675262807427316,1.1859268903666985e-07,10.0
C18n_QI68,squared_exponential,study_days,-4.8,0.0,squared_exponential:study_days,,,,,
C18n_QI68,lin,study_days,-1.0,0.0,lin:study_days,,,,,
C18n_QI68,squared_exponential,age,-0.8,0.368,squared_exponential:age,,,,,
C18n_QI68,lin,age,-1.0,0.0,lin:age,,,,,
C18n_QI68,squared_exponential,time_from_max,-4.8,0.0,squared_exponential:time_from_max,1.0,1.0,-4.804454399958786,9.72552793679319e-08,10.0
C18n_QI68,lin,time_from_max,-1.0,0.0,lin:time_from_max,1.0,1.0,-0.9675257238393442,1.0898647447314033e-07,10.0
C18n_QI69,categorical,participant_id,117.0,1.0,categorical:participant_id,,,,,
C18n_QI69,categorical,site_name,-1.0,0.0,categorical:site_name,,,,,
C18n_QI69,categorical,race,-1.0,0.0,categorical:race,,,,,
C18n_QI69,categorical,sex,-1.0,0.0,categorical:sex,,,,,
C18n_QI69,categorical,general_wellbeing,-1.0,0.0,categorical:general_wellbeing,,,,,
C18n_QI69,squared_exponential,hbi,-4.8,0.0,squared_exponential:hbi,1.0,1.0,-4.804453067554277,4.5923452354356676e-08,10.0
C18n_QI69,lin,hbi,-1.0,0.0,lin:hbi,1.0,1.0,-0.9682085382962669,2.872001336739532e-08,10.0
C18n_QI69,squared_exponential,study_days,-4.8,0.0,squared_exponential:study_days,,,,,
C18n_QI69,lin,study_days,-1.0,0.0,lin:study_days,,,,,
C18n_QI69,squared_exponential,age,-4.8,0.0,squared_exponential:age,,,,,
C18n_QI69,lin,age,-1.0,0.0,lin:age,,,,,
C18n_QI69,squared_exponential,time_from_max,-4.8,0.0,squared_exponential:time_from_max,1.0,1.0,-4.804457156901208,4.4181014214148545e-08,10.0
C18n_QI69,lin,time_from_max,-1.0,0.0,lin:time_from_max,1.0,1.0,-0.9675263175506644,3.4025303124963885e-08,10.0
C18n_QI70,categorical,participant_id,101.7,1.0,categorical:participant_id,,,,,
C18n_QI70,categorical,site_name,-1.0,0.0,categorical:site_name,,,,,
C18n_QI70,categorical,race,-1.0,0.0,categorical:race,,,,,
C18n_QI70,categorical,sex,-1.0,0.0,categorical:sex,,,,,
C18n_QI70,categorical,general_wellbeing,-1.0,0.0,categorical:general_wellbeing,,,,,
C18n_QI70,squared_exponential,hbi,-4.8,0.0,squared_exponential:hbi,1.0,1.0,-4.804452809471968,9.914777618665685e-09,10.0
C18n_QI70,lin,hbi,-1.0,0.0,lin:hbi,1.0,1.0,-0.9675260398767024,8.844449788391896e-09,10.0
C18n_QI70,squared_exponential,study_days,-4.8,0.0,squared_exponential:study_days,,,,,
C18n_QI70,lin,study_days,-1.0,0.0,lin:study_days,,,,,
C18n_QI70,squared_exponential,age,-4.8,0.0,squared_exponential:age,,,,,
C18n_QI70,lin,age,-1.0,0.0,lin:age,,,,,
C18n_QI70,squared_exponential,time_from_max,-4.8,0.0,squared_exponential:time_from_max,1.0,1.0,-4.804452751445069,9.428162062554482e-09,10.0
C18n_QI70,lin,time_from_max,-1.0,0.0,lin:time_from_max,1.0,1.0,-0.9675260376973256,6.968406809694828e-09,10.0
C18n_QI73,categorical,participant_id,31.5,0.142,categorical:participant_id,,,,,
C18n_QI73,categorical,site_name,-1.0,0.0,categorical:site_name,,,,,
C18n_QI73,categorical,race,-1.0,0.0,categorical:race,,,,,
C18n_QI73,categorical,sex,-1.0,0.0,categorical:sex,,,,,
C18n_QI73,categorical,general_wellbeing,-1.0,0.0,categorical:general_wellbeing,,,,,
C18n_QI73,squared_exponential,hbi,-5.6,0.003,squared_exponential:hbi,0.5,1.0,-4.807913006124409,0.9539364828428109,60.0
C18n_QI73,lin,hbi,-1.0,0.0,lin:hbi,0.5,1.0,-0.9680199413721766,5.330576072142948e-05,60.0
C18n_QI73,squared_exponential,study_days,-4.8,0.0,squared_exponential:study_days,,,,,
C18n_QI73,lin,study_days,-1.0,0.0,lin:study_days,,,,,
C18n_QI73,squared_exponential,age,-6.6,0.0,squared_exponential:age,,,,,
C18n_QI73,lin,age,-2.5,0.001,lin:age,,,,,
C18n_QI73,squared_exponential,time_from_max,-5.3,0.005,squared_exponential:time_from_max,0.5,1.0,-4.806956820853657,0.3838893181484773,120.0
C18n_QI73,lin,time_from_max,-1.0,0.0,lin:time_from_max,0.5,1.0,-0.9678205932157198,6.415099502223504e-05,120.0
C18n_QI74,categorical,participant_id,1.4,0.856,categorical:participant_id,,,,,
C18n_QI74,categorical,site_name,-1.0,0.0,categorical:site_name,,,,,
C18n_QI74,categorical,race,-1.0,0.0,categorical:race,,,,,
C18n_QI74,categorical,sex,-1.0,0.0,categorical:sex,,,,,
C18n_QI74,categorical,general_wellbeing,-1.0,0.0,categorical:general_wellbeing,,,,,
C18n_QI74,squared_exponential,hbi,-4.8,0.0,squared_exponential:hbi,0.5,1.0,-4.804458970770384,5.89925140501558e-06,60.0
C18n_QI74,lin,hbi,0.8,0.144,lin:hbi,0.0037123836241795,0.0225138103659923,-0.9676704652270018,0.3222919293769861,60.0
C18n_QI74,squared_exponential,study_days,-4.8,0.0,squared_exponential:study_days,,,,,
C18n_QI74,lin,study_days,-1.0,0.0,lin:study_days,,,,,
C18n_QI74,squared_exponential,age,-4.8,0.0,squared_exponential:age,,,,,
C18n_QI74,lin,age,-1.0,0.0,lin:age,,,,,
C18n_QI74,squared_exponential,time_from_max,-4.8,0.0,squared_exponential:time_from_max,1.0,1.0,-4.804453075861829,7.949976042780137e-10,10.0
C18n_QI74,lin,time_from_max,-1.0,0.0,lin:time_from_max,1.0,1.0,-0.9675254737392152,3.727580146594553e-09,10.0
C18n_QI77,categorical,participant_id,-1.0,0.0,categorical:participant_id,,,,,
C18n_QI77,categorical,site_name,-1.0,0.0,categorical:site_name,,,,,
C18n_QI77,categorical,race,-1.0,0.0,categorical:race,,,,,
C18n_QI77,categorical,sex,-1.0,0.0,categorical:sex,,,,,
C18n_QI77,categorical,general_wellbeing,-1.0,0.0,categorical:general_wellbeing,,,,,
C18n_QI77,squared_exponential,hbi,-4.8,0.0,squared_exponential:hbi,1.0,1.0,-4.804458015841874,8.531532103082486e-08,10.0
C18n_QI77,lin,hbi,-1.0,0.0,lin:hbi,1.0,1.0,-0.9675272626136576,9.358287309647173e-08,10.0
C18n_QI77,squared_exponential,study_days,-4.8,0.0,squared_exponential:study_days,,,,,
C18n_QI77,lin,study_days,-1.0,0.0,lin:study_days,,,,,
C18n_QI77,squared_exponential,age,-5.7,1.0,squared_exponential:age,,,,,
C18n_QI77,lin,age,-1.0,0.0,lin:age,,,,,
C18n_QI77,squared_exponential,time_from_max,-4.8,0.0,squared_exponential:time_from_max,1.0,1.0,-4.804456614130004,8.029122257846893e-08,10.0
C18n_QI77,lin,time_from_max,-1.0,0.0,lin:time_from_max,1.0,1.0,-0.9675311104690536,9.67089901561217e-08,10.0
C18n_QI78,categorical,participant_id,28.5,1.0,categorical:participant_id,,,,,
C18n_QI78,categorical,site_name,-1.0,0.0,categorical:site_name,,,,,
C18n_QI78,categorical,race,-1.0,0.0,categorical:race,,,,,
C18n_QI78,categorical,sex,-1.0,0.0,categorical:sex,,,,,
C18n_QI78,categorical,general_wellbeing,-1.0,0.0,categorical:general_wellbeing,,,,,
C18n_QI78,squared_exponential,hbi,-4.8,0.0,squared_exponential:hbi,1.0,1.0,-4.804504561346448,6.3992509741543775e-09,10.0
C18n_QI78,lin,hbi,-1.0,0.0,lin:hbi,1.0,1.0,-0.967550353202796,3.0255758242655695e-08,10.0
C18n_QI78,squared_exponential,study_days,-4.8,0.0,squared_exponential:study_days,,,,,
C18n_QI78,lin,study_days,-1.0,0.0,lin:study_days,,,,,
C18n_QI78,squared_exponential,age,-4.8,0.0,squared_exponential:age,,,,,
C18n_QI78,lin,age,-1.0,0.0,lin:age,,,,,
C18n_QI78,squared_exponential,time_from_max,-4.8,0.0,squared_exponential:time_from_max,1.0,1.0,-4.804468196729431,6.5467945035384864e-09,10.0
C18n_QI78,lin,time_from_max,-1.0,0.0,lin:time_from_max,1.0,1.0,-0.967604189265785,1.8924935372840916e-08,10.0
C18n_QI79,categorical,participant_id,-1.0,0.0,categorical:participant_id,,,,,
C18n_QI79,categorical,site_name,4.7,0.623,categorical:site_name,,,,,
C18n_QI79,categorical,race,-1.0,0.0,categorical:race,,,,,
C18n_QI79,categorical,sex,0.5,0.271,categorical:sex,,,,,
C18n_QI79,categorical,general_wellbeing,-1.0,0.0,categorical:general_wellbeing,,,,,
C18n_QI79,squared_exponential,hbi,-4.8,0.0,squared_exponential:hbi,1.0,1.0,-4.804453564627465,1.320733465290356e-09,10.0
C18n_QI79,lin,hbi,-1.0,0.0,lin:hbi,1.0,1.0,-0.9675261407558082,2.312263428443977e-09,10.0
C18n_QI79,squared_exponential,study_days,-4.8,0.0,squared_exponential:study_days,,,,,
C18n_QI79,lin,study_days,-1.0,0.0,lin:study_days,,,,,
C18n_QI79,squared_exponential,age,-4.8,0.0,squared_exponential:age,,,,,
C18n_QI79,lin,age,-2.1,0.042,lin:age,,,,,
C18n_QI79,squared_exponential,time_from_max,-4.8,0.0,squared_exponential:time_from_max,1.0,1.0,-4.804452962656569,5.72316047099408e-10,10.0
C18n_QI79,lin,time_from_max,-1.0,0.0,lin:time_from_max,1.0,1.0,-0.9675261407157904,1.4415246569095164e-09,10.0
C18n_QI80,categorical,participant_id,-1.0,0.981,categorical:participant_id,,,,,
C18n_QI80,categorical,site_name,-1.0,0.982,categorical:site_name,,,,,
C18n_QI80,categorical,race,-1.0,1.0,categorical:race,,,,,
C18n_QI80,categorical,sex,-1.0,0.982,categorical:sex,,,,,
C18n_QI80,categorical,general_wellbeing,-1.0,1.0,categorical:general_wellbeing,,,,,
C18n_QI80,squared_exponential,hbi,-4.8,0.992,squared_exponential:hbi,1.0,1.0,-4.804454579564663,2.6958568869728872e-08,10.0
C18n_QI80,lin,hbi,-1.0,0.983,lin:hbi,1.0,1.0,-0.9675258760469204,2.1973602781109505e-08,10.0
C18n_QI80,squared_exponential,study_days,-4.8,0.987,squared_exponential:study_days,,,,,
C18n_QI80,lin,study_days,-1.0,0.999,lin:study_days,,,,,
C18n_QI80,squared_exponential,age,-4.8,0.994,squared_exponential:age,,,,,
C18n_QI80,lin,age,-1.0,0.98,lin:age,,,,,
C18n_QI80,squared_exponential,time_from_max,-4.8,0.99,squared_exponential:time_from_max,1.0,1.0,-4.8044528603684284,3.7808340052096026e-08,10.0
C18n_QI80,lin,time_from_max,-1.0,0.991,lin:time_from_max,1.0,1.0,-0.9675258282873074,4.505168932216349e-08,10.0
C18n_QI4788,categorical,participant_id,-1.0,1.0,categorical:participant_id,,,,,
C18n_QI4788,categorical,site_name,-1.0,1.0,categorical:site_name,,,,,
C18n_QI4788,categorical,race,-1.0,1.0,categorical:race,,,,,
C18n_QI4788,categorical,sex,-1.0,1.0,categorical:sex,,,,,
C18n_QI4788,categorical,general_wellbeing,-1.0,1.0,categorical:general_wellbeing,,,,,
C18n_QI4788,squared_exponential,hbi,-4.8,1.0,squared_exponential:hbi,1.0,1.0,-4.804452106258736,1.7671332266739328e-10,10.0
C18n_QI4788,lin,hbi,-1.0,1.0,lin:hbi,1.0,1.0,-0.9675252220121138,4.065110677683119e-10,10.0
C18n_QI4788,squared_exponential,study_days,-4.8,1.0,squared_exponential:study_days,,,,,
C18n_QI4788,lin,study_days,-1.0,1.0,lin:study_days,,,,,
C18n_QI4788,squared_exponential,age,-4.8,1.0,squared_exponential:age,,,,,
C18n_QI4788,lin,age,-1.0,1.0,lin:age,,,,,
C18n_QI4788,squared_exponential,time_from_max,-4.8,1.0,squared_exponential:time_from_max,1.0,1.0,-4.804451914542597,4.792659587230003e-10,10.0
C18n_QI4788,lin,time_from_max,-1.0,1.0,lin:time_from_max,1.0,1.0,-0.967525222636482,1.6560289028850403e-09,10.0
C18n_QI81,categorical,participant_id,-1.0,0.0,categorical:participant_id,,,,,
C18n_QI81,categorical,site_name,-1.0,0.0,categorical:site_name,,,,,
C18n_QI81,categorical,race,-1.7,0.345,categorical:race,,,,,
C18n_QI81,categorical,sex,-1.0,0.0,categorical:sex,,,,,
C18n_QI81,categorical,general_wellbeing,-1.0,0.0,categorical:general_wellbeing,,,,,
C18n_QI81,squared_exponential,hbi,-4.8,0.0,squared_exponential:hbi,1.0,1.0,-4.804452041184618,1.6636992797204283e-09,10.0
C18n_QI81,lin,hbi,-1.0,0.0,lin:hbi,1.0,1.0,-0.9675253524384289,2.2318417234915437e-09,10.0
C18n_QI81,squared_exponential,study_days,-4.8,0.0,squared_exponential:study_days,,,,,
C18n_QI81,lin,study_days,-1.0,0.0,lin:study_days,,,,,
C18n_QI81,squared_exponential,age,-4.8,0.0,squared_exponential:age,,,,,
C18n_QI81,lin,age,3.9,1.0,lin:age,,,,,
C18n_QI81,squared_exponential,time_from_max,-4.8,0.0,squared_exponential:time_from_max,1.0,1.0,-4.804452123751162,1.9700585653268607e-09,10.0
C18n_QI81,lin,time_from_max,-1.0,0.0,lin:time_from_max,1.0,1.0,-0.9675253502662144,1.529116437239239e-09,10.0
C18n_QI83,categorical,participant_id,-1.0,0.922,categorical:participant_id,,,,,
C18n_QI83,categorical,site_name,-1.0,0.926,categorical:site_name,,,,,
C18n_QI83,categorical,race,-1.0,0.912,categorical:race,,,,,
C18n_QI83,categorical,sex,-1.0,0.927,categorical:sex,,,,,
C18n_QI83,categorical,general_wellbeing,-1.0,0.931,categorical:general_wellbeing,,,,,
C18n_QI83,squared_exponential,hbi,-4.8,0.908,squared_exponential:hbi,1.0,1.0,-4.804451629417599,4.2690942726943034e-08,10.0
C18n_QI83,lin,hbi,-1.0,0.903,lin:hbi,1.0,1.0,-0.967524927057184,4.113722529541014e-08,10.0
C18n_QI83,squared_exponential,study_days,-4.8,0.927,squared_exponential:study_days,,,,,
C18n_QI83,lin,study_days,-1.0,0.937,lin:study_days,,,,,
C18n_QI83,squared_exponential,age,-4.8,0.927,squared_exponential:age,,,,,
C18n_QI83,lin,age,-1.0,0.953,lin:age,,,,,
C18n_QI83,squared_exponential,time_from_max,-4.8,0.93,squared_exponential:time_from_max,1.0,1.0,-4.804451754508364,6.48968503304518e-08,10.0
C18n_QI83,lin,time_from_max,-1.0,0.927,lin:time_from_max,1.0,1.0,-0.9675249749288924,4.9446394633970695e-08,10.0
C18n_QI84,categorical,participant_id,-1.0,0.0,categorical:participant_id,,,,,
C18n_QI84,categorical,site_name,-1.1,0.107,categorical:site_name,,,,,
C18n_QI84,categorical,race,-1.0,0.0,categorical:race,,,,,
C18n_QI84,categorical,sex,-0.8,0.095,categorical:sex,,,,,
C18n_QI84,categorical,general_wellbeing,-1.0,0.0,categorical:general_wellbeing,,,,,
C18n_QI84,squared_exponential,hbi,-4.2,0.266,squared_exponential:hbi,0.1676923076923077,1.0,-4.804703812310208,1.2761462124320693,60.0
C18n_QI84,lin,hbi,-1.0,0.0,lin:hbi,0.5,1.0,-0.9675277305163944,3.061515498722534e-05,60.0
C18n_QI84,squared_exponential,study_days,-4.8,0.0,squared_exponential:study_days,,,,,
C18n_QI84,lin,study_days,-1.0,0.0,lin:study_days,,,,,
C18n_QI84,squared_exponential,age,-5.7,0.171,squared_exponential:age,,,,,
C18n_QI84,lin,age,-1.0,0.0,lin:age,,,,,
C18n_QI84,squared_exponential,time_from_max,-4.7,0.228,squared_exponential:time_from_max,0.1184615384615384,1.0,-4.805607544923305,0.8463001636424876,120.0
C18n_QI84,lin,time_from_max,-1.0,0.0,lin:time_from_max,0.5,1.0,-0.9675270795455616,3.0344775656814592e-05,120.0
C18n_QI85,categorical,participant_id,-1.0,0.0,categorical:participant_id,,,,,
C18n_QI85,categorical,site_name,-1.0,0.0,categorical:site_name,,,,,
C18n_QI85,categorical,race,-1.0,0.0,categorical:race,,,,,
C18n_QI85,categorical,sex,-1.0,0.0,categorical:sex,,,,,
C18n_QI85,categorical,general_wellbeing,-1.0,0.0,categorical:general_wellbeing,,,,,
C18n_QI85,squared_exponential,hbi,-4.8,0.0,squared_exponential:hbi,1.0,1.0,-4.804460452602598,4.737003190590954e-07,10.0
C18n_QI85,lin,hbi,-1.0,0.0,lin:hbi,1.0,1.0,-0.9675275061158572,4.23308256564651e-07,10.0
C18n_QI85,squared_exponential,study_days,-4.8,0.0,squared_exponential:study_days,,,,,
C18n_QI85,lin,study_days,-1.0,0.0,lin:study_days,,,,,
C18n_QI85,squared_exponential,age,-5.9,1.0,squared_exponential:age,,,,,
C18n_QI85,lin,age,-1.0,0.0,lin:age,,,,,
C18n_QI85,squared_exponential,time_from_max,-4.8,0.0,squared_exponential:time_from_max,1.0,1.0,-4.804454951632124,3.293128572727487e-07,10.0
C18n_QI85,lin,time_from_max,-1.0,0.0,lin:time_from_max,1.0,1.0,-0.9675289976544263,2.964857442842892e-07,10.0
C18n_QI86,categorical,participant_id,68.5,0.92,categorical:participant_id,,,,,
C18n_QI86,categorical,site_name,-1.0,0.0,categorical:site_name,,,,,
C18n_QI86,categorical,race,-1.0,0.0,categorical:race,,,,,
C18n_QI86,categorical,sex,-1.0,0.0,categorical:sex,,,,,
C18n_QI86,categorical,general_wellbeing,-1.0,0.0,categorical:general_wellbeing,,,,,
C18n_QI86,squared_exponential,hbi,-4.8,0.0,squared_exponential:hbi,1.0,1.0,-4.804453445146919,4.5149311768741076e-08,10.0
C18n_QI86,lin,hbi,-1.0,0.0,lin:hbi,1.0,1.0,-0.9675266471717804,8.502988514472878e-08,10.0
C18n_QI86,squared_exponential,study_days,-5.7,0.028,squared_exponential:study_days,,,,,
C18n_QI86,lin,study_days,-1.0,0.0,lin:study_days,,,,,
C18n_QI86,squared_exponential,age,-4.8,0.0,squared_exponential:age,,,,,
C18n_QI86,lin,age,-1.0,0.0,lin:age,,,,,
C18n_QI86,squared_exponential,time_from_max,-4.8,0.0,squared_exponential:time_from_max,1.0,1.0,-4.8044588790457965,6.379801302669851e-08,10.0
C18n_QI86,lin,time_from_max,-1.0,0.0,lin:time_from_max,1.0,1.0,-0.9675270200555132,4.823603940108885e-08,10.0
C18n_TF8,categorical,participant_id,-1.0,0.0,categorical:participant_id,,,,,
C18n_TF8,categorical,site_name,-1.0,0.0,categorical:site_name,,,,,
C18n_TF8,categorical,race,-1.0,0.0,categorical:race,,,,,
C18n_TF8,categorical,sex,-1.0,0.0,categorical:sex,,,,,
C18n_TF8,categorical,general_wellbeing,-2.3,0.322,categorical:general_wellbeing,,,,,
C18n_TF8,squared_exponential,hbi,-4.8,0.0,squared_exponential:hbi,0.5,1.0,-4.804455313790868,1.0127640027729764e-05,60.0
C18n_TF8,lin,hbi,-1.8,0.171,lin:hbi,0.5,1.0,-0.9678413649389768,0.1951850040667298,60.0
C18n_TF8,squared_exponential,study_days,-4.8,0.0,squared_exponential:study_days,,,,,
C18n_TF8,lin,study_days,-1.0,0.0,lin:study_days,,,,,
C18n_TF8,squared_exponential,age,-1.2,0.802,squared_exponential:age,,,,,
C18n_TF8,lin,age,-1.0,0.0,lin:age,,,,,
C18n_TF8,squared_exponential,time_from_max,-4.8,0.0,squared_exponential:time_from_max,1.0,1.0,-4.804470358168373,3.53471479987062e-07,10.0
C18n_TF8,lin,time_from_max,-1.0,0.0,lin:time_from_max,1.0,1.0,-0.9675317046967392,3.6753199770086884e-07,10.0
C18n_QI88,categorical,participant_id,57.1,1.0,categorical:participant_id,,,,,
C18n_QI88,categorical,site_name,-1.0,0.0,categorical:site_name,,,,,
C18n_QI88,categorical,race,-1.0,0.0,categorical:race,,,,,
C18n_QI88,categorical,sex,-1.0,0.0,categorical:sex,,,,,
C18n_QI88,categorical,general_wellbeing,-1.0,0.0,categorical:general_wellbeing,,,,,
C18n_QI88,squared_exponential,hbi,-4.8,0.0,squared_exponential:hbi,1.0,1.0,-4.804454906317005,5.006644371547133e-07,10.0
C18n_QI88,lin,hbi,-1.0,0.0,lin:hbi,1.0,1.0,-0.9675714903194148,7.134983735845504e-07,10.0
C18n_QI88,squared_exponential,study_days,-4.8,0.0,squared_exponential:study_days,,,,,
C18n_QI88,lin,study_days,-1.0,0.0,lin:study_days,,,,,
C18n_QI88,squared_exponential,age,-4.8,0.0,squared_exponential:age,,,,,
C18n_QI88,lin,age,-1.0,0.0,lin:age,,,,,
C18n_QI88,squared_exponential,time_from_max,-4.8,0.0,squared_exponential:time_from_max,1.0,1.0,-4.804454269506095,8.039873312021374e-07,10.0
C18n_QI88,lin,time_from_max,-1.0,0.0,lin:time_from_max,1.0,1.0,-0.9675735467376398,7.289845652901371e-07,10.0
C18n_QI89,categorical,participant_id,-1.0,0.0,categorical:participant_id,,,,,
C18n_QI89,categorical,site_name,-1.0,0.0,categorical:site_name,,,,,
C18n_QI89,categorical,race,-1.0,0.0,categorical:race,,,,,
C18n_QI89,categorical,sex,-0.8,0.088,categorical:sex,,,,,
C18n_QI89,categorical,general_wellbeing,-1.0,0.0,categorical:general_wellbeing,,,,,
C18n_QI89,squared_exponential,hbi,-6.2,0.102,squared_exponential:hbi,0.5,1.0,-4.805094426518281,0.8474364119146455,60.0
C18n_QI89,lin,hbi,-1.9,0.0,lin:hbi,0.5,1.0,-0.967549136689513,0.4174993617859985,60.0
C18n_QI89,squared_exponential,study_days,-4.8,0.0,squared_exponential:study_days,,,,,
C18n_QI89,lin,study_days,-1.8,0.25,lin:study_days,,,,,
C18n_QI89,squared_exponential,age,-4.8,0.0,squared_exponential:age,,,,,
C18n_QI89,lin,age,-1.0,0.0,lin:age,,,,,
C18n_QI89,squared_exponential,time_from_max,-5.1,0.414,squared_exponential:time_from_max,0.5,1.0,-4.804457971541751,0.4520771745917684,120.0
C18n_QI89,lin,time_from_max,-1.0,0.0,lin:time_from_max,0.5,1.0,-0.9675276659982046,1.9576085443447172e-05,120.0
C18n_QI91,categorical,participant_id,-1.0,0.0,categorical:participant_id,,,,,
C18n_QI91,categorical,site_name,4.3,0.69,categorical:site_name,,,,,
C18n_QI91,categorical,race,-1.0,0.0,categorical:race,,,,,
C18n_QI91,categorical,sex,-1.0,0.0,categorical:sex,,,,,
C18n_QI91,categorical,general_wellbeing,-1.0,0.0,categorical:general_wellbeing,,,,,
C18n_QI91,squared_exponential,hbi,-4.8,0.0,squared_exponential:hbi,1.0,1.0,-4.804454610122775,2.66046552195469e-09,10.0
C18n_QI91,lin,hbi,-1.0,0.0,lin:hbi,1.0,1.0,-0.9675278923668884,6.545404898586809e-09,10.0
C18n_QI91,squared_exponential,study_days,-4.8,0.0,squared_exponential:study_days,,,,,
C18n_QI91,lin,study_days,1.7,0.323,lin:study_days,,,,,
C18n_QI91,squared_exponential,age,-4.8,0.0,squared_exponential:age,,,,,
C18n_QI91,lin,age,-1.0,0.0,lin:age,,,,,
C18n_QI91,squared_exponential,time_from_max,-4.8,0.0,squared_exponential:time_from_max,1.0,1.0,-4.804455082175764,6.7883873502626625e-09,10.0
C18n_QI91,lin,time_from_max,-1.0,0.0,lin:time_from_max,1.0,1.0,-0.9675277273845496,6.337865295062991e-09,10.0
C18n_QI92,categorical,participant_id,-1.0,0.996,categorical:participant_id,,,,,
C18n_QI92,categorical,site_name,-1.0,0.997,categorical:site_name,,,,,
C18n_QI92,categorical,race,-1.0,0.996,categorical:race,,,,,
C18n_QI92,categorical,sex,-1.0,0.996,categorical:sex,,,,,
C18n_QI92,categorical,general_wellbeing,-1.0,0.996,categorical:general_wellbeing,,,,,
C18n_QI92,squared_exponential,hbi,-4.8,0.996,squared_exponential:hbi,1.0,1.0,-4.804453300136629,2.8482797799613737e-10,10.0
C18n_QI92,lin,hbi,-1.0,0.998,lin:hbi,1.0,1.0,-0.9675268207606678,4.5699155953175064e-10,10.0
C18n_QI92,squared_exponential,study_days,-4.8,0.996,squared_exponential:study_days,,,,,
C18n_QI92,lin,study_days,-1.0,0.996,lin:study_days,,,,,
C18n_QI92,squared_exponential,age,-4.8,0.996,squared_exponential:age,,,,,
C18n_QI92,lin,age,-1.0,0.996,lin:age,,,,,
C18n_QI92,squared_exponential,time_from_max,-4.8,0.996,squared_exponential:time_from_max,1.0,1.0,-4.804452427037063,3.5008565219240513e-10,10.0
C18n_QI92,lin,time_from_max,-1.0,0.997,lin:time_from_max,1.0,1.0,-0.9675255311877892,7.638084101479228e-10,10.0
C8p_QI02,categorical,participant_id,35.9,0.959,categorical:participant_id,,,,,
C8p_QI02,categorical,site_name,-1.0,0.0,categorical:site_name,,,,,
C8p_QI02,categorical,race,-1.0,0.0,categorical:race,,,,,
C8p_QI02,categorical,sex,-1.0,0.0,categorical:sex,,,,,
C8p_QI02,categorical,general_wellbeing,-1.0,0.0,categorical:general_wellbeing,,,,,
C8p_QI02,squared_exponential,hbi,-4.8,0.0,squared_exponential:hbi,0.5,1.0,-4.804454258055102,6.2386028069849605e-06,60.0
C8p_QI02,lin,hbi,1.6,0.053,lin:hbi,0.0079817295124312,0.0412999582111121,-0.9675908879253255,0.5912505110798022,60.0
C8p_QI02,squared_exponential,study_days,-4.8,0.0,squared_exponential:study_days,,,,,
C8p_QI02,lin,study_days,-1.0,0.0,lin:study_days,,,,,
C8p_QI02,squared_exponential,age,-4.8,0.0,squared_exponential:age,,,,,
C8p_QI02,lin,age,-1.0,0.0,lin:age,,,,,
C8p_QI02,squared_exponential,time_from_max,-4.8,0.0,squared_exponential:time_from_max,1.0,1.0,-4.804453535981793,7.366270710629542e-09,10.0
C8p_QI02,lin,time_from_max,-1.0,0.0,lin:time_from_max,1.0,1.0,-0.9675262101643513,1.6605863564341858e-08,10.0
C8p_QI03,categorical,participant_id,41.1,1.0,categorical:participant_id,,,,,
C8p_QI03,categorical,site_name,-1.0,0.0,categorical:site_name,,,,,
C8p_QI03,categorical,race,-1.0,0.0,categorical:race,,,,,
C8p_QI03,categorical,sex,-1.0,0.0,categorical:sex,,,,,
C8p_QI03,categorical,general_wellbeing,-1.0,0.0,categorical:general_wellbeing,,,,,
C8p_QI03,squared_exponential,hbi,-4.8,0.0,squared_exponential:hbi,1.0,1.0,-4.804457576866298,2.8697720762389468e-08,10.0
C8p_QI03,lin,hbi,-1.0,0.0,lin:hbi,1.0,1.0,-0.9676133644450148,2.4482412952261067e-08,10.0
C8p_QI03,squared_exponential,study_days,-4.8,0.0,squared_exponential:study_days,,,,,
C8p_QI03,lin,study_days,-1.0,0.0,lin:study_days,,,,,
C8p_QI03,squared_exponential,age,-4.8,0.0,squared_exponential:age,,,,,
C8p_QI03,lin,age,-1.0,0.0,lin:age,,,,,
C8p_QI03,squared_exponential,time_from_max,-4.8,0.0,squared_exponential:time_from_max,1.0,1.0,-4.804467199234978,2.4013262945450435e-08,10.0
C8p_QI03,lin,time_from_max,-1.0,0.0,lin:time_from_max,1.0,1.0,-0.9675270288212232,1.7393260998607874e-08,10.0
C8p_QI04,categorical,participant_id,34.9,0.939,categorical:participant_id,,,,,
C8p_QI04,categorical,site_name,-1.0,0.0,categorical:site_name,,,,,
C8p_QI04,categorical,race,-1.0,0.0,categorical:race,,,,,
C8p_QI04,categorical,sex,-1.0,0.0,categorical:sex,,,,,
C8p_QI04,categorical,general_wellbeing,-1.0,0.0,categorical:general_wellbeing,,,,,
C8p_QI04,squared_exponential,hbi,-4.8,0.0,squared_exponential:hbi,0.5,1.0,-4.804469643943776,1.2870939188036916e-05,60.0
C8p_QI04,lin,hbi,1.1,0.041,lin:hbi,0.02,0.0805714285714286,-0.967865794800673,0.8293993467597334,60.0
C8p_QI04,squared_exponential,study_days,-4.8,0.0,squared_exponential:study_days,,,,,
C8p_QI04,lin,study_days,-1.0,0.0,lin:study_days,,,,,
C8p_QI04,squared_exponential,age,-4.8,0.0,squared_exponential:age,,,,,
C8p_QI04,lin,age,-1.0,0.0,lin:age,,,,,
C8p_QI04,squared_exponential,time_from_max,-4.8,0.0,squared_exponential:time_from_max,0.5,1.0,-4.8044556640275005,1.3274238474839967e-06,120.0
C8p_QI04,lin,time_from_max,-1.0,0.0,lin:time_from_max,0.5,1.0,-0.9675541797146252,1.2371795510648412e-06,120.0
C8p_QI05,categorical,participant_id,29.5,1.0,categorical:participant_id,,,,,
C8p_QI05,categorical,site_name,-1.0,0.0,categorical:site_name,,,,,
C8p_QI05,categorical,race,-1.0,0.0,categorical:race,,,,,
C8p_QI05,categorical,sex,-1.0,0.0,categorical:sex,,,,,
C8p_QI05,categorical,general_wellbeing,-1.0,0.0,categorical:general_wellbeing,,,,,
C8p_QI05,squared_exponential,hbi,-4.8,0.0,squared_exponential:hbi,0.5,1.0,-4.8045216172045,4.60123270387213e-05,60.0
C8p_QI05,lin,hbi,-1.0,0.0,lin:hbi,0.5,1.0,-0.967971621600782,5.3484392869978166e-05,60.0
C8p_QI05,squared_exponential,study_days,-4.8,0.0,squared_exponential:study_days,,,,,
C8p_QI05,lin,study_days,-1.0,0.0,lin:study_days,,,,,
C8p_QI05,squared_exponential,age,-4.8,0.0,squared_exponential:age,,,,,
C8p_QI05,lin,age,-1.0,0.0,lin:age,,,,,
C8p_QI05,squared_exponential,time_from_max,-4.8,0.0,squared_exponential:time_from_max,0.5,1.0,-4.804522024916196,4.0721466619453375e-05,120.0
C8p_QI05,lin,time_from_max,-1.0,0.0,lin:time_from_max,0.5,1.0,-0.967629912958273,5.05405872784626e-05,120.0
C8p_QI06,categorical,participant_id,-1.0,0.0,categorical:participant_id,,,,,
C8p_QI06,categorical,site_name,5.5,0.228,categorical:site_name,,,,,
C8p_QI06,categorical,race,-1.0,0.0,categorical:race,,,,,
C8p_QI06,categorical,sex,-1.0,0.0,categorical:sex,,,,,
C8p_QI06,categorical,general_wellbeing,-1.6,0.041,categorical:general_wellbeing,,,,,
C8p_QI06,squared_exponential,hbi,-4.8,0.0,squared_exponential:hbi,0.5,1.0,-4.804456565035252,1.2932455227282667e-05,60.0
C8p_QI06,lin,hbi,6.6,0.27,lin:hbi,5.104645227160809e-05,0.0003998638761275,-0.9675328307077962,0.589062428858003,60.0
C8p_QI06,squared_exponential,study_days,-5.6,0.047,squared_exponential:study_days,,,,,
C8p_QI06,lin,study_days,-1.0,0.0,lin:study_days,,,,,
C8p_QI06,squared_exponential,age,-6.0,0.089,squared_exponential:age,,,,,
C8p_QI06,lin,age,-1.0,0.0,lin:age,,,,,
C8p_QI06,squared_exponential,time_from_max,-6.3,0.104,squared_exponential:time_from_max,0.5,1.0,-4.8044642381842095,1.3299108004251374,120.0
C8p_QI06,lin,time_from_max,-1.0,0.0,lin:time_from_max,0.5,1.0,-0.9675411124662788,3.107050663030735e-05,120.0
C8p_QI07,categorical,participant_id,59.3,0.899,categorical:participant_id,,,,,
C8p_QI07,categorical,site_name,-1.0,0.0,categorical:site_name,,,,,
C8p_QI07,categorical,race,-1.0,0.0,categorical:race,,,,,
C8p_QI07,categorical,sex,-1.0,0.0,categorical:sex,,,,,
C8p_QI07,categorical,general_wellbeing,-1.0,0.0,categorical:general_wellbeing,,,,,
C8p_QI07,squared_exponential,hbi,-4.8,0.0,squared_exponential:hbi,0.5,1.0,-4.804530299918497,2.6011758863293756e-05,60.0
C8p_QI07,lin,hbi,5.4,0.045,lin:hbi,5.104645227160809e-05,0.0003998638761275,-0.9679561685391036,0.5059437861715151,60.0
C8p_QI07,squared_exponential,study_days,-4.8,0.0,squared_exponential:study_days,,,,,
C8p_QI07,lin,study_days,-1.0,0.0,lin:study_days,,,,,
C8p_QI07,squared_exponential,age,-4.8,0.0,squared_exponential:age,,,,,
C8p_QI07,lin,age,-1.0,0.0,lin:age,,,,,
C8p_QI07,squared_exponential,time_from_max,-4.8,0.0,squared_exponential:time_from_max,1.0,1.0,-4.804452239124657,3.597420235624723e-07,10.0
C8p_QI07,lin,time_from_max,-1.0,0.0,lin:time_from_max,1.0,1.0,-0.9675465869720482,2.980769083597093e-07,10.0
C8p_QI08,categorical,participant_id,24.6,0.982,categorical:participant_id,,,,,
C8p_QI08,categorical,site_name,-1.0,0.0,categorical:site_name,,,,,
C8p_QI08,categorical,race,-1.0,0.0,categorical:race,,,,,
C8p_QI08,categorical,sex,-1.0,0.0,categorical:sex,,,,,
C8p_QI08,categorical,general_wellbeing,-1.0,0.0,categorical:general_wellbeing,,,,,
C8p_QI08,squared_exponential,hbi,-4.8,0.0,squared_exponential:hbi,0.5,1.0,-4.80446263071849,1.135109114646394e-05,60.0
C8p_QI08,lin,hbi,-0.6,0.036,lin:hbi,0.0569230769230768,0.207126550868486,-0.9676684310113616,0.2400863060382851,60.0
C8p_QI08,squared_exponential,study_days,-4.8,0.0,squared_exponential:study_days,,,,,
C8p_QI08,lin,study_days,-1.0,0.0,lin:study_days,,,,,
C8p_QI08,squared_exponential,age,-4.8,0.0,squared_exponential:age,,,,,
C8p_QI08,lin,age,-1.0,0.0,lin:age,,,,,
C8p_QI08,squared_exponential,time_from_max,-4.8,0.0,squared_exponential:time_from_max,1.0,1.0,-4.804454791759781,1.4644727564703429e-07,10.0
C8p_QI08,lin,time_from_max,-1.0,0.0,lin:time_from_max,1.0,1.0,-0.9675292778467792,1.854902359257104e-07,10.0
C8p_QI09,categorical,participant_id,-1.0,0.94,categorical:participant_id,,,,,
C8p_QI09,categorical,site_name,-1.0,0.94,categorical:site_name,,,,,
C8p_QI09,categorical,race,-1.0,0.939,categorical:race,,,,,
C8p_QI09,categorical,sex,-1.0,0.939,categorical:sex,,,,,
C8p_QI09,categorical,general_wellbeing,-1.0,0.939,categorical:general_wellbeing,,,,,
C8p_QI09,squared_exponential,hbi,-4.8,0.939,squared_exponential:hbi,1.0,1.0,-4.804453697631288,5.366632554329314e-09,10.0
C8p_QI09,lin,hbi,-1.0,0.936,lin:hbi,1.0,1.0,-0.9675468156001444,7.515938144685062e-09,10.0
C8p_QI09,squared_exponential,study_days,-4.8,0.939,squared_exponential:study_days,,,,,
C8p_QI09,lin,study_days,-1.0,0.941,lin:study_days,,,,,
C8p_QI09,squared_exponential,age,-4.8,0.939,squared_exponential:age,,,,,
C8p_QI09,lin,age,-1.0,0.939,lin:age,,,,,
C8p_QI09,squared_exponential,time_from_max,-4.8,0.939,squared_exponential:time_from_max,1.0,1.0,-4.8044569478367976,5.420228665331589e-09,10.0
C8p_QI09,lin,time_from_max,-1.0,0.938,lin:time_from_max,1.0,1.0,-0.9675268500373022,4.509804597772143e-09,10.0
C8p_QI10,categorical,participant_id,15.6,0.885,categorical:participant_id,,,,,
C8p_QI10,categorical,site_name,-1.0,0.0,categorical:site_name,,,,,
C8p_QI10,categorical,race,-1.0,0.0,categorical:race,,,,,
C8p_QI10,categorical,sex,-1.0,0.0,categorical:sex,,,,,
C8p_QI10,categorical,general_wellbeing,-1.0,0.0,categorical:general_wellbeing,,,,,
C8p_QI10,squared_exponential,hbi,-4.8,0.0,squared_exponential:hbi,0.5,1.0,-4.804454088954117,2.374652194705832e-05,60.0
C8p_QI10,lin,hbi,1.4,0.061,lin:hbi,5.104645227160809e-05,0.0003998638761275,-0.9678733258979264,0.3140649421289096,60.0
C8p_QI10,squared_exponential,study_days,-4.8,0.0,squared_exponential:study_days,,,,,
C8p_QI10,lin,study_days,-1.0,0.0,lin:study_days,,,,,
C8p_QI10,squared_exponential,age,-4.8,0.0,squared_exponential:age,,,,,
C8p_QI10,lin,age,-1.0,0.0,lin:age,,,,,
C8p_QI10,squared_exponential,time_from_max,-4.8,0.0,squared_exponential:time_from_max,1.0,1.0,-4.804453858205534,2.520332671151653e-07,10.0
C8p_QI10,lin,time_from_max,-1.0,0.0,lin:time_from_max,1.0,1.0,-0.9675271564431114,3.072857980726998e-07,10.0
C8p_QI12,categorical,participant_id,-1.0,0.0,categorical:participant_id,,,,,
C8p_QI12,categorical,site_name,-1.8,0.384,categorical:site_name,,,,,
C8p_QI12,categorical,race,-1.0,0.0,categorical:race,,,,,
C8p_QI12,categorical,sex,-1.0,0.0,categorical:sex,,,,,
C8p_QI12,categorical,general_wellbeing,-1.0,0.0,categorical:general_wellbeing,,,,,
C8p_QI12,squared_exponential,hbi,-4.8,0.0,squared_exponential:hbi,1.0,1.0,-4.804452813075841,2.9521579261534943e-09,10.0
C8p_QI12,lin,hbi,-1.0,0.0,lin:hbi,1.0,1.0,-0.9675256737311884,3.834003877872336e-09,10.0
C8p_QI12,squared_exponential,study_days,-4.8,0.0,squared_exponential:study_days,,,,,
C8p_QI12,lin,study_days,-1.0,0.0,lin:study_days,,,,,
C8p_QI12,squared_exponential,age,-4.8,0.0,squared_exponential:age,,,,,
C8p_QI12,lin,age,1.6,0.577,lin:age,,,,,
C8p_QI12,squared_exponential,time_from_max,-4.8,0.0,squared_exponential:time_from_max,1.0,1.0,-4.804452362757729,3.1083465430879982e-09,10.0
C8p_QI12,lin,time_from_max,-1.0,0.0,lin:time_from_max,1.0,1.0,-0.9675256818259186,2.5931407588460467e-09,10.0
C8p_QI13,categorical,participant_id,-1.0,0.0,categorical:participant_id,,,,,
C8p_QI13,categorical,site_name,-1.9,0.242,categorical:site_name,,,,,
C8p_QI13,categorical,race,-1.9,0.751,categorical:race,,,,,
C8p_QI13,categorical,sex,-1.0,0.0,categorical:sex,,,,,
C8p_QI13,categorical,general_wellbeing,-1.0,0.0,categorical:general_wellbeing,,,,,
C8p_QI13,squared_exponential,hbi,-4.8,0.0,squared_exponential:hbi,0.5,1.0,-4.8044547163299285,1.051649643729711e-05,60.0
C8p_QI13,lin,hbi,-1.6,0.174,lin:hbi,0.5,1.0,-0.9675272686079096,0.6182482040170774,60.0
C8p_QI13,squared_exponential,study_days,-4.8,0.0,squared_exponential:study_days,,,,,
C8p_QI13,lin,study_days,-1.0,0.0,lin:study_days,,,,,
C8p_QI13,squared_exponential,age,-4.8,0.0,squared_exponential:age,,,,,
C8p_QI13,lin,age,-1.7,0.408,lin:age,,,,,
C8p_QI13,squared_exponential,time_from_max,-4.8,0.0,squared_exponential:time_from_max,1.0,1.0,-4.804456655607737,1.604769713508164e-07,10.0
C8p_QI13,lin,time_from_max,-1.0,0.0,lin:time_from_max,1.0,1.0,-0.9675291632047446,1.38234560711075e-07,10.0
C8p_QI14,categorical,participant_id,11.8,0.773,categorical:participant_id,,,,,
C8p_QI14,categorical,site_name,-1.0,0.0,categorical:site_name,,,,,
C8p_QI14,categorical,race,-1.0,0.0,categorical:race,,,,,
C8p_QI14,categorical,sex,-1.0,0.0,categorical:sex,,,,,
C8p_QI14,categorical,general_wellbeing,-1.0,0.0,categorical:general_wellbeing,,,,,
C8p_QI14,squared_exponential,hbi,-4.8,0.0,squared_exponential:hbi,1.0,1.0,-4.804455447402006,9.975418378430618e-09,10.0
C8p_QI14,lin,hbi,-1.0,0.0,lin:hbi,1.0,1.0,-0.9675946423526512,5.129665157441722e-09,10.0
C8p_QI14,squared_exponential,study_days,-4.8,0.0,squared_exponential:study_days,,,,,
C8p_QI14,lin,study_days,-1.0,0.0,lin:study_days,,,,,
C8p_QI14,squared_exponential,age,-4.8,0.0,squared_exponential:age,,,,,
C8p_QI14,lin,age,-0.6,0.0,lin:age,,,,,
C8p_QI14,squared_exponential,time_from_max,-4.8,0.0,squared_exponential:time_from_max,1.0,1.0,-4.804464844216,1.0841870843438557e-08,10.0
C8p_QI14,lin,time_from_max,-1.0,0.0,lin:time_from_max,1.0,1.0,-0.9675267471843654,1.0610775747509618e-08,10.0
C8p_QI15,categorical,participant_id,-1.0,0.0,categorical:participant_id,,,,,
C8p_QI15,categorical,site_name,6.4,0.27,categorical:site_name,,,,,
C8p_QI15,categorical,race,-1.0,0.0,categorical:race,,,,,
C8p_QI15,categorical,sex,-1.0,0.0,categorical:sex,,,,,
C8p_QI15,categorical,general_wellbeing,-1.2,0.058,categorical:general_wellbeing,,,,,
C8p_QI15,squared_exponential,hbi,-4.8,0.0,squared_exponential:hbi,0.5,1.0,-4.804629256275575,5.337796119919575e-05,60.0
C8p_QI15,lin,hbi,8.4,0.185,lin:hbi,0.0001279082489379,0.0009618700320132,-0.9682642783707252,1.3372993394205137,60.0
C8p_QI15,squared_exponential,study_days,-4.9,0.08,squared_exponential:study_days,,,,,
C8p_QI15,lin,study_days,-1.0,0.0,lin:study_days,,,,,
C8p_QI15,squared_exponential,age,-4.8,0.0,squared_exponential:age,,,,,
C8p_QI15,lin,age,-0.3,0.05,lin:age,,,,,
C8p_QI15,squared_exponential,time_from_max,-4.8,0.0,squared_exponential:time_from_max,0.5,1.0,-4.804454100444445,3.144029850756655e-05,120.0
C8p_QI15,lin,time_from_max,-1.1,0.054,lin:time_from_max,0.5,1.0,-0.9686274671396404,0.613751225835491,120.0
C8p_QI16,categorical,participant_id,70.8,0.889,categorical:participant_id,,,,,
C8p_QI16,categorical,site_name,-1.0,0.0,categorical:site_name,,,,,
C8p_QI16,categorical,race,-1.0,0.0,categorical:race,,,,,
C8p_QI16,categorical,sex,-1.0,0.0,categorical:sex,,,,,
C8p_QI16,categorical,general_wellbeing,-1.0,0.0,categorical:general_wellbeing,,,,,
C8p_QI16,squared_exponential,hbi,-4.8,0.0,squared_exponential:hbi,0.5,1.0,-4.804466140015393,1.9738965461563933e-05,60.0
C8p_QI16,lin,hbi,5.5,0.041,lin:hbi,5.104645227160809e-05,0.0003998638761275,-0.967735838049066,0.8929961045391179,60.0
C8p_QI16,squared_exponential,study_days,-4.8,0.0,squared_exponential:study_days,,,,,
C8p_QI16,lin,study_days,-1.0,0.0,lin:study_days,,,,,
C8p_QI16,squared_exponential,age,-4.8,0.0,squared_exponential:age,,,,,
C8p_QI16,lin,age,-1.0,0.0,lin:age,,,,,
C8p_QI16,squared_exponential,time_from_max,-4.8,0.0,squared_exponential:time_from_max,1.0,1.0,-4.804452424959436,4.012580143350907e-08,10.0
C8p_QI16,lin,time_from_max,-1.0,0.0,lin:time_from_max,1.0,1.0,-0.967526237142465,5.020118896713214e-08,10.0
C8p_QI18,categorical,participant_id,-1.0,0.0,categorical:participant_id,,,,,
C8p_QI18,categorical,site_name,-1.0,0.0,categorical:site_name,,,,,
C8p_QI18,categorical,race,-1.0,0.0,categorical:race,,,,,
C8p_QI18,categorical,sex,0.9,0.167,categorical:sex,,,,,
C8p_QI18,categorical,general_wellbeing,1.3,0.241,categorical:general_wellbeing,,,,,
C8p_QI18,squared_exponential,hbi,-4.8,0.0,squared_exponential:hbi,0.5,1.0,-4.80445813956544,4.400292192235385e-06,60.0
C8p_QI18,lin,hbi,5.9,0.403,lin:hbi,0.0008030905812286,0.0056617885976618,-0.9681696332327192,1.0502613833554637,60.0
C8p_QI18,squared_exponential,study_days,-4.8,0.0,squared_exponential:study_days,,,,,
C8p_QI18,lin,study_days,-1.0,0.0,lin:study_days,,,,,
C8p_QI18,squared_exponential,age,-4.8,0.0,squared_exponential:age,,,,,
C8p_QI18,lin,age,-1.0,0.0,lin:age,,,,,
C8p_QI18,squared_exponential,time_from_max,-4.8,0.0,squared_exponential:time_from_max,0.5,1.0,-4.804453559491776,5.8766108626463706e-05,120.0
C8p_QI18,lin,time_from_max,7.7,0.434,lin:time_from_max,0.0032398541868269,0.3654555522740776,0.6830474816381411,1.5916106294904695,120.0
C8p_QI19,categorical,participant_id,12.1,0.949,categorical:participant_id,,,,,
C8p_QI19,categorical,site_name,-1.0,0.0,categorical:site_name,,,,,
C8p_QI19,categorical,race,-1.0,0.0,categorical:race,,,,,
C8p_QI19,categorical,sex,-1.0,0.0,categorical:sex,,,,,
C8p_QI19,categorical,general_wellbeing,-1.0,0.0,categorical:general_wellbeing,,,,,
C8p_QI19,squared_exponential,hbi,-4.8,0.0,squared_exponential:hbi,0.5,1.0,-4.804453581725511,1.2728481424104516e-05,60.0
C8p_QI19,lin,hbi,-0.4,0.069,lin:hbi,0.0815384615384615,0.287423076923077,-0.9675713565993648,0.6022566049260554,60.0
C8p_QI19,squared_exponential,study_days,-4.8,0.0,squared_exponential:study_days,,,,,
C8p_QI19,lin,study_days,-1.0,0.0,lin:study_days,,,,,
C8p_QI19,squared_exponential,age,-4.8,0.0,squared_exponential:age,,,,,
C8p_QI19,lin,age,-1.0,0.0,lin:age,,,,,
C8p_QI19,squared_exponential,time_from_max,-4.8,0.0,squared_exponential:time_from_max,1.0,1.0,-4.804452541727414,1.3750440888760663e-09,10.0
C8p_QI19,lin,time_from_max,-1.0,0.0,lin:time_from_max,1.0,1.0,-0.9675258441950518,2.0937347936115917e-09,10.0
C8p_QI20,categorical,participant_id,30.7,0.769,categorical:participant_id,,,,,
C8p_QI20,categorical,site_name,-1.0,0.0,categorical:site_name,,,,,
C8p_QI20,categorical,race,-1.0,0.0,categorical:race,,,,,
C8p_QI20,categorical,sex,-1.0,0.0,categorical:sex,,,,,
C8p_QI20,categorical,general_wellbeing,-1.0,0.0,categorical:general_wellbeing,,,,,
C8p_QI20,squared_exponential,hbi,-4.8,0.0,squared_exponential:hbi,0.5,1.0,-4.804453430110243,1.5584644247567426e-05,60.0
C8p_QI20,lin,hbi,5.1,0.044,lin:hbi,0.0020123222165767,0.0131970898854569,-0.9675751443080572,0.9949735373285952,60.0
C8p_QI20,squared_exponential,study_days,-4.8,0.0,squared_exponential:study_days,,,,,
C8p_QI20,lin,study_days,-1.0,0.0,lin:study_days,,,,,
C8p_QI20,squared_exponential,age,-4.8,0.0,squared_exponential:age,,,,,
C8p_QI20,lin,age,-1.0,0.0,lin:age,,,,,
C8p_QI20,squared_exponential,time_from_max,-4.8,0.0,squared_exponential:time_from_max,1.0,1.0,-4.804452582522799,9.104883213021812e-09,10.0
C8p_QI20,lin,time_from_max,-1.0,0.0,lin:time_from_max,1.0,1.0,-0.9675256743685168,8.398748474712818e-09,10.0
C8p_QI21,categorical,participant_id,25.4,0.84,categorical:participant_id,,,,,
C8p_QI21,categorical,site_name,-1.0,0.0,categorical:site_name,,,,,
C8p_QI21,categorical,race,-1.0,0.0,categorical:race,,,,,
C8p_QI21,categorical,sex,-1.0,0.0,categorical:sex,,,,,
C8p_QI21,categorical,general_wellbeing,-1.0,0.0,categorical:general_wellbeing,,,,,
C8p_QI21,squared_exponential,hbi,-4.8,0.0,squared_exponential:hbi,0.5,1.0,-4.804455902559312,0.1565232589701705,60.0
C8p_QI21,lin,hbi,0.9,0.022,lin:hbi,0.0037123836241795,0.0225138103659923,-0.967582812143064,0.3484073679795888,60.0
C8p_QI21,squared_exponential,study_days,-4.8,0.0,squared_exponential:study_days,,,,,
C8p_QI21,lin,study_days,-1.0,0.0,lin:study_days,,,,,
C8p_QI21,squared_exponential,age,-4.8,0.0,squared_exponential:age,,,,,
C8p_QI21,lin,age,-1.0,0.0,lin:age,,,,,
C8p_QI21,squared_exponential,time_from_max,-4.8,0.0,squared_exponential:time_from_max,1.0,1.0,-4.804452339407135,1.0925535740332249e-08,10.0
C8p_QI21,lin,time_from_max,-1.0,0.0,lin:time_from_max,1.0,1.0,-0.967529556051204,1.1175528186384098e-08,10.0
C8p_QI22,categorical,participant_id,60.3,0.796,categorical:participant_id,,,,,
C8p_QI22,categorical,site_name,-1.0,0.0,categorical:site_name,,,,,
C8p_QI22,categorical,race,-1.0,0.0,categorical:race,,,,,
C8p_QI22,categorical,sex,-1.0,0.0,categorical:sex,,,,,
C8p_QI22,categorical,general_wellbeing,-1.0,0.0,categorical:general_wellbeing,,,,,
C8p_QI22,squared_exponential,hbi,-4.8,0.0,squared_exponential:hbi,0.5,1.0,-4.804455243932807,1.4134465271814796e-05,60.0
C8p_QI22,lin,hbi,12.2,0.068,lin:hbi,5.104645227160809e-05,0.0003998638761275,-0.9677340319867652,0.7958127755070805,60.0
C8p_QI22,squared_exponential,study_days,-4.8,0.0,squared_exponential:study_days,,,,,
C8p_QI22,lin,study_days,-1.0,0.0,lin:study_days,,,,,
C8p_QI22,squared_exponential,age,-4.8,0.0,squared_exponential:age,,,,,
C8p_QI22,lin,age,-1.0,0.0,lin:age,,,,,
C8p_QI22,squared_exponential,time_from_max,-4.8,0.0,squared_exponential:time_from_max,1.0,1.0,-4.80448807480775,1.6967610985479194e-07,10.0
C8p_QI22,lin,time_from_max,-1.0,0.0,lin:time_from_max,1.0,1.0,-0.9675604121985087,1.0943658819140497e-07,10.0
C8p_QI23,categorical,participant_id,38.1,1.0,categorical:participant_id,,,,,
C8p_QI23,categorical,site_name,-1.0,0.0,categorical:site_name,,,,,
C8p_QI23,categorical,race,-1.0,0.0,categorical:race,,,,,
C8p_QI23,categorical,sex,-1.0,0.0,categorical:sex,,,,,
C8p_QI23,categorical,general_wellbeing,-1.0,0.0,categorical:general_wellbeing,,,,,
C8p_QI23,squared_exponential,hbi,-4.8,0.0,squared_exponential:hbi,0.5,1.0,-4.804460884558921,5.373401185091978e-06,60.0
C8p_QI23,lin,hbi,-1.1,0.027,lin:hbi,0.5,1.0,-0.9675529511330296,0.3133923516584544,60.0
C8p_QI23,squared_exponential,study_days,-4.8,0.0,squared_exponential:study_days,,,,,
C8p_QI23,lin,study_days,-1.0,0.0,lin:study_days,,,,,
C8p_QI23,squared_exponential,age,-4.8,0.0,squared_exponential:age,,,,,
C8p_QI23,lin,age,-1.0,0.0,lin:age,,,,,
C8p_QI23,squared_exponential,time_from_max,-4.8,0.0,squared_exponential:time_from_max,1.0,1.0,-4.804452255212482,4.5160315458521564e-09,10.0
C8p_QI23,lin,time_from_max,-1.0,0.0,lin:time_from_max,1.0,1.0,-0.9675259242671927,5.330257587153878e-09,10.0
C8p_QI24,categorical,participant_id,65.1,0.916,categorical:participant_id,,,,,
C8p_QI24,categorical,site_name,-1.0,0.0,categorical:site_name,,,,,
C8p_QI24,categorical,race,-1.0,0.0,categorical:race,,,,,
C8p_QI24,categorical,sex,-1.0,0.0,categorical:sex,,,,,
C8p_QI24,categorical,general_wellbeing,-1.0,0.0,categorical:general_wellbeing,,,,,
C8p_QI24,squared_exponential,hbi,-4.8,0.0,squared_exponential:hbi,0.5,1.0,-4.804454520742638,1.6077430413977434e-05,60.0
C8p_QI24,lin,hbi,0.9,0.023,lin:hbi,0.0126346582956811,0.0593828939897012,-0.9675817599400034,0.4919417941227264,60.0
C8p_QI24,squared_exponential,study_days,-4.8,0.0,squared_exponential:study_days,,,,,
C8p_QI24,lin,study_days,-1.0,0.0,lin:study_days,,,,,
C8p_QI24,squared_exponential,age,-4.8,0.0,squared_exponential:age,,,,,
C8p_QI24,lin,age,-1.0,0.0,lin:age,,,,,
C8p_QI24,squared_exponential,time_from_max,-4.8,0.0,squared_exponential:time_from_max,1.0,1.0,-4.804485633016384,3.3514150166518663e-08,10.0
C8p_QI24,lin,time_from_max,-1.0,0.0,lin:time_from_max,1.0,1.0,-0.9675297327542012,1.4557542706778211e-08,10.0
C8p_QI25,categorical,participant_id,81.8,0.885,categorical:participant_id,,,,,
C8p_QI25,categorical,site_name,-1.0,0.0,categorical:site_name,,,,,
C8p_QI25,categorical,race,-1.0,0.0,categorical:race,,,,,
C8p_QI25,categorical,sex,-1.0,0.0,categorical:sex,,,,,
C8p_QI25,categorical,general_wellbeing,-1.0,0.0,categorical:general_wellbeing,,,,,
C8p_QI25,squared_exponential,hbi,-4.8,0.0,squared_exponential:hbi,0.5,1.0,-4.804455843699316,2.013514461448886e-05,60.0
C8p_QI25,lin,hbi,2.9,0.023,lin:hbi,0.0093022035347043,0.0472652503925518,-0.9677552953319264,0.934798256073144,60.0
C8p_QI25,squared_exponential,study_days,-4.8,0.0,squared_exponential:study_days,,,,,
C8p_QI25,lin,study_days,-1.0,0.0,lin:study_days,,,,,
C8p_QI25,squared_exponential,age,-4.8,0.0,squared_exponential:age,,,,,
C8p_QI25,lin,age,-1.0,0.0,lin:age,,,,,
C8p_QI25,squared_exponential,time_from_max,-4.8,0.0,squared_exponential:time_from_max,1.0,1.0,-4.804457862700929,6.27425580809178e-08,10.0
C8p_QI25,lin,time_from_max,-1.0,0.0,lin:time_from_max,1.0,1.0,-0.967527015766791,5.281079709558952e-08,10.0
C8p_QI26,categorical,participant_id,54.0,0.787,categorical:participant_id,,,,,
C8p_QI26,categorical,site_name,-1.0,0.0,categorical:site_name,,,,,
C8p_QI26,categorical,race,-1.0,0.0,categorical:race,,,,,
C8p_QI26,categorical,sex,-1.0,0.0,categorical:sex,,,,,
C8p_QI26,categorical,general_wellbeing,-1.0,0.0,categorical:general_wellbeing,,,,,
C8p_QI26,squared_exponential,hbi,-4.8,0.0,squared_exponential:hbi,0.5,1.0,-4.804454192193589,1.3549497392746363e-05,60.0
C8p_QI26,lin,hbi,6.2,0.04,lin:hbi,5.104645227160809e-05,0.0003998638761275,-0.967584573475051,0.5296907182151294,60.0
C8p_QI26,squared_exponential,study_days,-4.8,0.0,squared_exponential:study_days,,,,,
C8p_QI26,lin,study_days,-1.0,0.0,lin:study_days,,,,,
C8p_QI26,squared_exponential,age,-4.8,0.0,squared_exponential:age,,,,,
C8p_QI26,lin,age,-1.0,0.0,lin:age,,,,,
C8p_QI26,squared_exponential,time_from_max,-4.8,0.0,squared_exponential:time_from_max,1.0,1.0,-4.80449100798478,2.5176388407136697e-08,10.0
C8p_QI26,lin,time_from_max,-1.0,0.0,lin:time_from_max,1.0,1.0,-0.9675586432413184,2.1984203209000386e-08,10.0
C8p_QI27,categorical,participant_id,23.2,0.926,categorical:participant_id,,,,,
C8p_QI27,categorical,site_name,-1.0,0.0,categorical:site_name,,,,,
C8p_QI27,categorical,race,-1.0,0.0,categorical:race,,,,,
C8p_QI27,categorical,sex,-1.0,0.0,categorical:sex,,,,,
C8p_QI27,categorical,general_wellbeing,-1.0,0.0,categorical:general_wellbeing,,,,,
C8p_QI27,squared_exponential,hbi,-4.8,0.0,squared_exponential:hbi,1.0,1.0,-4.804453713653629,5.9562495817021647e-08,10.0
C8p_QI27,lin,hbi,-1.0,0.0,lin:hbi,1.0,1.0,-0.967641661536618,5.59014652525083e-08,10.0
C8p_QI27,squared_exponential,study_days,-4.8,0.0,squared_exponential:study_days,,,,,
C8p_QI27,lin,study_days,-1.0,0.0,lin:study_days,,,,,
C8p_QI27,squared_exponential,age,-4.8,0.0,squared_exponential:age,,,,,
C8p_QI27,lin,age,-1.7,0.0,lin:age,,,,,
C8p_QI27,squared_exponential,time_from_max,-4.8,0.0,squared_exponential:time_from_max,1.0,1.0,-4.804461049114252,4.1634007972747387e-08,10.0
C8p_QI27,lin,time_from_max,-1.0,0.0,lin:time_from_max,1.0,1.0,-0.967526917300347,5.602717028556425e-08,10.0
C8p_QI28,categorical,participant_id,7.6,1.0,categorical:participant_id,,,,,
C8p_QI28,categorical,site_name,-1.0,0.0,categorical:site_name,,,,,
C8p_QI28,categorical,race,-1.0,0.0,categorical:race,,,,,
C8p_QI28,categorical,sex,-1.0,0.0,categorical:sex,,,,,
C8p_QI28,categorical,general_wellbeing,-1.0,0.0,categorical:general_wellbeing,,,,,
C8p_QI28,squared_exponential,hbi,-4.8,0.0,squared_exponential:hbi,1.0,1.0,-4.804452010005434,5.610517798806312e-09,10.0
C8p_QI28,lin,hbi,-1.0,0.0,lin:hbi,1.0,1.0,-0.9675489150172324,7.862896545566267e-09,10.0
C8p_QI28,squared_exponential,study_days,-4.8,0.0,squared_exponential:study_days,,,,,
C8p_QI28,lin,study_days,-1.0,0.0,lin:study_days,,,,,
C8p_QI28,squared_exponential,age,-4.8,0.0,squared_exponential:age,,,,,
C8p_QI28,lin,age,-1.0,0.0,lin:age,,,,,
C8p_QI28,squared_exponential,time_from_max,-4.8,0.0,squared_exponential:time_from_max,1.0,1.0,-4.804452008629369,3.194584865176991e-09,10.0
C8p_QI28,lin,time_from_max,-1.0,0.0,lin:time_from_max,1.0,1.0,-0.9675252981999166,9.784652526293902e-09,10.0
C8p_QI29,categorical,participant_id,58.0,0.74,categorical:participant_id,,,,,
C8p_QI29,categorical,site_name,-1.0,0.0,categorical:site_name,,,,,
C8p_QI29,categorical,race,-1.0,0.0,categorical:race,,,,,
C8p_QI29,categorical,sex,-1.0,0.0,categorical:sex,,,,,
C8p_QI29,categorical,general_wellbeing,-1.0,0.0,categorical:general_wellbeing,,,,,
C8p_QI29,squared_exponential,hbi,-4.8,0.0,squared_exponential:hbi,0.5,1.0,-4.804509860687858,2.046800571818605e-05,60.0
C8p_QI29,lin,hbi,2.2,0.027,lin:hbi,0.0079817295124312,0.0412999582111121,-0.9683281929430904,0.7286636565545018,60.0
C8p_QI29,squared_exponential,study_days,-5.9,0.029,squared_exponential:study_days,,,,,
C8p_QI29,lin,study_days,-1.0,0.0,lin:study_days,,,,,
C8p_QI29,squared_exponential,age,-4.8,0.0,squared_exponential:age,,,,,
C8p_QI29,lin,age,-1.8,0.0,lin:age,,,,,
C8p_QI29,squared_exponential,time_from_max,-4.8,0.0,squared_exponential:time_from_max,1.0,1.0,-4.804453918431591,8.541724268530608e-09,10.0
C8p_QI29,lin,time_from_max,-1.0,0.0,lin:time_from_max,1.0,1.0,-0.967556728737918,7.843007340259807e-09,10.0
C8p_QI30,categorical,participant_id,71.0,0.874,categorical:participant_id,,,,,
C8p_QI30,categorical,site_name,-1.0,0.0,categorical:site_name,,,,,
C8p_QI30,categorical,race,-1.0,0.0,categorical:race,,,,,
C8p_QI30,categorical,sex,-1.0,0.0,categorical:sex,,,,,
C8p_QI30,categorical,general_wellbeing,-1.0,0.0,categorical:general_wellbeing,,,,,
C8p_QI30,squared_exponential,hbi,-4.8,0.0,squared_exponential:hbi,0.5,1.0,-4.804453805362755,9.057334106916366e-06,60.0
C8p_QI30,lin,hbi,3.9,0.028,lin:hbi,0.0037123836241795,0.0225138103659923,-0.9676530917517994,0.9119806312895148,60.0
C8p_QI30,squared_exponential,study_days,-4.8,0.0,squared_exponential:study_days,,,,,
C8p_QI30,lin,study_days,-1.0,0.0,lin:study_days,,,,,
C8p_QI30,squared_exponential,age,-4.8,0.0,squared_exponential:age,,,,,
C8p_QI30,lin,age,-1.0,0.0,lin:age,,,,,
C8p_QI30,squared_exponential,time_from_max,-4.8,0.0,squared_exponential:time_from_max,1.0,1.0,-4.804463087765043,6.707263508194048e-08,10.0
C8p_QI30,lin,time_from_max,-1.0,0.0,lin:time_from_max,1.0,1.0,-0.9675266897843358,1.736847956285224e-07,10.0
C8p_QI31,categorical,participant_id,89.5,0.856,categorical:participant_id,,,,,
C8p_QI31,categorical,site_name,-1.0,0.0,categorical:site_name,,,,,
C8p_QI31,categorical,race,-1.0,0.0,categorical:race,,,,,
C8p_QI31,categorical,sex,-1.0,0.0,categorical:sex,,,,,
C8p_QI31,categorical,general_wellbeing,-1.0,0.0,categorical:general_wellbeing,,,,,
C8p_QI31,squared_exponential,hbi,-4.8,0.0,squared_exponential:hbi,0.5,1.0,-4.804454041057852,5.4838166276386215e-06,60.0
C8p_QI31,lin,hbi,3.5,0.02,lin:hbi,0.0058765081528933,0.0321781611478818,-0.9678978417116468,0.9454016097547412,60.0
C8p_QI31,squared_exponential,study_days,-4.8,0.0,squared_exponential:study_days,,,,,
C8p_QI31,lin,study_days,-1.0,0.0,lin:study_days,,,,,
C8p_QI31,squared_exponential,age,-4.8,0.0,squared_exponential:age,,,,,
C8p_QI31,lin,age,-1.0,0.0,lin:age,,,,,
C8p_QI31,squared_exponential,time_from_max,-4.8,0.0,squared_exponential:time_from_max,1.0,1.0,-4.804453105032053,2.5423001607696792e-08,10.0
C8p_QI31,lin,time_from_max,-1.0,0.0,lin:time_from_max,1.0,1.0,-0.9675265150108316,8.973740690415626e-08,10.0
C8p_QI33,categorical,participant_id,14.8,1.0,categorical:participant_id,,,,,
C8p_QI33,categorical,site_name,-1.0,0.0,categorical:site_name,,,,,
C8p_QI33,categorical,race,-1.0,0.0,categorical:race,,,,,
C8p_QI33,categorical,sex,-1.0,0.0,categorical:sex,,,,,
C8p_QI33,categorical,general_wellbeing,-1.0,0.0,categorical:general_wellbeing,,,,,
C8p_QI33,squared_exponential,hbi,-4.8,0.0,squared_exponential:hbi,1.0,1.0,-4.804455154546304,8.166728347667584e-09,10.0
C8p_QI33,lin,hbi,-1.0,0.0,lin:hbi,1.0,1.0,-0.967570567017674,5.618020335410248e-09,10.0
C8p_QI33,squared_exponential,study_days,-4.8,0.0,squared_exponential:study_days,,,,,
C8p_QI33,lin,study_days,-1.0,0.0,lin:study_days,,,,,
C8p_QI33,squared_exponential,age,-4.8,0.0,squared_exponential:age,,,,,
C8p_QI33,lin,age,-1.0,0.0,lin:age,,,,,
C8p_QI33,squared_exponential,time_from_max,-4.8,0.0,squared_exponential:time_from_max,1.0,1.0,-4.804456330399944,8.384348348920392e-09,10.0
C8p_QI33,lin,time_from_max,-1.0,0.0,lin:time_from_max,1.0,1.0,-0.9675280863386888,5.145135083985001e-09,10.0
C8p_QI35,categorical,participant_id,13.7,0.735,categorical:participant_id,,,,,
C8p_QI35,categorical,site_name,-1.0,0.0,categorical:site_name,,,,,
C8p_QI35,categorical,race,-1.0,0.0,categorical:race,,,,,
C8p_QI35,categorical,sex,-1.0,0.0,categorical:sex,,,,,
C8p_QI35,categorical,general_wellbeing,-1.0,0.0,categorical:general_wellbeing,,,,,
C8p_QI35,squared_exponential,hbi,-4.8,0.0,squared_exponential:hbi,0.5,1.0,-4.8044535819710745,7.102564714141344e-06,60.0
C8p_QI35,lin,hbi,0.7,0.015,lin:hbi,0.02,0.0805714285714286,-0.9675695498535788,0.5470352108677713,60.0
C8p_QI35,squared_exponential,study_days,-4.8,0.0,squared_exponential:study_days,,,,,
C8p_QI35,lin,study_days,-1.0,0.0,lin:study_days,,,,,
C8p_QI35,squared_exponential,age,-4.8,0.0,squared_exponential:age,,,,,
C8p_QI35,lin,age,-1.0,0.0,lin:age,,,,,
C8p_QI35,squared_exponential,time_from_max,-4.8,0.0,squared_exponential:time_from_max,1.0,1.0,-4.804453335890457,5.568082504187239e-09,10.0
C8p_QI35,lin,time_from_max,-1.0,0.0,lin:time_from_max,1.0,1.0,-0.967526472415102,7.927385663361513e-09,10.0
C8p_QI36,categorical,participant_id,119.7,1.0,categorical:participant_id,,,,,
C8p_QI36,categorical,site_name,-1.0,0.0,categorical:site_name,,,,,
C8p_QI36,categorical,race,-1.0,0.0,categorical:race,,,,,
C8p_QI36,categorical,sex,-1.0,0.0,categorical:sex,,,,,
C8p_QI36,categorical,general_wellbeing,-1.0,0.0,categorical:general_wellbeing,,,,,
C8p_QI36,squared_exponential,hbi,-4.8,0.0,squared_exponential:hbi,0.5,1.0,-4.804453535664834,7.085985898123011e-06,60.0
C8p_QI36,lin,hbi,-0.4,0.006,lin:hbi,0.02,0.0805714285714286,-0.9675782729839284,0.2396518520181571,60.0
C8p_QI36,squared_exponential,study_days,-4.8,0.0,squared_exponential:study_days,,,,,
C8p_QI36,lin,study_days,-1.0,0.0,lin:study_days,,,,,
C8p_QI36,squared_exponential,age,-4.8,0.0,squared_exponential:age,,,,,
C8p_QI36,lin,age,-1.0,0.0,lin:age,,,,,
C8p_QI36,squared_exponential,time_from_max,-4.8,0.0,squared_exponential:time_from_max,1.0,1.0,-4.804455661108477,1.6241250487284373e-08,10.0
C8p_QI36,lin,time_from_max,-1.0,0.0,lin:time_from_max,1.0,1.0,-0.9675266131441732,1.4343942805878466e-08,10.0
C8p_QI37,categorical,participant_id,19.1,0.841,categorical:participant_id,,,,,
C8p_QI37,categorical,site_name,-1.0,0.0,categorical:site_name,,,,,
C8p_QI37,categorical,race,-1.0,0.0,categorical:race,,,,,
C8p_QI37,categorical,sex,-1.0,0.0,categorical:sex,,,,,
C8p_QI37,categorical,general_wellbeing,-1.0,0.0,categorical:general_wellbeing,,,,,
C8p_QI37,squared_exponential,hbi,-4.8,0.0,squared_exponential:hbi,0.5,1.0,-4.80445355416532,1.060299922829319e-05,60.0
C8p_QI37,lin,hbi,0.6,0.03,lin:hbi,0.02,0.0805714285714286,-0.9675676416472924,0.5865740432417927,60.0
C8p_QI37,squared_exponential,study_days,-4.8,0.0,squared_exponential:study_days,,,,,
C8p_QI37,lin,study_days,-1.0,0.0,lin:study_days,,,,,
C8p_QI37,squared_exponential,age,-4.8,0.0,squared_exponential:age,,,,,
C8p_QI37,lin,age,-1.0,0.0,lin:age,,,,,
C8p_QI37,squared_exponential,time_from_max,-4.8,0.0,squared_exponential:time_from_max,1.0,1.0,-4.804455346165923,1.638510868243694e-08,10.0
C8p_QI37,lin,time_from_max,-1.0,0.0,lin:time_from_max,1.0,1.0,-0.9675260519848052,1.88995961105545e-08,10.0
C8p_QI38,categorical,participant_id,44.5,0.63,categorical:participant_id,,,,,
C8p_QI38,categorical,site_name,-1.0,0.0,categorical:site_name,,,,,
C8p_QI38,categorical,race,-1.0,0.0,categorical:race,,,,,
C8p_QI38,categorical,sex,-1.0,0.0,categorical:sex,,,,,
C8p_QI38,categorical,general_wellbeing,-1.0,0.0,categorical:general_wellbeing,,,,,
C8p_QI38,squared_exponential,hbi,-4.8,0.0,squared_exponential:hbi,0.5,1.0,-4.804454310953815,2.6736033904773645e-05,60.0
C8p_QI38,lin,hbi,9.4,0.037,lin:hbi,5.104645227160809e-05,0.0003998638761275,-0.9676594382708572,0.557321875316419,60.0
C8p_QI38,squared_exponential,study_days,-4.8,0.0,squared_exponential:study_days,,,,,
C8p_QI38,lin,study_days,-0.8,0.012,lin:study_days,,,,,
C8p_QI38,squared_exponential,age,-4.8,0.0,squared_exponential:age,,,,,
C8p_QI38,lin,age,-1.0,0.0,lin:age,,,,,
C8p_QI38,squared_exponential,time_from_max,-4.8,0.0,squared_exponential:time_from_max,1.0,1.0,-4.804459922714841,1.3999928578679691e-08,10.0
C8p_QI38,lin,time_from_max,-1.0,0.0,lin:time_from_max,1.0,1.0,-0.967527413336029,1.345836636410182e-08,10.0
C8p_QI39,categorical,participant_id,20.0,0.843,categorical:participant_id,,,,,
C8p_QI39,categorical,site_name,-1.0,0.0,categorical:site_name,,,,,
C8p_QI39,categorical,race,-1.0,0.0,categorical:race,,,,,
C8p_QI39,categorical,sex,-1.0,0.0,categorical:sex,,,,,
C8p_QI39,categorical,general_wellbeing,-1.0,0.0,categorical:general_wellbeing,,,,,
C8p_QI39,squared_exponential,hbi,-4.8,0.0,squared_exponential:hbi,0.5,1.0,-4.804457197978763,4.274292362323697e-06,60.0
C8p_QI39,lin,hbi,-0.1,0.013,lin:hbi,0.0446153846153846,0.1711773940345368,-0.9675737171335186,0.524837726861311,60.0
C8p_QI39,squared_exponential,study_days,-4.8,0.0,squared_exponential:study_days,,,,,
C8p_QI39,lin,study_days,-1.0,0.0,lin:study_days,,,,,
C8p_QI39,squared_exponential,age,-4.8,0.0,squared_exponential:age,,,,,
C8p_QI39,lin,age,-1.0,0.0,lin:age,,,,,
C8p_QI39,squared_exponential,time_from_max,-4.8,0.0,squared_exponential:time_from_max,1.0,1.0,-4.804452181077977,6.886122959154285e-09,10.0
C8p_QI39,lin,time_from_max,-1.0,0.0,lin:time_from_max,1.0,1.0,-0.9675273273428502,9.83815638285598e-09,10.0
C8p_QI40,categorical,participant_id,6.2,0.681,categorical:participant_id,,,,,
C8p_QI40,categorical,site_name,-1.0,0.0,categorical:site_name,,,,,
C8p_QI40,categorical,race,-1.0,0.0,categorical:race,,,,,
C8p_QI40,categorical,sex,-1.0,0.0,categorical:sex,,,,,
C8p_QI40,categorical,general_wellbeing,-1.0,0.0,categorical:general_wellbeing,,,,,
C8p_QI40,squared_exponential,hbi,-4.8,0.0,squared_exponential:hbi,0.5,1.0,-4.804452931846527,1.232552652724123e-05,60.0
C8p_QI40,lin,hbi,2.0,0.025,lin:hbi,0.0020123222165767,0.0131970898854569,-0.9675572700355132,0.5105643982388379,60.0
C8p_QI40,squared_exponential,study_days,-4.8,0.0,squared_exponential:study_days,,,,,
C8p_QI40,lin,study_days,-1.0,0.0,lin:study_days,,,,,
C8p_QI40,squared_exponential,age,-4.8,0.0,squared_exponential:age,,,,,
C8p_QI40,lin,age,-1.0,0.0,lin:age,,,,,
C8p_QI40,squared_exponential,time_from_max,-4.8,0.0,squared_exponential:time_from_max,1.0,1.0,-4.8044547873528245,2.4163466958673222e-08,10.0
C8p_QI40,lin,time_from_max,-1.0,0.0,lin:time_from_max,1.0,1.0,-0.967526541470761,1.2539202117461888e-08,10.0
C8p_QI41,categorical,participant_id,21.7,0.664,categorical:participant_id,,,,,
C8p_QI41,categorical,site_name,-1.0,0.0,categorical:site_name,,,,,
C8p_QI41,categorical,race,-1.0,0.0,categorical:race,,,,,
C8p_QI41,categorical,sex,-1.0,0.0,categorical:sex,,,,,
C8p_QI41,categorical,general_wellbeing,-1.0,0.0,categorical:general_wellbeing,,,,,
C8p_QI41,squared_exponential,hbi,-4.8,0.0,squared_exponential:hbi,0.5,1.0,-4.804453672778891,1.379079136230116e-05,60.0
C8p_QI41,lin,hbi,5.0,0.018,lin:hbi,0.0058765081528933,0.0321781611478818,-0.9675655406563236,1.22885449082276,60.0
C8p_QI41,squared_exponential,study_days,-4.8,0.0,squared_exponential:study_days,,,,,
C8p_QI41,lin,study_days,-1.0,0.0,lin:study_days,,,,,
C8p_QI41,squared_exponential,age,-4.8,0.0,squared_exponential:age,,,,,
C8p_QI41,lin,age,-1.0,0.0,lin:age,,,,,
C8p_QI41,squared_exponential,time_from_max,-4.8,0.0,squared_exponential:time_from_max,1.0,1.0,-4.804453862715263,9.597620518272722e-09,10.0
C8p_QI41,lin,time_from_max,-1.0,0.0,lin:time_from_max,1.0,1.0,-0.9675267672528208,4.1001485914750045e-08,10.0
C8p_QI42,categorical,participant_id,25.8,0.694,categorical:participant_id,,,,,
C8p_QI42,categorical,site_name,-1.0,0.0,categorical:site_name,,,,,
C8p_QI42,categorical,race,-1.0,0.0,categorical:race,,,,,
C8p_QI42,categorical,sex,-1.0,0.0,categorical:sex,,,,,
C8p_QI42,categorical,general_wellbeing,-1.0,0.0,categorical:general_wellbeing,,,,,
C8p_QI42,squared_exponential,hbi,-4.8,0.0,squared_exponential:hbi,0.5,1.0,-4.804453380099631,1.7145882736862847e-05,60.0
C8p_QI42,lin,hbi,7.6,0.051,lin:hbi,5.104645227160809e-05,0.0003998638761275,-0.967559316840834,0.9135070730963468,60.0
C8p_QI42,squared_exponential,study_days,-4.8,0.0,squared_exponential:study_days,,,,,
C8p_QI42,lin,study_days,-1.0,0.0,lin:study_days,,,,,
C8p_QI42,squared_exponential,age,-4.8,0.0,squared_exponential:age,,,,,
C8p_QI42,lin,age,-1.0,0.0,lin:age,,,,,
C8p_QI42,squared_exponential,time_from_max,-4.8,0.0,squared_exponential:time_from_max,1.0,1.0,-4.804453556808767,1.587500599816939e-08,10.0
C8p_QI42,lin,time_from_max,-1.0,0.0,lin:time_from_max,1.0,1.0,-0.9675272288429824,2.6870116505167444e-08,10.0
C8p_QI43,categorical,participant_id,-1.0,0.0,categorical:participant_id,,,,,
C8p_QI43,categorical,site_name,-1.0,0.0,categorical:site_name,,,,,
C8p_QI43,categorical,race,-1.0,0.0,categorical:race,,,,,
C8p_QI43,categorical,sex,-1.0,0.0,categorical:sex,,,,,
C8p_QI43,categorical,general_wellbeing,-1.0,0.0,categorical:general_wellbeing,,,,,
C8p_QI43,squared_exponential,hbi,-4.8,0.0,squared_exponential:hbi,0.5,1.0,-4.804451665084798,2.129690544645448e-06,60.0
C8p_QI43,lin,hbi,6.8,0.588,lin:hbi,0.0058765081528933,0.0321781611478818,-0.9675386980741224,1.5964622850795671,60.0
C8p_QI43,squared_exponential,study_days,-4.8,0.0,squared_exponential:study_days,,,,,
C8p_QI43,lin,study_days,0.7,0.307,lin:study_days,,,,,
C8p_QI43,squared_exponential,age,-4.8,0.0,squared_exponential:age,,,,,
C8p_QI43,lin,age,-1.0,0.0,lin:age,,,,,
C8p_QI43,squared_exponential,time_from_max,-4.8,0.0,squared_exponential:time_from_max,1.0,1.0,-4.804456313388982,1.5529463364493416e-08,10.0
C8p_QI43,lin,time_from_max,-1.0,0.0,lin:time_from_max,1.0,1.0,-0.9675251977946574,1.58830731761363e-08,10.0
C8p_QI44,categorical,participant_id,-1.0,0.0,categorical:participant_id,,,,,
C8p_QI44,categorical,site_name,-1.0,0.0,categorical:site_name,,,,,
C8p_QI44,categorical,race,-1.5,0.195,categorical:race,,,,,
C8p_QI44,categorical,sex,-1.0,0.0,categorical:sex,,,,,
C8p_QI44,categorical,general_wellbeing,-0.8,0.213,categorical:general_wellbeing,,,,,
C8p_QI44,squared_exponential,hbi,-4.8,0.0,squared_exponential:hbi,1.0,1.0,-4.804813369881003,1.05014712630925e-08,10.0
C8p_QI44,lin,hbi,-1.0,0.0,lin:hbi,1.0,1.0,-0.9676927868990788,7.295400237943601e-09,10.0
C8p_QI44,squared_exponential,study_days,-4.1,0.588,squared_exponential:study_days,,,,,
C8p_QI44,lin,study_days,-1.0,0.0,lin:study_days,,,,,
C8p_QI44,squared_exponential,age,-4.8,0.0,squared_exponential:age,,,,,
C8p_QI44,lin,age,-1.0,0.0,lin:age,,,,,
C8p_QI44,squared_exponential,time_from_max,-4.8,0.0,squared_exponential:time_from_max,1.0,1.0,-4.804580602737133,9.291128947078422e-09,10.0
C8p_QI44,lin,time_from_max,-1.0,0.0,lin:time_from_max,1.0,1.0,-0.9676936698797364,9.313829414135853e-08,10.0
C8p_QI45,categorical,participant_id,-1.0,0.0,categorical:participant_id,,,,,
C8p_QI45,categorical,site_name,-2.0,0.116,categorical:site_name,,,,,
C8p_QI45,categorical,race,-1.0,0.0,categorical:race,,,,,
C8p_QI45,categorical,sex,-1.0,0.0,categorical:sex,,,,,
C8p_QI45,categorical,general_wellbeing,-1.0,0.0,categorical:general_wellbeing,,,,,
C8p_QI45,squared_exponential,hbi,-4.8,0.0,squared_exponential:hbi,1.0,1.0,-4.804454975888802,5.072894093303198e-09,10.0
C8p_QI45,lin,hbi,-1.0,0.0,lin:hbi,1.0,1.0,-0.9675262802563792,7.610895327633453e-09,10.0
C8p_QI45,squared_exponential,study_days,-4.8,0.0,squared_exponential:study_days,,,,,
C8p_QI45,lin,study_days,-1.0,0.0,lin:study_days,,,,,
C8p_QI45,squared_exponential,age,-3.9,0.416,squared_exponential:age,,,,,
C8p_QI45,lin,age,-1.0,0.0,lin:age,,,,,
C8p_QI45,squared_exponential,time_from_max,-4.8,0.0,squared_exponential:time_from_max,1.0,1.0,-4.804453859596606,3.005753379037605e-09,10.0
C8p_QI45,lin,time_from_max,-1.0,0.0,lin:time_from_max,1.0,1.0,-0.9675264927507214,8.685531869464893e-09,10.0
C8p_QI46,categorical,participant_id,55.2,1.0,categorical:participant_id,,,,,
C8p_QI46,categorical,site_name,-1.0,0.0,categorical:site_name,,,,,
C8p_QI46,categorical,race,-1.0,0.0,categorical:race,,,,,
C8p_QI46,categorical,sex,-1.0,0.0,categorical:sex,,,,,
C8p_QI46,categorical,general_wellbeing,-1.0,0.0,categorical:general_wellbeing,,,,,
C8p_QI46,squared_exponential,hbi,-4.8,0.0,squared_exponential:hbi,1.0,1.0,-4.804456072728272,3.3875912499123425e-08,10.0
C8p_QI46,lin,hbi,-1.0,0.0,lin:hbi,1.0,1.0,-0.9675287167224268,5.625705062082596e-08,10.0
C8p_QI46,squared_exponential,study_days,-4.8,0.0,squared_exponential:study_days,,,,,
C8p_QI46,lin,study_days,-1.0,0.0,lin:study_days,,,,,
C8p_QI46,squared_exponential,age,-4.8,0.0,squared_exponential:age,,,,,
C8p_QI46,lin,age,-1.0,0.0,lin:age,,,,,
C8p_QI46,squared_exponential,time_from_max,-4.8,0.0,squared_exponential:time_from_max,1.0,1.0,-4.804475068090824,5.315850944251e-08,10.0
C8p_QI46,lin,time_from_max,-1.0,0.0,lin:time_from_max,1.0,1.0,-0.9677841824493498,6.063074999137906e-08,10.0
C8p_QI47,categorical,participant_id,43.7,1.0,categorical:participant_id,,,,,
C8p_QI47,categorical,site_name,-1.0,0.0,categorical:site_name,,,,,
C8p_QI47,categorical,race,-1.0,0.0,categorical:race,,,,,
C8p_QI47,categorical,sex,-2.1,0.001,categorical:sex,,,,,
C8p_QI47,categorical,general_wellbeing,-1.0,0.0,categorical:general_wellbeing,,,,,
C8p_QI47,squared_exponential,hbi,-4.8,0.0,squared_exponential:hbi,1.0,1.0,-4.804453296185329,3.647585740381984e-08,10.0
C8p_QI47,lin,hbi,-1.0,0.0,lin:hbi,1.0,1.0,-0.9675318848192092,5.436418916599656e-08,10.0
C8p_QI47,squared_exponential,study_days,-4.8,0.0,squared_exponential:study_days,,,,,
C8p_QI47,lin,study_days,-1.0,0.0,lin:study_days,,,,,
C8p_QI47,squared_exponential,age,-4.8,0.0,squared_exponential:age,,,,,
C8p_QI47,lin,age,-1.0,0.0,lin:age,,,,,
C8p_QI47,squared_exponential,time_from_max,-4.8,0.0,squared_exponential:time_from_max,1.0,1.0,-4.804580749603474,4.9830402517575736e-08,10.0
C8p_QI47,lin,time_from_max,-1.0,0.0,lin:time_from_max,1.0,1.0,-0.9675295002541588,4.013059072665816e-08,10.0
C8p_QI48,categorical,participant_id,60.5,0.975,categorical:participant_id,,,,,
C8p_QI48,categorical,site_name,-1.0,0.0,categorical:site_name,,,,,
C8p_QI48,categorical,race,-1.0,0.0,categorical:race,,,,,
C8p_QI48,categorical,sex,-0.9,0.0,categorical:sex,,,,,
C8p_QI48,categorical,general_wellbeing,-1.0,0.0,categorical:general_wellbeing,,,,,
C8p_QI48,squared_exponential,hbi,-4.8,0.0,squared_exponential:hbi,1.0,1.0,-4.804456015481264,3.805108338337124e-07,10.0
C8p_QI48,lin,hbi,-1.0,0.0,lin:hbi,1.0,1.0,-0.9683655896476466,3.476604458836219e-07,10.0
C8p_QI48,squared_exponential,study_days,-4.8,0.0,squared_exponential:study_days,,,,,
C8p_QI48,lin,study_days,-1.0,0.0,lin:study_days,,,,,
C8p_QI48,squared_exponential,age,-4.8,0.0,squared_exponential:age,,,,,
C8p_QI48,lin,age,-1.0,0.0,lin:age,,,,,
C8p_QI48,squared_exponential,time_from_max,-4.8,0.0,squared_exponential:time_from_max,1.0,1.0,-4.804455263854152,3.6742354393637865e-07,10.0
C8p_QI48,lin,time_from_max,-1.0,0.0,lin:time_from_max,1.0,1.0,-0.9688604168820802,3.8170904217666673e-07,10.0
C8p_QI49,categorical,participant_id,-1.0,0.0,categorical:participant_id,,,,,
C8p_QI49,categorical,site_name,-1.0,0.0,categorical:site_name,,,,,
C8p_QI49,categorical,race,-2.6,0.226,categorical:race,,,,,
C8p_QI49,categorical,sex,-1.5,0.076,categorical:sex,,,,,
C8p_QI49,categorical,general_wellbeing,-1.0,0.0,categorical:general_wellbeing,,,,,
C8p_QI49,squared_exponential,hbi,-4.8,0.0,squared_exponential:hbi,0.5,1.0,-4.804461418814299,1.9788304872898788e-05,60.0
C8p_QI49,lin,hbi,0.9,0.127,lin:hbi,0.0569230769230768,0.207126550868486,-0.9113587981410092,1.2920143393188184,60.0
C8p_QI49,squared_exponential,study_days,-4.8,0.0,squared_exponential:study_days,,,,,
C8p_QI49,lin,study_days,0.9,0.142,lin:study_days,,,,,
C8p_QI49,squared_exponential,age,-4.8,0.0,squared_exponential:age,,,,,
C8p_QI49,lin,age,19.1,0.625,lin:age,,,,,
C8p_QI49,squared_exponential,time_from_max,-4.8,0.0,squared_exponential:time_from_max,1.0,1.0,-4.8044632579810695,4.515400408858179e-09,10.0
C8p_QI49,lin,time_from_max,-1.0,0.0,lin:time_from_max,1.0,1.0,-0.9675295874019412,8.714728563190349e-09,10.0
C8p_QI50,categorical,participant_id,30.5,1.0,categorical:participant_id,,,,,
C8p_QI50,categorical,site_name,-1.0,0.0,categorical:site_name,,,,,
C8p_QI50,categorical,race,-1.0,0.0,categorical:race,,,,,
C8p_QI50,categorical,sex,-1.0,0.0,categorical:sex,,,,,
C8p_QI50,categorical,general_wellbeing,-1.0,0.0,categorical:general_wellbeing,,,,,
C8p_QI50,squared_exponential,hbi,-4.8,0.0,squared_exponential:hbi,1.0,1.0,-4.804454124517861,2.579145647192909e-07,10.0
C8p_QI50,lin,hbi,-1.0,0.0,lin:hbi,1.0,1.0,-0.9675338431832188,2.298952970115607e-07,10.0
C8p_QI50,squared_exponential,study_days,-4.8,0.0,squared_exponential:study_days,,,,,
C8p_QI50,lin,study_days,-1.0,0.0,lin:study_days,,,,,
C8p_QI50,squared_exponential,age,-4.8,0.0,squared_exponential:age,,,,,
C8p_QI50,lin,age,-1.0,0.0,lin:age,,,,,
C8p_QI50,squared_exponential,time_from_max,-4.8,0.0,squared_exponential:time_from_max,1.0,1.0,-4.804522135114212,3.1567842026092894e-07,10.0
C8p_QI50,lin,time_from_max,-1.0,0.0,lin:time_from_max,1.0,1.0,-0.9675564828166898,2.18411923546185e-07,10.0
C8p_QI51,categorical,participant_id,-1.0,0.0,categorical:participant_id,,,,,
C8p_QI51,categorical,site_name,-1.0,1.0,categorical:site_name,,,,,
C8p_QI51,categorical,race,-1.0,0.0,categorical:race,,,,,
C8p_QI51,categorical,sex,-1.0,0.0,categorical:sex,,,,,
C8p_QI51,categorical,general_wellbeing,-1.0,0.0,categorical:general_wellbeing,,,,,
C8p_QI51,squared_exponential,hbi,-4.8,0.0,squared_exponential:hbi,1.0,1.0,-4.804456214689026,4.45886065835561e-08,10.0
C8p_QI51,lin,hbi,-1.0,0.0,lin:hbi,1.0,1.0,-0.9675281314573568,5.0896784447282544e-08,10.0
C8p_QI51,squared_exponential,study_days,-4.8,0.0,squared_exponential:study_days,,,,,
C8p_QI51,lin,study_days,-1.0,0.0,lin:study_days,,,,,
C8p_QI51,squared_exponential,age,-4.8,0.0,squared_exponential:age,,,,,
C8p_QI51,lin,age,-1.0,0.0,lin:age,,,,,
C8p_QI51,squared_exponential,time_from_max,-4.8,0.0,squared_exponential:time_from_max,1.0,1.0,-4.804456476926362,7.716809337146966e-08,10.0
C8p_QI51,lin,time_from_max,-1.0,0.0,lin:time_from_max,1.0,1.0,-0.9675281343518236,7.513334221570599e-08,10.0
C8p_QI52,categorical,participant_id,-1.0,0.0,categorical:participant_id,,,,,
C8p_QI52,categorical,site_name,-0.6,1.0,categorical:site_name,,,,,
C8p_QI52,categorical,race,-1.0,0.0,categorical:race,,,,,
C8p_QI52,categorical,sex,-1.0,0.0,categorical:sex,,,,,
C8p_QI52,categorical,general_wellbeing,-1.0,0.0,categorical:general_wellbeing,,,,,
C8p_QI52,squared_exponential,hbi,-4.8,0.0,squared_exponential:hbi,1.0,1.0,-4.804453328856198,5.1023357699001894e-08,10.0
C8p_QI52,lin,hbi,-1.0,0.0,lin:hbi,1.0,1.0,-0.9675284192283016,6.872430691979448e-08,10.0
C8p_QI52,squared_exponential,study_days,-6.2,0.367,squared_exponential:study_days,,,,,
C8p_QI52,lin,study_days,-1.0,0.0,lin:study_days,,,,,
C8p_QI52,squared_exponential,age,-4.8,0.0,squared_exponential:age,,,,,
C8p_QI52,lin,age,-1.0,0.0,lin:age,,,,,
C8p_QI52,squared_exponential,time_from_max,-4.8,0.0,squared_exponential:time_from_max,1.0,1.0,-4.804460547258032,3.4089445545228565e-08,10.0
C8p_QI52,lin,time_from_max,-1.0,0.0,lin:time_from_max,1.0,1.0,-0.9675267919972156,4.9377800676637066e-08,10.0
C8p_QI53,categorical,participant_id,-1.0,0.0,categorical:participant_id,,,,,
C8p_QI53,categorical,site_name,0.9,0.523,categorical:site_name,,,,,
C8p_QI53,categorical,race,-1.0,0.0,categorical:race,,,,,
C8p_QI53,categorical,sex,-1.0,0.0,categorical:sex,,,,,
C8p_QI53,categorical,general_wellbeing,-1.0,0.0,categorical:general_wellbeing,,,,,
C8p_QI53,squared_exponential,hbi,-4.8,0.0,squared_exponential:hbi,1.0,1.0,-4.804454675829447,5.657843397973988e-08,10.0
C8p_QI53,lin,hbi,-1.0,0.0,lin:hbi,1.0,1.0,-0.9675278107217764,1.339332439194587e-07,10.0
C8p_QI53,squared_exponential,study_days,-4.8,0.0,squared_exponential:study_days,,,,,
C8p_QI53,lin,study_days,-1.0,0.0,lin:study_days,,,,,
C8p_QI53,squared_exponential,age,-4.8,0.0,squared_exponential:age,,,,,
C8p_QI53,lin,age,-1.0,0.0,lin:age,,,,,
C8p_QI53,squared_exponential,time_from_max,-4.8,0.0,squared_exponential:time_from_max,0.5,1.0,-4.80445340811184,8.292163756975405e-06,120.0
C8p_QI53,lin,time_from_max,0.0,0.248,lin:time_from_max,0.02,1.0,-0.9678608850174442,0.5477223402755088,120.0
C8p_QI54,categorical,participant_id,37.1,0.828,categorical:participant_id,,,,,
C8p_QI54,categorical,site_name,-1.0,0.0,categorical:site_name,,,,,
C8p_QI54,categorical,race,-1.0,0.0,categorical:race,,,,,
C8p_QI54,categorical,sex,-1.0,0.0,categorical:sex,,,,,
C8p_QI54,categorical,general_wellbeing,-1.0,0.0,categorical:general_wellbeing,,,,,
C8p_QI54,squared_exponential,hbi,-4.8,0.0,squared_exponential:hbi,0.5,1.0,-4.804529934518769,7.46826290037833e-06,60.0
C8p_QI54,lin,hbi,3.3,0.039,lin:hbi,5.104645227160809e-05,0.0003998638761275,-0.9675275521296952,0.0819601316622789,60.0
C8p_QI54,squared_exponential,study_days,-4.8,0.0,squared_exponential:study_days,,,,,
C8p_QI54,lin,study_days,-1.6,0.025,lin:study_days,,,,,
C8p_QI54,squared_exponential,age,-4.8,0.0,squared_exponential:age,,,,,
C8p_QI54,lin,age,-2.2,0.0,lin:age,,,,,
C8p_QI54,squared_exponential,time_from_max,-4.8,0.0,squared_exponential:time_from_max,1.0,1.0,-4.804473772769143,2.2109670353939723e-08,10.0
C8p_QI54,lin,time_from_max,-1.0,0.0,lin:time_from_max,1.0,1.0,-0.9675407243566952,2.037873131849974e-08,10.0
C8p_QI55,categorical,participant_id,65.7,0.865,categorical:participant_id,,,,,
C8p_QI55,categorical,site_name,-1.0,0.0,categorical:site_name,,,,,
C8p_QI55,categorical,race,-1.0,0.0,categorical:race,,,,,
C8p_QI55,categorical,sex,-1.0,0.0,categorical:sex,,,,,
C8p_QI55,categorical,general_wellbeing,-1.0,0.0,categorical:general_wellbeing,,,,,
C8p_QI55,squared_exponential,hbi,-4.8,0.0,squared_exponential:hbi,0.5,1.0,-4.804457756082684,1.142404774978799e-05,60.0
C8p_QI55,lin,hbi,9.8,0.056,lin:hbi,5.104645227160809e-05,0.0003998638761275,-0.9681726269363936,0.3239361002439155,60.0
C8p_QI55,squared_exponential,study_days,-4.8,0.0,squared_exponential:study_days,,,,,
C8p_QI55,lin,study_days,-1.5,0.013,lin:study_days,,,,,
C8p_QI55,squared_exponential,age,-4.8,0.0,squared_exponential:age,,,,,
C8p_QI55,lin,age,-1.0,0.0,lin:age,,,,,
C8p_QI55,squared_exponential,time_from_max,-4.8,0.0,squared_exponential:time_from_max,1.0,1.0,-4.804460975687334,3.663410261337745e-07,10.0
C8p_QI55,lin,time_from_max,-1.0,0.0,lin:time_from_max,1.0,1.0,-0.9678658270868254,4.540954493612122e-07,10.0
C8p_QI56,categorical,participant_id,9.1,0.889,categorical:participant_id,,,,,
C8p_QI56,categorical,site_name,-1.0,0.0,categorical:site_name,,,,,
C8p_QI56,categorical,race,-1.0,0.0,categorical:race,,,,,
C8p_QI56,categorical,sex,-1.0,0.0,categorical:sex,,,,,
C8p_QI56,categorical,general_wellbeing,-1.0,0.0,categorical:general_wellbeing,,,,,
C8p_QI56,squared_exponential,hbi,-4.8,0.0,squared_exponential:hbi,0.5,1.0,-4.804465367823013,1.0151635890614727e-05,60.0
C8p_QI56,lin,hbi,-0.8,0.017,lin:hbi,0.1061538461538461,0.3585076001842469,-0.9675863472621132,0.3669516419540141,60.0
C8p_QI56,squared_exponential,study_days,-4.8,0.0,squared_exponential:study_days,,,,,
C8p_QI56,lin,study_days,-1.0,0.0,lin:study_days,,,,,
C8p_QI56,squared_exponential,age,-4.8,0.0,squared_exponential:age,,,,,
C8p_QI56,lin,age,-1.0,0.0,lin:age,,,,,
C8p_QI56,squared_exponential,time_from_max,-4.8,0.0,squared_exponential:time_from_max,1.0,1.0,-4.804453239421264,7.557590048309046e-09,10.0
C8p_QI56,lin,time_from_max,-1.0,0.0,lin:time_from_max,1.0,1.0,-0.9675327606432802,1.1914787425505594e-08,10.0
C8p_QI57,categorical,participant_id,31.1,1.0,categorical:participant_id,,,,,
C8p_QI57,categorical,site_name,-1.0,0.0,categorical:site_name,,,,,
C8p_QI57,categorical,race,-1.0,0.0,categorical:race,,,,,
C8p_QI57,categorical,sex,-1.0,0.0,categorical:sex,,,,,
C8p_QI57,categorical,general_wellbeing,-1.0,0.0,categorical:general_wellbeing,,,,,
C8p_QI57,squared_exponential,hbi,-4.8,0.0,squared_exponential:hbi,0.5,1.0,-4.804454565681226,2.016188934068405e-05,60.0
C8p_QI57,lin,hbi,-1.7,0.017,lin:hbi,0.5,1.0,-0.9677046589304156,0.1649662648326265,60.0
C8p_QI57,squared_exponential,study_days,-4.8,0.0,squared_exponential:study_days,,,,,
C8p_QI57,lin,study_days,-1.0,0.0,lin:study_days,,,,,
C8p_QI57,squared_exponential,age,-4.8,0.0,squared_exponential:age,,,,,
C8p_QI57,lin,age,-1.0,0.0,lin:age,,,,,
C8p_QI57,squared_exponential,time_from_max,-4.8,0.0,squared_exponential:time_from_max,1.0,1.0,-4.804456160623886,6.412266488844829e-08,10.0
C8p_QI57,lin,time_from_max,-1.0,0.0,lin:time_from_max,1.0,1.0,-0.9675295543461288,9.118348219335994e-08,10.0
C8p_QI58,categorical,participant_id,10.1,1.0,categorical:participant_id,,,,,
C8p_QI58,categorical,site_name,-1.0,0.0,categorical:site_name,,,,,
C8p_QI58,categorical,race,-1.0,0.0,categorical:race,,,,,
C8p_QI58,categorical,sex,-1.0,0.0,categorical:sex,,,,,
C8p_QI58,categorical,general_wellbeing,-1.0,0.0,categorical:general_wellbeing,,,,,
C8p_QI58,squared_exponential,hbi,-4.8,0.0,squared_exponential:hbi,1.0,1.0,-4.8044530890445,7.730998587331905e-09,10.0
C8p_QI58,lin,hbi,-1.0,0.0,lin:hbi,1.0,1.0,-0.967574573580805,1.0365166136266494e-08,10.0
C8p_QI58,squared_exponential,study_days,-4.8,0.0,squared_exponential:study_days,,,,,
C8p_QI58,lin,study_days,-1.0,0.0,lin:study_days,,,,,
C8p_QI58,squared_exponential,age,-4.8,0.0,squared_exponential:age,,,,,
C8p_QI58,lin,age,-1.0,0.0,lin:age,,,,,
C8p_QI58,squared_exponential,time_from_max,-4.8,0.0,squared_exponential:time_from_max,1.0,1.0,-4.804456987792037,6.0718032676015166e-09,10.0
C8p_QI58,lin,time_from_max,-1.0,0.0,lin:time_from_max,1.0,1.0,-0.9675259670700598,8.544423925429279e-09,10.0
C8p_QI59,categorical,participant_id,21.5,0.892,categorical:participant_id,,,,,
C8p_QI59,categorical,site_name,-1.0,0.0,categorical:site_name,,,,,
C8p_QI59,categorical,race,-1.0,0.0,categorical:race,,,,,
C8p_QI59,categorical,sex,-1.0,0.0,categorical:sex,,,,,
C8p_QI59,categorical,general_wellbeing,-1.0,0.0,categorical:general_wellbeing,,,,,
C8p_QI59,squared_exponential,hbi,-4.8,0.0,squared_exponential:hbi,0.5,1.0,-4.80445370943653,1.1428209831833373e-05,60.0
C8p_QI59,lin,hbi,-0.0,0.036,lin:hbi,0.0058765081528933,0.0321781611478818,-0.9675645807428735,0.194880909655419,60.0
C8p_QI59,squared_exponential,study_days,-4.8,0.0,squared_exponential:study_days,,,,,
C8p_QI59,lin,study_days,-1.0,0.0,lin:study_days,,,,,
C8p_QI59,squared_exponential,age,-4.8,0.0,squared_exponential:age,,,,,
C8p_QI59,lin,age,-1.0,0.0,lin:age,,,,,
C8p_QI59,squared_exponential,time_from_max,-4.8,0.0,squared_exponential:time_from_max,1.0,1.0,-4.804452975647337,6.674033084097636e-09,10.0
C8p_QI59,lin,time_from_max,-1.0,0.0,lin:time_from_max,1.0,1.0,-0.9675261350100754,1.0198578736308685e-08,10.0
C8p_QI60,categorical,participant_id,36.9,0.937,categorical:participant_id,,,,,
C8p_QI60,categorical,site_name,-1.0,0.0,categorical:site_name,,,,,
C8p_QI60,categorical,race,-1.0,0.0,categorical:race,,,,,
C8p_QI60,categorical,sex,-1.0,0.0,categorical:sex,,,,,
C8p_QI60,categorical,general_wellbeing,-1.0,0.0,categorical:general_wellbeing,,,,,
C8p_QI60,squared_exponential,hbi,-4.8,0.0,squared_exponential:hbi,0.5,1.0,-4.804453835498407,4.036060246397468e-06,60.0
C8p_QI60,lin,hbi,1.6,0.049,lin:hbi,5.104645227160809e-05,0.0003998638761275,-0.9675824883465792,0.2063243449232757,60.0
C8p_QI60,squared_exponential,study_days,-4.8,0.0,squared_exponential:study_days,,,,,
C8p_QI60,lin,study_days,-1.0,0.0,lin:study_days,,,,,
C8p_QI60,squared_exponential,age,-4.8,0.0,squared_exponential:age,,,,,
C8p_QI60,lin,age,-1.0,0.0,lin:age,,,,,
C8p_QI60,squared_exponential,time_from_max,-4.8,0.0,squared_exponential:time_from_max,1.0,1.0,-4.804485101641831,2.9081014253984677e-08,10.0
C8p_QI60,lin,time_from_max,-1.0,0.0,lin:time_from_max,1.0,1.0,-0.9675564636725084,4.6637907996126896e-08,10.0
C8p_QI61,categorical,participant_id,40.8,0.818,categorical:participant_id,,,,,
C8p_QI61,categorical,site_name,-1.0,0.0,categorical:site_name,,,,,
C8p_QI61,categorical,race,-1.0,0.0,categorical:race,,,,,
C8p_QI61,categorical,sex,-1.0,0.0,categorical:sex,,,,,
C8p_QI61,categorical,general_wellbeing,-1.0,0.0,categorical:general_wellbeing,,,,,
C8p_QI61,squared_exponential,hbi,-4.8,0.0,squared_exponential:hbi,0.5,1.0,-4.804454843122812,1.9122814765046115e-05,60.0
C8p_QI61,lin,hbi,7.3,0.073,lin:hbi,5.104645227160809e-05,0.0003998638761275,-0.9677646193813416,0.2795610288297884,60.0
C8p_QI61,squared_exponential,study_days,-4.8,0.0,squared_exponential:study_days,,,,,
C8p_QI61,lin,study_days,-0.7,0.028,lin:study_days,,,,,
C8p_QI61,squared_exponential,age,-4.8,0.0,squared_exponential:age,,,,,
C8p_QI61,lin,age,-1.0,0.0,lin:age,,,,,
C8p_QI61,squared_exponential,time_from_max,-4.8,0.0,squared_exponential:time_from_max,1.0,1.0,-4.804457369093825,7.347491755576357e-08,10.0
C8p_QI61,lin,time_from_max,-1.0,0.0,lin:time_from_max,1.0,1.0,-0.967545361065504,5.5464458200816285e-08,10.0
C8p_QI62,categorical,participant_id,36.7,0.933,categorical:participant_id,,,,,
C8p_QI62,categorical,site_name,-1.0,0.0,categorical:site_name,,,,,
C8p_QI62,categorical,race,-1.0,0.0,categorical:race,,,,,
C8p_QI62,categorical,sex,-1.0,0.0,categorical:sex,,,,,
C8p_QI62,categorical,general_wellbeing,-1.0,0.0,categorical:general_wellbeing,,,,,
C8p_QI62,squared_exponential,hbi,-4.8,0.0,squared_exponential:hbi,0.5,1.0,-4.8044545341963385,5.670475774897448e-06,60.0
C8p_QI62,lin,hbi,3.1,0.067,lin:hbi,5.104645227160809e-05,0.0003998638761275,-0.967588580837628,0.2283388491106128,60.0
C8p_QI62,squared_exponential,study_days,-4.8,0.0,squared_exponential:study_days,,,,,
C8p_QI62,lin,study_days,-1.0,0.0,lin:study_days,,,,,
C8p_QI62,squared_exponential,age,-4.8,0.0,squared_exponential:age,,,,,
C8p_QI62,lin,age,-1.0,0.0,lin:age,,,,,
C8p_QI62,squared_exponential,time_from_max,-4.8,0.0,squared_exponential:time_from_max,1.0,1.0,-4.80445420293222,4.202712208079934e-08,10.0
C8p_QI62,lin,time_from_max,-1.0,0.0,lin:time_from_max,1.0,1.0,-0.9675259910909516,2.8039384796249792e-08,10.0
C8p_QI63,categorical,participant_id,-1.0,0.838,categorical:participant_id,,,,,
C8p_QI63,categorical,site_name,-1.0,0.847,categorical:site_name,,,,,
C8p_QI63,categorical,race,-1.0,0.839,categorical:race,,,,,
C8p_QI63,categorical,sex,-1.0,0.839,categorical:sex,,,,,
C8p_QI63,categorical,general_wellbeing,-1.0,0.842,categorical:general_wellbeing,,,,,
C8p_QI63,squared_exponential,hbi,-4.8,0.833,squared_exponential:hbi,1.0,1.0,-4.804451595607816,5.2371524977654045e-09,10.0
C8p_QI63,lin,hbi,-1.0,0.84,lin:hbi,1.0,1.0,-0.9675249048423212,4.8662020323483035e-09,10.0
C8p_QI63,squared_exponential,study_days,-4.8,0.843,squared_exponential:study_days,,,,,
C8p_QI63,lin,study_days,-1.0,0.845,lin:study_days,,,,,
C8p_QI63,squared_exponential,age,-4.8,0.843,squared_exponential:age,,,,,
C8p_QI63,lin,age,-1.0,0.853,lin:age,,,,,
C8p_QI63,squared_exponential,time_from_max,-4.8,0.847,squared_exponential:time_from_max,1.0,1.0,-4.804451600722587,4.51865417508444e-09,10.0
C8p_QI63,lin,time_from_max,-1.0,0.847,lin:time_from_max,1.0,1.0,-0.967524906755216,4.239947031827203e-09,10.0
C8p_QI64,categorical,participant_id,-1.0,0.973,categorical:participant_id,,,,,
C8p_QI64,categorical,site_name,-1.0,0.99,categorical:site_name,,,,,
C8p_QI64,categorical,race,-1.0,0.978,categorical:race,,,,,
C8p_QI64,categorical,sex,-1.0,0.979,categorical:sex,,,,,
C8p_QI64,categorical,general_wellbeing,-1.0,0.98,categorical:general_wellbeing,,,,,
C8p_QI64,squared_exponential,hbi,-4.8,0.975,squared_exponential:hbi,1.0,1.0,-4.804451987526136,1.2863328466660786e-08,10.0
C8p_QI64,lin,hbi,-1.0,0.991,lin:hbi,1.0,1.0,-0.967525308409222,1.2128308502468653e-08,10.0
C8p_QI64,squared_exponential,study_days,-4.8,0.985,squared_exponential:study_days,,,,,
C8p_QI64,lin,study_days,-1.0,0.972,lin:study_days,,,,,
C8p_QI64,squared_exponential,age,-4.8,0.976,squared_exponential:age,,,,,
C8p_QI64,lin,age,-1.0,0.987,lin:age,,,,,
C8p_QI64,squared_exponential,time_from_max,-4.8,0.988,squared_exponential:time_from_max,1.0,1.0,-4.804452642915749,1.0223695269453997e-08,10.0
C8p_QI64,lin,time_from_max,-1.0,0.975,lin:time_from_max,1.0,1.0,-0.9675252102235846,1.4545366950868e-08,10.0
C8p_QI66,categorical,participant_id,-1.0,0.0,categorical:participant_id,,,,,
C8p_QI66,categorical,site_name,-1.7,1.0,categorical:site_name,,,,,
C8p_QI66,categorical,race,-1.0,0.0,categorical:race,,,,,
C8p_QI66,categorical,sex,-1.0,0.0,categorical:sex,,,,,
C8p_QI66,categorical,general_wellbeing,-1.0,0.0,categorical:general_wellbeing,,,,,
C8p_QI66,squared_exponential,hbi,-4.8,0.0,squared_exponential:hbi,1.0,1.0,-4.80445644331212,2.6454576611514885e-08,10.0
C8p_QI66,lin,hbi,-1.0,0.0,lin:hbi,1.0,1.0,-0.9675257080177744,1.701910472558996e-08,10.0
C8p_QI66,squared_exponential,study_days,-4.8,0.0,squared_exponential:study_days,,,,,
C8p_QI66,lin,study_days,-1.0,0.0,lin:study_days,,,,,
C8p_QI66,squared_exponential,age,-4.8,0.0,squared_exponential:age,,,,,
C8p_QI66,lin,age,-1.0,0.0,lin:age,,,,,
C8p_QI66,squared_exponential,time_from_max,-4.8,0.0,squared_exponential:time_from_max,1.0,1.0,-4.804455013751067,4.141957443656704e-08,10.0
C8p_QI66,lin,time_from_max,-1.0,0.0,lin:time_from_max,1.0,1.0,-0.9675256850805454,4.090022821332798e-08,10.0
C8p_QI68,categorical,participant_id,-1.0,0.0,categorical:participant_id,,,,,
C8p_QI68,categorical,site_name,-1.0,0.0,categorical:site_name,,,,,
C8p_QI68,categorical,race,-1.0,0.0,categorical:race,,,,,
C8p_QI68,categorical,sex,-1.0,0.0,categorical:sex,,,,,
C8p_QI68,categorical,general_wellbeing,-1.0,0.0,categorical:general_wellbeing,,,,,
C8p_QI68,squared_exponential,hbi,-4.8,0.0,squared_exponential:hbi,1.0,1.0,-4.804456348548229,4.235831975937189e-08,10.0
C8p_QI68,lin,hbi,-1.0,0.0,lin:hbi,1.0,1.0,-0.967526855508595,3.4964616174186845e-08,10.0
C8p_QI68,squared_exponential,study_days,-6.6,0.477,squared_exponential:study_days,,,,,
C8p_QI68,lin,study_days,-1.0,0.0,lin:study_days,,,,,
C8p_QI68,squared_exponential,age,-4.8,0.0,squared_exponential:age,,,,,
C8p_QI68,lin,age,0.7,0.38,lin:age,,,,,
C8p_QI68,squared_exponential,time_from_max,-4.8,0.0,squared_exponential:time_from_max,1.0,1.0,-4.8044536090203565,2.6042406667574432e-08,10.0
C8p_QI68,lin,time_from_max,-1.0,0.0,lin:time_from_max,1.0,1.0,-0.9675291435262352,3.166888782746279e-08,10.0
C8p_QI70,categorical,participant_id,35.4,1.0,categorical:participant_id,,,,,
C8p_QI70,categorical,site_name,-1.0,0.0,categorical:site_name,,,,,
C8p_QI70,categorical,race,-1.0,0.0,categorical:race,,,,,
C8p_QI70,categorical,sex,-1.0,0.0,categorical:sex,,,,,
C8p_QI70,categorical,general_wellbeing,-1.0,0.0,categorical:general_wellbeing,,,,,
C8p_QI70,squared_exponential,hbi,-4.8,0.0,squared_exponential:hbi,1.0,1.0,-4.804458494043956,1.6653069837262754e-07,10.0
C8p_QI70,lin,hbi,-1.0,0.0,lin:hbi,1.0,1.0,-0.9676469496432674,3.100666209396765e-07,10.0
C8p_QI70,squared_exponential,study_days,-4.6,0.065,squared_exponential:study_days,,,,,
C8p_QI70,lin,study_days,-1.0,0.0,lin:study_days,,,,,
C8p_QI70,squared_exponential,age,-4.8,0.0,squared_exponential:age,,,,,
C8p_QI70,lin,age,-1.0,0.0,lin:age,,,,,
C8p_QI70,squared_exponential,time_from_max,-4.8,0.0,squared_exponential:time_from_max,1.0,1.0,-4.804456229863263,2.494867480615431e-07,10.0
C8p_QI70,lin,time_from_max,-1.0,0.0,lin:time_from_max,1.0,1.0,-0.9675274315072784,2.6359840591886255e-07,10.0
C8p_QI72,categorical,participant_id,-1.0,0.0,categorical:participant_id,,,,,
C8p_QI72,categorical,site_name,-1.8,0.147,categorical:site_name,,,,,
C8p_QI72,categorical,race,-1.0,0.0,categorical:race,,,,,
C8p_QI72,categorical,sex,-1.0,0.0,categorical:sex,,,,,
C8p_QI72,categorical,general_wellbeing,-6.0,0.647,categorical:general_wellbeing,,,,,
C8p_QI72,squared_exponential,hbi,-9.8,0.647,squared_exponential:hbi,0.5,1.0,-4.804458436702589,0.9006677139313843,60.0
C8p_QI72,lin,hbi,-1.0,0.0,lin:hbi,0.5,1.0,-0.967569456292722,3.3990985318535345e-05,60.0
C8p_QI72,squared_exponential,study_days,-6.0,0.119,squared_exponential:study_days,,,,,
C8p_QI72,lin,study_days,-1.0,0.0,lin:study_days,,,,,
C8p_QI72,squared_exponential,age,-4.8,0.0,squared_exponential:age,,,,,
C8p_QI72,lin,age,-0.4,0.049,lin:age,,,,,
C8p_QI72,squared_exponential,time_from_max,-4.8,0.0,squared_exponential:time_from_max,1.0,1.0,-4.804562067678262,2.127325258480239e-07,10.0
C8p_QI72,lin,time_from_max,-1.0,0.0,lin:time_from_max,1.0,1.0,-0.9678003217181868,1.4056005533740549e-07,10.0
C8p_QI74,categorical,participant_id,-1.0,0.0,categorical:participant_id,,,,,
C8p_QI74,categorical,site_name,-1.0,0.0,categorical:site_name,,,,,
C8p_QI74,categorical,race,-1.0,0.0,categorical:race,,,,,
C8p_QI74,categorical,sex,-1.0,0.0,categorical:sex,,,,,
C8p_QI74,categorical,general_wellbeing,-1.0,0.0,categorical:general_wellbeing,,,,,
C8p_QI74,squared_exponential,hbi,-4.8,0.0,squared_exponential:hbi,0.5,1.0,-4.804458391256958,1.9736832860936967e-05,60.0
C8p_QI74,lin,hbi,0.2,1.0,lin:hbi,0.0323076923076923,0.1248050579557431,-0.9676013276962294,0.4979010922953238,60.0
C8p_QI74,squared_exponential,study_days,-4.8,0.0,squared_exponential:study_days,,,,,
C8p_QI74,lin,study_days,-1.0,0.0,lin:study_days,,,,,
C8p_QI74,squared_exponential,age,-4.8,0.0,squared_exponential:age,,,,,
C8p_QI74,lin,age,-1.0,0.0,lin:age,,,,,
C8p_QI74,squared_exponential,time_from_max,-4.8,0.0,squared_exponential:time_from_max,1.0,1.0,-4.804452022693113,6.959550794705099e-08,10.0
C8p_QI74,lin,time_from_max,-1.0,0.0,lin:time_from_max,1.0,1.0,-0.9675252368501788,4.739727449738452e-08,10.0
C8p_QI76,categorical,participant_id,-1.0,0.0,categorical:participant_id,,,,,
C8p_QI76,categorical,site_name,8.0,0.583,categorical:site_name,,,,,
C8p_QI76,categorical,race,-2.7,0.36,categorical:race,,,,,
C8p_QI76,categorical,sex,-1.0,0.0,categorical:sex,,,,,
C8p_QI76,categorical,general_wellbeing,-1.0,0.0,categorical:general_wellbeing,,,,,
C8p_QI76,squared_exponential,hbi,-4.8,0.0,squared_exponential:hbi,1.0,1.0,-4.804453185677176,1.3579619602725804e-08,10.0
C8p_QI76,lin,hbi,-1.0,0.0,lin:hbi,1.0,1.0,-0.9675264705365408,1.3674420365202557e-08,10.0
C8p_QI76,squared_exponential,study_days,-5.8,0.184,squared_exponential:study_days,,,,,
C8p_QI76,lin,study_days,-1.0,0.0,lin:study_days,,,,,
C8p_QI76,squared_exponential,age,-4.8,0.0,squared_exponential:age,,,,,
C8p_QI76,lin,age,-1.0,0.0,lin:age,,,,,
C8p_QI76,squared_exponential,time_from_max,-4.8,0.0,squared_exponential:time_from_max,1.0,1.0,-4.804453197988778,9.066125002774202e-09,10.0
C8p_QI76,lin,time_from_max,-1.0,0.0,lin:time_from_max,1.0,1.0,-0.9680777954224596,1.4013255710758409e-08,10.0
C8p_QI78,categorical,participant_id,23.0,1.0,categorical:participant_id,,,,,
C8p_QI78,categorical,site_name,-1.0,0.0,categorical:site_name,,,,,
C8p_QI78,categorical,race,-1.0,0.0,categorical:race,,,,,
C8p_QI78,categorical,sex,-1.0,0.0,categorical:sex,,,,,
C8p_QI78,categorical,general_wellbeing,-1.0,0.0,categorical:general_wellbeing,,,,,
C8p_QI78,squared_exponential,hbi,-4.8,0.0,squared_exponential:hbi,0.5,1.0,-4.804540737979778,1.15620333371172e-05,60.0
C8p_QI78,lin,hbi,-0.8,0.036,lin:hbi,0.0569230769230768,0.207126550868486,-0.9678088763262168,0.1081567308122949,60.0
C8p_QI78,squared_exponential,study_days,-5.8,0.06,squared_exponential:study_days,,,,,
C8p_QI78,lin,study_days,-1.0,0.0,lin:study_days,,,,,
C8p_QI78,squared_exponential,age,-4.8,0.0,squared_exponential:age,,,,,
C8p_QI78,lin,age,-1.0,0.0,lin:age,,,,,
C8p_QI78,squared_exponential,time_from_max,-4.8,0.0,squared_exponential:time_from_max,1.0,1.0,-4.8044630546194185,1.2308167388728397e-07,10.0
C8p_QI78,lin,time_from_max,-1.0,0.0,lin:time_from_max,1.0,1.0,-0.9675952705692908,6.43981620346127e-08,10.0
C8p_QI80,categorical,participant_id,-1.0,1.0,categorical:participant_id,,,,,
C8p_QI80,categorical,site_name,-1.0,1.0,categorical:site_name,,,,,
C8p_QI80,categorical,race,-1.0,1.0,categorical:race,,,,,
C8p_QI80,categorical,sex,-1.0,1.0,categorical:sex,,,,,
C8p_QI80,categorical,general_wellbeing,-1.0,1.0,categorical:general_wellbeing,,,,,
C8p_QI80,squared_exponential,hbi,-4.8,1.0,squared_exponential:hbi,1.0,1.0,-4.804453287860724,1.5171883177676718e-07,10.0
C8p_QI80,lin,hbi,-1.0,1.0,lin:hbi,1.0,1.0,-0.9675262547289094,1.2043909385343281e-07,10.0
C8p_QI80,squared_exponential,study_days,-4.8,1.0,squared_exponential:study_days,,,,,
C8p_QI80,lin,study_days,-1.0,1.0,lin:study_days,,,,,
C8p_QI80,squared_exponential,age,-4.8,1.0,squared_exponential:age,,,,,
C8p_QI80,lin,age,-1.0,1.0,lin:age,,,,,
C8p_QI80,squared_exponential,time_from_max,-4.8,1.0,squared_exponential:time_from_max,1.0,1.0,-4.804454071762848,1.32333867526684e-07,10.0
C8p_QI80,lin,time_from_max,-1.0,1.0,lin:time_from_max,1.0,1.0,-0.9675260980463918,1.6377860986830069e-07,10.0
C8p_QI82,categorical,participant_id,-1.0,0.0,categorical:participant_id,,,,,
C8p_QI82,categorical,site_name,2.3,1.0,categorical:site_name,,,,,
C8p_QI82,categorical,race,-1.0,0.0,categorical:race,,,,,
C8p_QI82,categorical,sex,-1.0,0.0,categorical:sex,,,,,
C8p_QI82,categorical,general_wellbeing,-1.0,0.0,categorical:general_wellbeing,,,,,
C8p_QI82,squared_exponential,hbi,-4.8,0.0,squared_exponential:hbi,1.0,1.0,-4.804472039386383,2.21602435157549e-08,10.0
C8p_QI82,lin,hbi,-1.0,0.0,lin:hbi,1.0,1.0,-0.9675277609112528,2.6955143148178923e-08,10.0
C8p_QI82,squared_exponential,study_days,-4.8,0.0,squared_exponential:study_days,,,,,
C8p_QI82,lin,study_days,-1.0,0.0,lin:study_days,,,,,
C8p_QI82,squared_exponential,age,-4.8,0.0,squared_exponential:age,,,,,
C8p_QI82,lin,age,-1.0,0.0,lin:age,,,,,
C8p_QI82,squared_exponential,time_from_max,-4.8,0.0,squared_exponential:time_from_max,1.0,1.0,-4.804456717205312,1.0965182483109727e-08,10.0
C8p_QI82,lin,time_from_max,-1.0,0.0,lin:time_from_max,1.0,1.0,-0.9675280688929888,2.4044821792929142e-08,10.0
C8p_QI84,categorical,participant_id,-1.0,0.0,categorical:participant_id,,,,,
C8p_QI84,categorical,site_name,-1.0,0.0,categorical:site_name,,,,,
C8p_QI84,categorical,race,-1.0,0.0,categorical:race,,,,,
C8p_QI84,categorical,sex,-1.0,0.0,categorical:sex,,,,,
C8p_QI84,categorical,general_wellbeing,-1.0,0.0,categorical:general_wellbeing,,,,,
C8p_QI84,squared_exponential,hbi,-4.8,0.0,squared_exponential:hbi,1.0,1.0,-4.804455816949485,1.2884549152469348e-08,10.0
C8p_QI84,lin,hbi,-1.0,0.0,lin:hbi,1.0,1.0,-0.9675262323919468,1.2046409422333531e-08,10.0
C8p_QI84,squared_exponential,study_days,-4.8,0.0,squared_exponential:study_days,,,,,
C8p_QI84,lin,study_days,-1.0,0.0,lin:study_days,,,,,
C8p_QI84,squared_exponential,age,-4.8,0.0,squared_exponential:age,,,,,
C8p_QI84,lin,age,-0.6,1.0,lin:age,,,,,
C8p_QI84,squared_exponential,time_from_max,-4.8,0.0,squared_exponential:time_from_max,1.0,1.0,-4.804454448297065,1.5451388738783912e-08,10.0
C8p_QI84,lin,time_from_max,-1.0,0.0,lin:time_from_max,1.0,1.0,-0.9675262505263618,1.500136418032993e-08,10.0
C8p_QI86,categorical,participant_id,-1.0,1.0,categorical:participant_id,,,,,
C8p_QI86,categorical,site_name,-1.0,1.0,categorical:site_name,,,,,
C8p_QI86,categorical,race,-1.0,1.0,categorical:race,,,,,
C8p_QI86,categorical,sex,-1.0,1.0,categorical:sex,,,,,
C8p_QI86,categorical,general_wellbeing,-1.0,1.0,categorical:general_wellbeing,,,,,
C8p_QI86,squared_exponential,hbi,-4.8,1.0,squared_exponential:hbi,1.0,1.0,-4.80445246012755,1.5768405185137016e-08,10.0
C8p_QI86,lin,hbi,-1.0,1.0,lin:hbi,1.0,1.0,-0.9675256094444648,1.68035639390561e-08,10.0
C8p_QI86,squared_exponential,study_days,-4.8,1.0,squared_exponential:study_days,,,,,
C8p_QI86,lin,study_days,-1.0,0.986,lin:study_days,,,,,
C8p_QI86,squared_exponential,age,-4.8,1.0,squared_exponential:age,,,,,
C8p_QI86,lin,age,-1.0,1.0,lin:age,,,,,
C8p_QI86,squared_exponential,time_from_max,-4.8,1.0,squared_exponential:time_from_max,1.0,1.0,-4.804456605815631,1.3408234455475528e-08,10.0
C8p_QI86,lin,time_from_max,-1.0,1.0,lin:time_from_max,1.0,1.0,-0.9675255962197298,1.7627916735602504e-08,10.0
C8p_QI89,categorical,participant_id,-1.0,0.0,categorical:participant_id,,,,,
C8p_QI89,categorical,site_name,-1.0,0.0,categorical:site_name,,,,,
C8p_QI89,categorical,race,-0.3,0.493,categorical:race,,,,,
C8p_QI89,categorical,sex,-1.0,0.0,categorical:sex,,,,,
C8p_QI89,categorical,general_wellbeing,-1.0,0.0,categorical:general_wellbeing,,,,,
C8p_QI89,squared_exponential,hbi,-4.8,0.0,squared_exponential:hbi,0.5,1.0,-4.80473400055007,6.813994055414631e-06,60.0
C8p_QI89,lin,hbi,1.4,0.45,lin:hbi,5.104645227160809e-05,0.0003998638761275,-0.967727319407004,0.2319644245303998,60.0
C8p_QI89,squared_exponential,study_days,-4.8,0.0,squared_exponential:study_days,,,,,
C8p_QI89,lin,study_days,-1.0,0.0,lin:study_days,,,,,
C8p_QI89,squared_exponential,age,-4.8,0.0,squared_exponential:age,,,,,
C8p_QI89,lin,age,-1.0,0.0,lin:age,,,,,
C8p_QI89,squared_exponential,time_from_max,-4.8,0.0,squared_exponential:time_from_max,1.0,1.0,-4.804458236256096,2.431682781321372e-08,10.0
C8p_QI89,lin,time_from_max,-1.0,0.0,lin:time_from_max,1.0,1.0,-0.9675303456067468,2.0730428348203232e-08,10.0
C8p_QI91,categorical,participant_id,-1.0,0.0,categorical:participant_id,,,,,
C8p_QI91,categorical,site_name,-0.1,0.293,categorical:site_name,,,,,
C8p_QI91,categorical,race,-1.0,0.0,categorical:race,,,,,
C8p_QI91,categorical,sex,-1.0,0.0,categorical:sex,,,,,
C8p_QI91,categorical,general_wellbeing,-1.0,0.0,categorical:general_wellbeing,,,,,
C8p_QI91,squared_exponential,hbi,1.1,0.836,squared_exponential:hbi,0.0093022035347043,1.0,-4.804455382761034,1.9337643863090024,60.0
C8p_QI91,lin,hbi,-1.0,0.0,lin:hbi,0.5,1.0,-0.9675291726055092,1.033922488728404e-05,60.0
C8p_QI91,squared_exponential,study_days,-4.8,0.0,squared_exponential:study_days,,,,,
C8p_QI91,lin,study_days,-1.0,0.0,lin:study_days,,,,,
C8p_QI91,squared_exponential,age,-4.8,0.0,squared_exponential:age,,,,,
C8p_QI91,lin,age,-1.7,0.045,lin:age,,,,,
C8p_QI91,squared_exponential,time_from_max,-4.8,0.0,squared_exponential:time_from_max,1.0,1.0,-4.804459152876007,2.0396343292223978e-07,10.0
C8p_QI91,lin,time_from_max,-1.0,0.0,lin:time_from_max,1.0,1.0,-0.9675581231877004,1.081677798159388e-07,10.0
C8p_QI93,categorical,participant_id,-1.0,0.0,categorical:participant_id,,,,,
C8p_QI93,categorical,site_name,-1.0,0.0,categorical:site_name,,,,,
C8p_QI93,categorical,race,-1.0,0.0,categorical:race,,,,,
C8p_QI93,categorical,sex,-1.1,0.148,categorical:sex,,,,,
C8p_QI93,categorical,general_wellbeing,-1.0,0.0,categorical:general_wellbeing,,,,,
C8p_QI93,squared_exponential,hbi,-6.1,0.255,squared_exponential:hbi,0.5,1.0,-4.804526526725567,1.0078301999232069,60.0
C8p_QI93,lin,hbi,-1.0,0.0,lin:hbi,0.5,1.0,-0.9675267458887902,5.215486205073237e-06,60.0
C8p_QI93,squared_exponential,study_days,-6.2,0.574,squared_exponential:study_days,,,,,
C8p_QI93,lin,study_days,-1.0,0.0,lin:study_days,,,,,
C8p_QI93,squared_exponential,age,-4.8,0.0,squared_exponential:age,,,,,
C8p_QI93,lin,age,0.5,0.208,lin:age,,,,,
C8p_QI93,squared_exponential,time_from_max,-4.8,0.0,squared_exponential:time_from_max,1.0,1.0,-4.804455253746482,1.3266315239101402e-09,10.0
C8p_QI93,lin,time_from_max,-1.0,0.0,lin:time_from_max,1.0,1.0,-0.9675284404290778,6.1257915336602235e-09,10.0
C8p_QI95,categorical,participant_id,55.3,1.0,categorical:participant_id,,,,,
C8p_QI95,categorical,site_name,-1.0,0.0,categorical:site_name,,,,,
C8p_QI95,categorical,race,-1.0,0.0,categorical:race,,,,,
C8p_QI95,categorical,sex,-1.0,0.0,categorical:sex,,,,,
C8p_QI95,categorical,general_wellbeing,-1.0,0.0,categorical:general_wellbeing,,,,,
C8p_QI95,squared_exponential,hbi,-4.8,0.0,squared_exponential:hbi,1.0,1.0,-4.80449054928863,4.294506661832274e-08,10.0
C8p_QI95,lin,hbi,-1.0,0.0,lin:hbi,1.0,1.0,-0.9675330758614108,3.739850560545983e-08,10.0
C8p_QI95,squared_exponential,study_days,-4.8,0.0,squared_exponential:study_days,,,,,
C8p_QI95,lin,study_days,-1.0,0.0,lin:study_days,,,,,
C8p_QI95,squared_exponential,age,-4.8,0.0,squared_exponential:age,,,,,
C8p_QI95,lin,age,-1.0,0.0,lin:age,,,,,
C8p_QI95,squared_exponential,time_from_max,-4.8,0.0,squared_exponential:time_from_max,1.0,1.0,-4.804457138341149,5.734095075967164e-08,10.0
C8p_QI95,lin,time_from_max,-1.0,0.0,lin:time_from_max,1.0,1.0,-0.9675305308414864,1.0015861094016168e-07,10.0
C8p_QI96,categorical,participant_id,-1.0,0.0,categorical:participant_id,,,,,
C8p_QI96,categorical,site_name,-1.0,0.0,categorical:site_name,,,,,
C8p_QI96,categorical,race,-1.0,0.0,categorical:race,,,,,
C8p_QI96,categorical,sex,-1.0,0.0,categorical:sex,,,,,
C8p_QI96,categorical,general_wellbeing,-1.0,0.0,categorical:general_wellbeing,,,,,
C8p_QI96,squared_exponential,hbi,-4.8,0.0,squared_exponential:hbi,1.0,1.0,-4.80445291574506,3.009907550805298e-08,10.0
C8p_QI96,lin,hbi,-1.0,0.0,lin:hbi,1.0,1.0,-0.967526070745862,2.4333359626139945e-08,10.0
C8p_QI96,squared_exponential,study_days,-4.8,0.0,squared_exponential:study_days,,,,,
C8p_QI96,lin,study_days,-0.7,1.0,lin:study_days,,,,,
C8p_QI96,squared_exponential,age,-4.8,0.0,squared_exponential:age,,,,,
C8p_QI96,lin,age,-1.0,0.0,lin:age,,,,,
C8p_QI96,squared_exponential,time_from_max,-4.8,0.0,squared_exponential:time_from_max,1.0,1.0,-4.804455035705587,2.75015337862855e-08,10.0
C8p_QI96,lin,time_from_max,-1.0,0.0,lin:time_from_max,1.0,1.0,-0.9675260627941498,2.4382969463887027e-08,10.0
C8p_QI98,categorical,participant_id,-1.0,0.0,categorical:participant_id,,,,,
C8p_QI98,categorical,site_name,-0.6,0.587,categorical:site_name,,,,,
C8p_QI98,categorical,race,-1.0,0.0,categorical:race,,,,,
C8p_QI98,categorical,sex,-1.0,0.0,categorical:sex,,,,,
C8p_QI98,categorical,general_wellbeing,-1.0,0.0,categorical:general_wellbeing,,,,,
C8p_QI98,squared_exponential,hbi,-4.8,0.0,squared_exponential:hbi,1.0,1.0,-4.804463621573632,3.654543993350192e-08,10.0
C8p_QI98,lin,hbi,-1.0,0.0,lin:hbi,1.0,1.0,-0.9675296017451274,2.670605269859626e-08,10.0
C8p_QI98,squared_exponential,study_days,-4.8,0.0,squared_exponential:study_days,,,,,
C8p_QI98,lin,study_days,0.6,0.403,lin:study_days,,,,,
C8p_QI98,squared_exponential,age,-4.8,0.0,squared_exponential:age,,,,,
C8p_QI98,lin,age,-1.0,0.0,lin:age,,,,,
C8p_QI98,squared_exponential,time_from_max,-4.8,0.0,squared_exponential:time_from_max,1.0,1.0,-4.80445434218791,2.9590280940549986e-08,10.0
C8p_QI98,lin,time_from_max,-1.0,0.0,lin:time_from_max,1.0,1.0,-0.967527139824142,2.18628406214246e-08,10.0
C8p_QI100,categorical,participant_id,37.0,1.0,categorical:participant_id,,,,,
C8p_QI100,categorical,site_name,-1.0,0.0,categorical:site_name,,,,,
C8p_QI100,categorical,race,-1.0,0.0,categorical:race,,,,,
C8p_QI100,categorical,sex,-1.0,0.0,categorical:sex,,,,,
C8p_QI100,categorical,general_wellbeing,-1.0,0.0,categorical:general_wellbeing,,,,,
C8p_QI100,squared_exponential,hbi,-4.8,0.0,squared_exponential:hbi,1.0,1.0,-4.804454832410784,5.384453587238808e-08,10.0
C8p_QI100,lin,hbi,-1.0,0.0,lin:hbi,1.0,1.0,-0.9675280573840156,5.699729004624029e-08,10.0
C8p_QI100,squared_exponential,study_days,-4.8,0.0,squared_exponential:study_days,,,,,
C8p_QI100,lin,study_days,-1.0,0.0,lin:study_days,,,,,
C8p_QI100,squared_exponential,age,-4.8,0.0,squared_exponential:age,,,,,
C8p_QI100,lin,age,-1.0,0.0,lin:age,,,,,
C8p_QI100,squared_exponential,time_from_max,-4.8,0.0,squared_exponential:time_from_max,1.0,1.0,-4.804454451536458,4.8486916595543865e-08,10.0
C8p_QI100,lin,time_from_max,-1.0,0.0,lin:time_from_max,1.0,1.0,-0.9675269846206902,6.107208817569936e-08,10.0
C8p_QI101,categorical,participant_id,27.1,0.949,categorical:participant_id,,,,,
C8p_QI101,categorical,site_name,-1.0,0.0,categorical:site_name,,,,,
C8p_QI101,categorical,race,-1.0,0.0,categorical:race,,,,,
C8p_QI101,categorical,sex,-1.0,0.0,categorical:sex,,,,,
C8p_QI101,categorical,general_wellbeing,-1.0,0.0,categorical:general_wellbeing,,,,,
C8p_QI101,squared_exponential,hbi,-4.8,0.0,squared_exponential:hbi,1.0,1.0,-4.8044557299595,1.819964849289519e-07,10.0
C8p_QI101,lin,hbi,-1.0,0.0,lin:hbi,1.0,1.0,-0.9675397919349962,1.1842457388098016e-07,10.0
C8p_QI101,squared_exponential,study_days,-4.8,0.0,squared_exponential:study_days,,,,,
C8p_QI101,lin,study_days,-1.0,0.0,lin:study_days,,,,,
C8p_QI101,squared_exponential,age,-4.8,0.0,squared_exponential:age,,,,,
C8p_QI101,lin,age,-2.1,0.0,lin:age,,,,,
C8p_QI101,squared_exponential,time_from_max,-4.8,0.0,squared_exponential:time_from_max,1.0,1.0,-4.8044544002439125,5.4620427202385337e-08,10.0
C8p_QI101,lin,time_from_max,-1.0,0.0,lin:time_from_max,1.0,1.0,-0.9675277934527458,7.739534090205446e-08,10.0
C8p_QI103,categorical,participant_id,-1.0,0.0,categorical:participant_id,,,,,
C8p_QI103,categorical,site_name,-1.0,0.0,categorical:site_name,,,,,
C8p_QI103,categorical,race,-1.0,0.0,categorical:race,,,,,
C8p_QI103,categorical,sex,1.9,0.825,categorical:sex,,,,,
C8p_QI103,categorical,general_wellbeing,-1.0,0.0,categorical:general_wellbeing,,,,,
C8p_QI103,squared_exponential,hbi,-4.9,0.361,squared_exponential:hbi,0.5,1.0,-4.804732988689921,0.4251742020824969,60.0
C8p_QI103,lin,hbi,-1.0,0.0,lin:hbi,0.5,1.0,-0.9675528763823422,1.311700194586494e-05,60.0
C8p_QI103,squared_exponential,study_days,-4.8,0.0,squared_exponential:study_days,,,,,
C8p_QI103,lin,study_days,-0.9,0.181,lin:study_days,,,,,
C8p_QI103,squared_exponential,age,-4.8,0.0,squared_exponential:age,,,,,
C8p_QI103,lin,age,-1.0,0.0,lin:age,,,,,
C8p_QI103,squared_exponential,time_from_max,-4.8,0.0,squared_exponential:time_from_max,0.5,1.0,-4.804481891764226,1.007431490051094e-06,120.0
C8p_QI103,lin,time_from_max,-1.0,0.0,lin:time_from_max,0.5,1.0,-0.9675586178705088,1.200273307197567e-06,120.0
C8p_QI105,categorical,participant_id,-1.0,0.0,categorical:participant_id,,,,,
C8p_QI105,categorical,site_name,-1.0,0.0,categorical:site_name,,,,,
C8p_QI105,categorical,race,-1.0,0.0,categorical:race,,,,,
C8p_QI105,categorical,sex,6.2,0.606,categorical:sex,,,,,
C8p_QI105,categorical,general_wellbeing,-1.0,0.0,categorical:general_wellbeing,,,,,
C8p_QI105,squared_exponential,hbi,-2.2,0.507,squared_exponential:hbi,0.02,1.0,-4.805097323571317,1.0786979025854448,60.0
C8p_QI105,lin,hbi,-1.0,0.0,lin:hbi,0.5,1.0,-0.9675282159919334,1.5527930941870303e-05,60.0
C8p_QI105,squared_exponential,study_days,-4.8,0.0,squared_exponential:study_days,,,,,
C8p_QI105,lin,study_days,-1.1,0.122,lin:study_days,,,,,
C8p_QI105,squared_exponential,age,-4.8,0.0,squared_exponential:age,,,,,
C8p_QI105,lin,age,-1.0,0.0,lin:age,,,,,
C8p_QI105,squared_exponential,time_from_max,-4.8,0.0,squared_exponential:time_from_max,1.0,1.0,-4.804457564540826,5.378556884997025e-07,60.0
C8p_QI105,lin,time_from_max,-1.0,0.0,lin:time_from_max,1.0,1.0,-0.9675298922447836,9.444818050225972e-07,60.0
C8p_QI107,categorical,participant_id,44.4,1.0,categorical:participant_id,,,,,
C8p_QI107,categorical,site_name,-1.0,0.0,categorical:site_name,,,,,
C8p_QI107,categorical,race,-1.0,0.0,categorical:race,,,,,
C8p_QI107,categorical,sex,-1.0,0.0,categorical:sex,,,,,
C8p_QI107,categorical,general_wellbeing,-1.0,0.0,categorical:general_wellbeing,,,,,
C8p_QI107,squared_exponential,hbi,-4.8,0.0,squared_exponential:hbi,1.0,1.0,-4.804454373801036,8.475942395923846e-08,10.0
C8p_QI107,lin,hbi,-1.0,0.0,lin:hbi,1.0,1.0,-0.9675258525060144,8.584846367644043e-08,10.0
C8p_QI107,squared_exponential,study_days,-4.8,0.0,squared_exponential:study_days,,,,,
C8p_QI107,lin,study_days,-1.0,0.0,lin:study_days,,,,,
C8p_QI107,squared_exponential,age,-4.8,0.0,squared_exponential:age,,,,,
C8p_QI107,lin,age,-1.0,0.0,lin:age,,,,,
C8p_QI107,squared_exponential,time_from_max,-4.8,0.0,squared_exponential:time_from_max,1.0,1.0,-4.804460769973048,6.925146971823195e-08,10.0
C8p_QI107,lin,time_from_max,-1.0,0.0,lin:time_from_max,1.0,1.0,-0.9675258089419002,7.631883340900313e-08,10.0
C8p_QI116,categorical,participant_id,-1.0,0.0,categorical:participant_id,,,,,
C8p_QI116,categorical,site_name,-1.0,0.0,categorical:site_name,,,,,
C8p_QI116,categorical,race,-1.0,0.0,categorical:race,,,,,
C8p_QI116,categorical,sex,0.2,0.675,categorical:sex,,,,,
C8p_QI116,categorical,general_wellbeing,-1.0,0.0,categorical:general_wellbeing,,,,,
C8p_QI116,squared_exponential,hbi,-4.8,0.0,squared_exponential:hbi,1.0,1.0,-4.804451746025279,8.968485031859714e-07,60.0
C8p_QI116,lin,hbi,-1.0,0.0,lin:hbi,0.5,1.0,-0.9676358379433624,1.1239956083852548e-06,60.0
C8p_QI116,squared_exponential,study_days,-4.8,0.0,squared_exponential:study_days,,,,,
C8p_QI116,lin,study_days,-1.6,0.24,lin:study_days,,,,,
C8p_QI116,squared_exponential,age,-4.8,0.0,squared_exponential:age,,,,,
C8p_QI116,lin,age,-1.0,0.0,lin:age,,,,,
C8p_QI116,squared_exponential,time_from_max,-4.8,0.0,squared_exponential:time_from_max,1.0,1.0,-4.8044515991082335,5.985365284577833e-07,10.0
C8p_QI116,lin,time_from_max,-1.0,0.0,lin:time_from_max,1.0,1.0,-0.9675250279829016,6.872822655967738e-07,10.0
C8p_QI108,categorical,participant_id,-1.0,0.0,categorical:participant_id,,,,,
C8p_QI108,categorical,site_name,-1.0,0.0,categorical:site_name,,,,,
C8p_QI108,categorical,race,-1.0,0.0,categorical:race,,,,,
C8p_QI108,categorical,sex,1.1,0.816,categorical:sex,,,,,
C8p_QI108,categorical,general_wellbeing,-1.0,0.0,categorical:general_wellbeing,,,,,
C8p_QI108,squared_exponential,hbi,-5.1,0.405,squared_exponential:hbi,0.5,1.0,-4.804841663741627,0.5470888189866264,60.0
C8p_QI108,lin,hbi,-1.0,0.0,lin:hbi,0.5,1.0,-0.967529477289645,1.5249760480382655e-05,60.0
C8p_QI108,squared_exponential,study_days,-5.6,0.194,squared_exponential:study_days,,,,,
C8p_QI108,lin,study_days,-1.0,0.0,lin:study_days,,,,,
C8p_QI108,squared_exponential,age,-4.8,0.0,squared_exponential:age,,,,,
C8p_QI108,lin,age,-1.0,0.0,lin:age,,,,,
C8p_QI108,squared_exponential,time_from_max,-4.8,0.0,squared_exponential:time_from_max,1.0,1.0,-4.804457010095575,9.671729164887118e-07,120.0
C8p_QI108,lin,time_from_max,-1.0,0.0,lin:time_from_max,0.5,1.0,-0.9675354032665382,1.8817215302738043e-06,120.0
C8p_QI110,categorical,participant_id,-1.0,0.0,categorical:participant_id,,,,,
C8p_QI110,categorical,site_name,-1.0,0.0,categorical:site_name,,,,,
C8p_QI110,categorical,race,-1.0,0.0,categorical:race,,,,,
C8p_QI110,categorical,sex,5.4,0.593,categorical:sex,,,,,
C8p_QI110,categorical,general_wellbeing,-1.0,0.0,categorical:general_wellbeing,,,,,
C8p_QI110,squared_exponential,hbi,-3.0,0.468,squared_exponential:hbi,0.0027332237455781,0.7707690962530416,-4.804841703067723,0.4705727738947992,60.0
C8p_QI110,lin,hbi,-1.0,0.0,lin:hbi,0.5,1.0,-0.9675280415981432,1.1852608666335237e-05,60.0
C8p_QI110,squared_exponential,study_days,-4.8,0.0,squared_exponential:study_days,,,,,
C8p_QI110,lin,study_days,-1.0,0.137,lin:study_days,,,,,
C8p_QI110,squared_exponential,age,-4.8,0.0,squared_exponential:age,,,,,
C8p_QI110,lin,age,-1.0,0.0,lin:age,,,,,
C8p_QI110,squared_exponential,time_from_max,-4.8,0.0,squared_exponential:time_from_max,1.0,1.0,-4.804459011266317,7.622801609206735e-07,10.0
C8p_QI110,lin,time_from_max,-1.0,0.0,lin:time_from_max,1.0,1.0,-0.9675249561119018,6.673334668597152e-07,10.0
C8p_QI112,categorical,participant_id,-1.0,0.0,categorical:participant_id,,,,,
C8p_QI112,categorical,site_name,-0.7,0.169,categorical:site_name,,,,,
C8p_QI112,categorical,race,-1.0,0.0,categorical:race,,,,,
C8p_QI112,categorical,sex,3.7,0.312,categorical:sex,,,,,
C8p_QI112,categorical,general_wellbeing,-2.0,0.048,categorical:general_wellbeing,,,,,
C8p_QI112,squared_exponential,hbi,-6.1,0.098,squared_exponential:hbi,0.5,1.0,-4.805164898083376,0.5126160867278675,60.0
C8p_QI112,lin,hbi,-1.0,0.0,lin:hbi,0.5,1.0,-0.967528000616312,1.2326874243903364e-05,60.0
C8p_QI112,squared_exponential,study_days,-4.8,0.0,squared_exponential:study_days,,,,,
C8p_QI112,lin,study_days,-1.3,0.06,lin:study_days,,,,,
C8p_QI112,squared_exponential,age,-4.8,0.0,squared_exponential:age,,,,,
C8p_QI112,lin,age,-1.0,0.0,lin:age,,,,,
C8p_QI112,squared_exponential,time_from_max,-4.8,0.0,squared_exponential:time_from_max,1.0,1.0,-4.8044550687518495,1.452596901011403e-07,10.0
C8p_QI112,lin,time_from_max,-1.0,0.0,lin:time_from_max,1.0,1.0,-0.9675286079955184,1.8555551703416655e-07,10.0
C8p_QI114,categorical,participant_id,-1.0,0.0,categorical:participant_id,,,,,
C8p_QI114,categorical,site_name,0.7,0.287,categorical:site_name,,,,,
C8p_QI114,categorical,race,-1.0,0.0,categorical:race,,,,,
C8p_QI114,categorical,sex,2.4,0.171,categorical:sex,,,,,
C8p_QI114,categorical,general_wellbeing,-1.0,0.0,categorical:general_wellbeing,,,,,
C8p_QI114,squared_exponential,hbi,-4.8,0.0,squared_exponential:hbi,1.0,1.0,-4.8044631044635935,6.410061963943784e-08,10.0
C8p_QI114,lin,hbi,-1.0,0.0,lin:hbi,1.0,1.0,-0.9675266977219508,4.7718479686742114e-08,10.0
C8p_QI114,squared_exponential,study_days,-4.8,0.0,squared_exponential:study_days,,,,,
C8p_QI114,lin,study_days,-1.0,0.0,lin:study_days,,,,,
C8p_QI114,squared_exponential,age,0.8,0.531,squared_exponential:age,,,,,
C8p_QI114,lin,age,-1.0,0.0,lin:age,,,,,
C8p_QI114,squared_exponential,time_from_max,-4.8,0.0,squared_exponential:time_from_max,1.0,1.0,-4.804455110365552,8.717007384456569e-08,10.0
C8p_QI114,lin,time_from_max,-1.0,0.0,lin:time_from_max,1.0,1.0,-0.9675270232569346,7.201507693753668e-08,10.0
C8p_QI118,categorical,participant_id,14.5,0.826,categorical:participant_id,,,,,
C8p_QI118,categorical,site_name,-1.0,0.0,categorical:site_name,,,,,
C8p_QI118,categorical,race,-1.0,0.0,categorical:race,,,,,
C8p_QI118,categorical,sex,-1.0,0.0,categorical:sex,,,,,
C8p_QI118,categorical,general_wellbeing,-1.0,0.0,categorical:general_wellbeing,,,,,
C8p_QI118,squared_exponential,hbi,-4.8,0.0,squared_exponential:hbi,0.5,1.0,-4.804453042104797,5.20847972348003e-06,60.0
C8p_QI118,lin,hbi,3.5,0.025,lin:hbi,0.001481562096729,0.0103160620068538,-0.9675601629569428,0.707125747934772,60.0
C8p_QI118,squared_exponential,study_days,-4.8,0.0,squared_exponential:study_days,,,,,
C8p_QI118,lin,study_days,-1.0,0.0,lin:study_days,,,,,
C8p_QI118,squared_exponential,age,-4.8,0.0,squared_exponential:age,,,,,
C8p_QI118,lin,age,-1.0,0.0,lin:age,,,,,
C8p_QI118,squared_exponential,time_from_max,-4.8,0.0,squared_exponential:time_from_max,1.0,1.0,-4.8044618228716445,2.3079763467580768e-08,10.0
C8p_QI118,lin,time_from_max,-1.0,0.0,lin:time_from_max,1.0,1.0,-0.9675310390264258,2.246546738486972e-08,10.0
C8p_QI121,categorical,participant_id,54.1,1.0,categorical:participant_id,,,,,
C8p_QI121,categorical,site_name,-1.0,0.0,categorical:site_name,,,,,
C8p_QI121,categorical,race,-1.0,0.0,categorical:race,,,,,
C8p_QI121,categorical,sex,-1.0,0.0,categorical:sex,,,,,
C8p_QI121,categorical,general_wellbeing,-1.0,0.0,categorical:general_wellbeing,,,,,
C8p_QI121,squared_exponential,hbi,-4.8,0.0,squared_exponential:hbi,0.5,1.0,-4.8044545578868565,4.433436083618237e-06,60.0
C8p_QI121,lin,hbi,-2.0,0.02,lin:hbi,0.5,1.0,-0.9675852404516264,0.3910946042481427,60.0
C8p_QI121,squared_exponential,study_days,-4.8,0.0,squared_exponential:study_days,,,,,
C8p_QI121,lin,study_days,-1.0,0.0,lin:study_days,,,,,
C8p_QI121,squared_exponential,age,-4.8,0.0,squared_exponential:age,,,,,
C8p_QI121,lin,age,-1.0,0.0,lin:age,,,,,
C8p_QI121,squared_exponential,time_from_max,-4.8,0.0,squared_exponential:time_from_max,1.0,1.0,-4.804463286626287,4.2741361453818275e-08,10.0
C8p_QI121,lin,time_from_max,-1.0,0.0,lin:time_from_max,1.0,1.0,-0.9675451733580758,4.187605623921931e-08,10.0
C8p_QI123,categorical,participant_id,47.2,1.0,categorical:participant_id,,,,,
C8p_QI123,categorical,site_name,-1.0,0.0,categorical:site_name,,,,,
C8p_QI123,categorical,race,-1.0,0.0,categorical:race,,,,,
C8p_QI123,categorical,sex,-1.0,0.0,categorical:sex,,,,,
C8p_QI123,categorical,general_wellbeing,-1.0,0.0,categorical:general_wellbeing,,,,,
C8p_QI123,squared_exponential,hbi,-4.8,0.0,squared_exponential:hbi,1.0,1.0,-4.804457186473655,5.769734337545994e-09,10.0
C8p_QI123,lin,hbi,-1.0,0.0,lin:hbi,1.0,1.0,-0.9678884991726592,4.8458831596990575e-09,10.0
C8p_QI123,squared_exponential,study_days,-4.8,0.0,squared_exponential:study_days,,,,,
C8p_QI123,lin,study_days,-1.0,0.0,lin:study_days,,,,,
C8p_QI123,squared_exponential,age,-4.8,0.0,squared_exponential:age,,,,,
C8p_QI123,lin,age,-1.0,0.0,lin:age,,,,,
C8p_QI123,squared_exponential,time_from_max,-4.8,0.0,squared_exponential:time_from_max,1.0,1.0,-4.804459393236812,5.512671509501063e-09,10.0
C8p_QI123,lin,time_from_max,-1.0,0.0,lin:time_from_max,1.0,1.0,-0.9675301175643654,4.097183319710984e-09,10.0
C8p_QI125,categorical,participant_id,76.7,0.991,categorical:participant_id,,,,,
C8p_QI125,categorical,site_name,-1.0,0.0,categorical:site_name,,,,,
C8p_QI125,categorical,race,-1.0,0.0,categorical:race,,,,,
C8p_QI125,categorical,sex,-1.0,0.0,categorical:sex,,,,,
C8p_QI125,categorical,general_wellbeing,-1.0,0.0,categorical:general_wellbeing,,,,,
C8p_QI125,squared_exponential,hbi,-4.8,0.0,squared_exponential:hbi,0.5,1.0,-4.804460144645645,7.396810436713725e-06,60.0
C8p_QI125,lin,hbi,-1.7,0.015,lin:hbi,0.5,1.0,-0.967583108462577,0.2671125942564103,60.0
C8p_QI125,squared_exponential,study_days,-4.8,0.0,squared_exponential:study_days,,,,,
C8p_QI125,lin,study_days,-1.0,0.0,lin:study_days,,,,,
C8p_QI125,squared_exponential,age,-4.8,0.0,squared_exponential:age,,,,,
C8p_QI125,lin,age,-1.0,0.0,lin:age,,,,,
C8p_QI125,squared_exponential,time_from_max,-4.8,0.0,squared_exponential:time_from_max,1.0,1.0,-4.804462814937551,1.982740784699407e-08,10.0
C8p_QI125,lin,time_from_max,-1.0,0.0,lin:time_from_max,1.0,1.0,-0.967563264296814,1.356533964355427e-08,10.0
C8p_QI127,categorical,participant_id,45.5,1.0,categorical:participant_id,,,,,
C8p_QI127,categorical,site_name,-1.0,0.0,categorical:site_name,,,,,
C8p_QI127,categorical,race,-1.0,0.0,categorical:race,,,,,
C8p_QI127,categorical,sex,-1.0,0.0,categorical:sex,,,,,
C8p_QI127,categorical,general_wellbeing,-1.0,0.0,categorical:general_wellbeing,,,,,
C8p_QI127,squared_exponential,hbi,-4.8,0.0,squared_exponential:hbi,1.0,1.0,-4.8044525451696245,1.0229618527735811e-08,10.0
C8p_QI127,lin,hbi,-1.0,0.0,lin:hbi,1.0,1.0,-0.9675602857250852,8.495333113070616e-09,10.0
C8p_QI127,squared_exponential,study_days,-4.8,0.0,squared_exponential:study_days,,,,,
C8p_QI127,lin,study_days,-1.0,0.0,lin:study_days,,,,,
C8p_QI127,squared_exponential,age,-4.8,0.0,squared_exponential:age,,,,,
C8p_QI127,lin,age,-1.0,0.0,lin:age,,,,,
C8p_QI127,squared_exponential,time_from_max,-4.8,0.0,squared_exponential:time_from_max,1.0,1.0,-4.804452841717648,1.0189998721855478e-08,10.0
C8p_QI127,lin,time_from_max,-1.0,0.0,lin:time_from_max,1.0,1.0,-0.9675256281980182,8.832109427304093e-09,10.0
C8p_QI129,categorical,participant_id,-1.0,1.0,categorical:participant_id,,,,,
C8p_QI129,categorical,site_name,-1.0,1.0,categorical:site_name,,,,,
C8p_QI129,categorical,race,-1.0,1.0,categorical:race,,,,,
C8p_QI129,categorical,sex,-1.0,1.0,categorical:sex,,,,,
C8p_QI129,categorical,general_wellbeing,-1.0,1.0,categorical:general_wellbeing,,,,,
C8p_QI129,squared_exponential,hbi,-4.8,1.0,squared_exponential:hbi,1.0,1.0,-4.804452458226251,1.1226710769602763e-09,10.0
C8p_QI129,lin,hbi,-1.0,1.0,lin:hbi,1.0,1.0,-0.9675250278721704,1.2252250532009286e-09,10.0
C8p_QI129,squared_exponential,study_days,-4.8,1.0,squared_exponential:study_days,,,,,
C8p_QI129,lin,study_days,-1.0,1.0,lin:study_days,,,,,
C8p_QI129,squared_exponential,age,-4.8,1.0,squared_exponential:age,,,,,
C8p_QI129,lin,age,-1.0,1.0,lin:age,,,,,
C8p_QI129,squared_exponential,time_from_max,-4.8,1.0,squared_exponential:time_from_max,1.0,1.0,-4.804451949694112,8.405022581273976e-10,10.0
C8p_QI129,lin,time_from_max,-1.0,1.0,lin:time_from_max,1.0,1.0,-0.9675250258062532,3.096041309151217e-09,10.0
C8p_QI130,categorical,participant_id,-1.0,0.0,categorical:participant_id,,,,,
C8p_QI130,categorical,site_name,-1.7,1.0,categorical:site_name,,,,,
C8p_QI130,categorical,race,-1.0,0.0,categorical:race,,,,,
C8p_QI130,categorical,sex,-1.0,0.0,categorical:sex,,,,,
C8p_QI130,categorical,general_wellbeing,-1.0,0.0,categorical:general_wellbeing,,,,,
C8p_QI130,squared_exponential,hbi,-4.8,0.0,squared_exponential:hbi,1.0,1.0,-4.804451915544405,1.233848724212009e-09,10.0
C8p_QI130,lin,hbi,-1.0,0.0,lin:hbi,1.0,1.0,-0.9675251742805812,1.0273396093214716e-09,10.0
C8p_QI130,squared_exponential,study_days,-4.8,0.0,squared_exponential:study_days,,,,,
C8p_QI130,lin,study_days,-1.0,0.0,lin:study_days,,,,,
C8p_QI130,squared_exponential,age,-4.8,0.0,squared_exponential:age,,,,,
C8p_QI130,lin,age,-1.0,0.0,lin:age,,,,,
C8p_QI130,squared_exponential,time_from_max,-4.8,0.0,squared_exponential:time_from_max,1.0,1.0,-4.804451946678228,1.2946908862820707e-09,10.0
C8p_QI130,lin,time_from_max,-1.0,0.0,lin:time_from_max,1.0,1.0,-0.967525155485646,1.0461470487077043e-09,10.0
C8p_QI132,categorical,participant_id,-1.0,0.0,categorical:participant_id,,,,,
C8p_QI132,categorical,site_name,-2.2,1.0,categorical:site_name,,,,,
C8p_QI132,categorical,race,-1.0,0.0,categorical:race,,,,,
C8p_QI132,categorical,sex,-1.0,0.0,categorical:sex,,,,,
C8p_QI132,categorical,general_wellbeing,-1.0,0.0,categorical:general_wellbeing,,,,,
C8p_QI132,squared_exponential,hbi,-4.8,0.0,squared_exponential:hbi,1.0,1.0,-4.804452841631928,6.226681943670903e-09,10.0
C8p_QI132,lin,hbi,-1.0,0.0,lin:hbi,1.0,1.0,-0.9675261466377378,5.5583998723887105e-09,10.0
C8p_QI132,squared_exponential,study_days,-4.8,0.0,squared_exponential:study_days,,,,,
C8p_QI132,lin,study_days,-1.0,0.0,lin:study_days,,,,,
C8p_QI132,squared_exponential,age,-4.8,0.0,squared_exponential:age,,,,,
C8p_QI132,lin,age,-1.0,0.0,lin:age,,,,,
C8p_QI132,squared_exponential,time_from_max,-4.8,0.0,squared_exponential:time_from_max,1.0,1.0,-4.804453255924955,1.1053270175507395e-08,10.0
C8p_QI132,lin,time_from_max,-1.0,0.0,lin:time_from_max,1.0,1.0,-0.967526156419126,9.853202735299172e-09,10.0
C8p_QI134,categorical,participant_id,6.9,1.0,categorical:participant_id,,,,,
C8p_QI134,categorical,site_name,-1.0,0.0,categorical:site_name,,,,,
C8p_QI134,categorical,race,-1.0,0.0,categorical:race,,,,,
C8p_QI134,categorical,sex,-1.0,0.0,categorical:sex,,,,,
C8p_QI134,categorical,general_wellbeing,-1.0,0.0,categorical:general_wellbeing,,,,,
C8p_QI134,squared_exponential,hbi,-4.8,0.0,squared_exponential:hbi,1.0,1.0,-4.804453260428772,2.831799416620298e-09,10.0
C8p_QI134,lin,hbi,-1.0,0.0,lin:hbi,1.0,1.0,-0.9675269878694052,4.762036705739759e-09,10.0
C8p_QI134,squared_exponential,study_days,-4.8,0.0,squared_exponential:study_days,,,,,
C8p_QI134,lin,study_days,-1.0,0.0,lin:study_days,,,,,
C8p_QI134,squared_exponential,age,-4.8,0.0,squared_exponential:age,,,,,
C8p_QI134,lin,age,-1.0,0.0,lin:age,,,,,
C8p_QI134,squared_exponential,time_from_max,-4.8,0.0,squared_exponential:time_from_max,1.0,1.0,-4.804453119132404,2.729017839830611e-09,10.0
C8p_QI134,lin,time_from_max,-1.0,0.0,lin:time_from_max,1.0,1.0,-0.967526481528239,2.477834784721495e-09,10.0
C8p_QI136,categorical,participant_id,67.9,1.0,categorical:participant_id,,,,,
C8p_QI136,categorical,site_name,-1.0,0.0,categorical:site_name,,,,,
C8p_QI136,categorical,race,-1.0,0.0,categorical:race,,,,,
C8p_QI136,categorical,sex,-1.0,0.0,categorical:sex,,,,,
C8p_QI136,categorical,general_wellbeing,-1.0,0.0,categorical:general_wellbeing,,,,,
C8p_QI136,squared_exponential,hbi,-4.8,0.0,squared_exponential:hbi,1.0,1.0,-4.804452491049688,4.920257697566963e-09,10.0
C8p_QI136,lin,hbi,-1.0,0.0,lin:hbi,1.0,1.0,-0.9675255606916836,2.7525904086503604e-08,10.0
C8p_QI136,squared_exponential,study_days,-4.8,0.0,squared_exponential:study_days,,,,,
C8p_QI136,lin,study_days,-1.0,0.0,lin:study_days,,,,,
C8p_QI136,squared_exponential,age,-4.8,0.0,squared_exponential:age,,,,,
C8p_QI136,lin,age,-1.0,0.0,lin:age,,,,,
C8p_QI136,squared_exponential,time_from_max,-4.8,0.0,squared_exponential:time_from_max,1.0,1.0,-4.8044527734125495,5.064535872414109e-09,10.0
C8p_QI136,lin,time_from_max,-1.0,0.0,lin:time_from_max,1.0,1.0,-0.9675255366712464,2.679301592292392e-08,10.0
C8p_QI138,categorical,participant_id,-1.0,0.981,categorical:participant_id,,,,,
C8p_QI138,categorical,site_name,-1.0,0.981,categorical:site_name,,,,,
C8p_QI138,categorical,race,-1.0,0.981,categorical:race,,,,,
C8p_QI138,categorical,sex,-1.0,0.981,categorical:sex,,,,,
C8p_QI138,categorical,general_wellbeing,-1.0,0.981,categorical:general_wellbeing,,,,,
C8p_QI138,squared_exponential,hbi,-4.8,0.981,squared_exponential:hbi,1.0,1.0,-4.80445293156879,1.2381682862642035e-09,10.0
C8p_QI138,lin,hbi,-1.0,0.981,lin:hbi,1.0,1.0,-0.9675256032750212,1.2506228742308712e-09,10.0
C8p_QI138,squared_exponential,study_days,-4.8,0.981,squared_exponential:study_days,,,,,
C8p_QI138,lin,study_days,-1.0,0.981,lin:study_days,,,,,
C8p_QI138,squared_exponential,age,-4.8,0.982,squared_exponential:age,,,,,
C8p_QI138,lin,age,-1.0,0.981,lin:age,,,,,
C8p_QI138,squared_exponential,time_from_max,-4.8,0.982,squared_exponential:time_from_max,1.0,1.0,-4.804454941322319,2.3776535006806173e-09,10.0
C8p_QI138,lin,time_from_max,-1.0,0.982,lin:time_from_max,1.0,1.0,-0.9675255210996738,3.036419149533577e-09,10.0
C8p_QI140,categorical,participant_id,-1.0,0.786,categorical:participant_id,,,,,
C8p_QI140,categorical,site_name,-1.0,0.787,categorical:site_name,,,,,
C8p_QI140,categorical,race,-1.0,0.788,categorical:race,,,,,
C8p_QI140,categorical,sex,-1.0,0.789,categorical:sex,,,,,
C8p_QI140,categorical,general_wellbeing,-1.0,0.789,categorical:general_wellbeing,,,,,
C8p_QI140,squared_exponential,hbi,-4.8,0.792,squared_exponential:hbi,1.0,1.0,-4.804451790384519,6.918295425510558e-09,10.0
C8p_QI140,lin,hbi,-1.0,0.787,lin:hbi,1.0,1.0,-0.9675252325239398,7.890264357666137e-09,10.0
C8p_QI140,squared_exponential,study_days,-4.8,0.773,squared_exponential:study_days,,,,,
C8p_QI140,lin,study_days,-1.0,0.786,lin:study_days,,,,,
C8p_QI140,squared_exponential,age,-4.8,0.78,squared_exponential:age,,,,,
C8p_QI140,lin,age,-1.0,0.79,lin:age,,,,,
C8p_QI140,squared_exponential,time_from_max,-4.8,0.786,squared_exponential:time_from_max,1.0,1.0,-4.804451686349694,1.0973930531442577e-08,10.0
C8p_QI140,lin,time_from_max,-1.0,0.786,lin:time_from_max,1.0,1.0,-0.967524986554281,6.3039980237749574e-09,10.0
C8p_QI142,categorical,participant_id,-1.0,0.83,categorical:participant_id,,,,,
C8p_QI142,categorical,site_name,-1.0,0.792,categorical:site_name,,,,,
C8p_QI142,categorical,race,-1.0,0.823,categorical:race,,,,,
C8p_QI142,categorical,sex,-1.0,0.825,categorical:sex,,,,,
C8p_QI142,categorical,general_wellbeing,-1.0,0.823,categorical:general_wellbeing,,,,,
C8p_QI142,squared_exponential,hbi,-4.8,0.803,squared_exponential:hbi,1.0,1.0,-4.8044543921712375,2.1834924330170934e-08,10.0
C8p_QI142,lin,hbi,-1.0,0.822,lin:hbi,1.0,1.0,-0.9675251990781816,1.2761865410102428e-08,10.0
C8p_QI142,squared_exponential,study_days,-4.8,0.804,squared_exponential:study_days,,,,,
C8p_QI142,lin,study_days,-1.0,0.853,lin:study_days,,,,,
C8p_QI142,squared_exponential,age,-4.8,0.793,squared_exponential:age,,,,,
C8p_QI142,lin,age,-1.0,0.852,lin:age,,,,,
C8p_QI142,squared_exponential,time_from_max,-4.8,0.8,squared_exponential:time_from_max,1.0,1.0,-4.804452458760579,1.7942937591300932e-08,10.0
C8p_QI142,lin,time_from_max,-1.0,0.817,lin:time_from_max,1.0,1.0,-0.9675251939213466,1.867154094675867e-08,10.0
C8p_QI144,categorical,participant_id,10.0,1.0,categorical:participant_id,,,,,
C8p_QI144,categorical,site_name,-1.0,0.0,categorical:site_name,,,,,
C8p_QI144,categorical,race,-1.0,0.0,categorical:race,,,,,
C8p_QI144,categorical,sex,-1.0,0.0,categorical:sex,,,,,
C8p_QI144,categorical,general_wellbeing,-1.0,0.0,categorical:general_wellbeing,,,,,
C8p_QI144,squared_exponential,hbi,-4.8,0.0,squared_exponential:hbi,1.0,1.0,-4.804452349531402,6.990830313756668e-09,10.0
C8p_QI144,lin,hbi,-1.0,0.0,lin:hbi,1.0,1.0,-0.9675261435224912,6.8600812204985564e-09,10.0
C8p_QI144,squared_exponential,study_days,-4.8,0.0,squared_exponential:study_days,,,,,
C8p_QI144,lin,study_days,-1.0,0.0,lin:study_days,,,,,
C8p_QI144,squared_exponential,age,-4.8,0.0,squared_exponential:age,,,,,
C8p_QI144,lin,age,-1.0,0.0,lin:age,,,,,
C8p_QI144,squared_exponential,time_from_max,-4.8,0.0,squared_exponential:time_from_max,1.0,1.0,-4.804452570141393,9.032146986567751e-09,10.0
C8p_QI144,lin,time_from_max,-1.0,0.0,lin:time_from_max,1.0,1.0,-0.9675256651455584,8.965081378105281e-09,10.0
C8p_QI146,categorical,participant_id,45.4,0.978,categorical:participant_id,,,,,
C8p_QI146,categorical,site_name,-1.0,0.0,categorical:site_name,,,,,
C8p_QI146,categorical,race,-1.0,0.0,categorical:race,,,,,
C8p_QI146,categorical,sex,-1.0,0.0,categorical:sex,,,,,
C8p_QI146,categorical,general_wellbeing,-1.0,0.0,categorical:general_wellbeing,,,,,
C8p_QI146,squared_exponential,hbi,-4.8,0.0,squared_exponential:hbi,1.0,1.0,-4.804455881599779,1.38169315240028e-08,10.0
C8p_QI146,lin,hbi,-1.0,0.0,lin:hbi,1.0,1.0,-0.9675348683472292,2.590886246014219e-08,10.0
C8p_QI146,squared_exponential,study_days,-4.8,0.0,squared_exponential:study_days,,,,,
C8p_QI146,lin,study_days,-1.5,0.012,lin:study_days,,,,,
C8p_QI146,squared_exponential,age,-4.8,0.0,squared_exponential:age,,,,,
C8p_QI146,lin,age,-1.0,0.0,lin:age,,,,,
C8p_QI146,squared_exponential,time_from_max,-4.8,0.0,squared_exponential:time_from_max,1.0,1.0,-4.804460788768438,2.1111370612446814e-08,10.0
C8p_QI146,lin,time_from_max,-1.0,0.0,lin:time_from_max,1.0,1.0,-0.9675632044761642,4.2872450893733036e-08,10.0
C8p_QI149,categorical,participant_id,-1.0,0.988,categorical:participant_id,,,,,
C8p_QI149,categorical,site_name,-1.0,0.988,categorical:site_name,,,,,
C8p_QI149,categorical,race,-1.0,0.988,categorical:race,,,,,
C8p_QI149,categorical,sex,-1.0,0.988,categorical:sex,,,,,
C8p_QI149,categorical,general_wellbeing,-1.0,0.988,categorical:general_wellbeing,,,,,
C8p_QI149,squared_exponential,hbi,-4.8,0.988,squared_exponential:hbi,1.0,1.0,-4.804451499084166,1.9747083229553836e-09,10.0
C8p_QI149,lin,hbi,-1.0,0.988,lin:hbi,1.0,1.0,-0.9675248737040648,2.3792548321014323e-09,10.0
C8p_QI149,squared_exponential,study_days,-4.8,0.988,squared_exponential:study_days,,,,,
C8p_QI149,lin,study_days,-1.0,0.988,lin:study_days,,,,,
C8p_QI149,squared_exponential,age,-4.8,0.988,squared_exponential:age,,,,,
C8p_QI149,lin,age,-1.0,0.988,lin:age,,,,,
C8p_QI149,squared_exponential,time_from_max,-4.8,0.988,squared_exponential:time_from_max,1.0,1.0,-4.804451604273254,1.6183994352118862e-09,10.0
C8p_QI149,lin,time_from_max,-1.0,0.988,lin:time_from_max,1.0,1.0,-0.9675248092567016,1.3833792118142755e-09,10.0
C8p_QI151,categorical,participant_id,-1.0,0.981,categorical:participant_id,,,,,
C8p_QI151,categorical,site_name,-1.0,0.981,categorical:site_name,,,,,
C8p_QI151,categorical,race,-1.0,0.983,categorical:race,,,,,
C8p_QI151,categorical,sex,-1.0,1.0,categorical:sex,,,,,
C8p_QI151,categorical,general_wellbeing,-1.0,1.0,categorical:general_wellbeing,,,,,
C8p_QI151,squared_exponential,hbi,-4.8,0.983,squared_exponential:hbi,1.0,1.0,-4.80445218488876,9.47604125630107e-09,10.0
C8p_QI151,lin,hbi,-1.0,1.0,lin:hbi,1.0,1.0,-0.9675253790339866,1.2053745444785962e-08,10.0
C8p_QI151,squared_exponential,study_days,-4.8,0.994,squared_exponential:study_days,,,,,
C8p_QI151,lin,study_days,-1.0,0.98,lin:study_days,,,,,
C8p_QI151,squared_exponential,age,-4.8,0.99,squared_exponential:age,,,,,
C8p_QI151,lin,age,-1.0,0.989,lin:age,,,,,
C8p_QI151,squared_exponential,time_from_max,-4.8,0.989,squared_exponential:time_from_max,1.0,1.0,-4.804452004584846,1.9984517155137672e-08,10.0
C8p_QI151,lin,time_from_max,-1.0,0.999,lin:time_from_max,1.0,1.0,-0.9675252548729532,1.5592608321174853e-08,10.0
C8p_QI153,categorical,participant_id,6.8,1.0,categorical:participant_id,,,,,
C8p_QI153,categorical,site_name,-1.0,0.0,categorical:site_name,,,,,
C8p_QI153,categorical,race,-1.0,0.0,categorical:race,,,,,
C8p_QI153,categorical,sex,-1.0,0.0,categorical:sex,,,,,
C8p_QI153,categorical,general_wellbeing,-1.0,0.0,categorical:general_wellbeing,,,,,
C8p_QI153,squared_exponential,hbi,-4.8,0.0,squared_exponential:hbi,1.0,1.0,-4.804453868729524,4.5806788756245765e-08,10.0
C8p_QI153,lin,hbi,-1.0,0.0,lin:hbi,1.0,1.0,-0.9675273914378976,4.8051696566674566e-08,10.0
C8p_QI153,squared_exponential,study_days,-4.8,0.0,squared_exponential:study_days,,,,,
C8p_QI153,lin,study_days,-1.0,0.0,lin:study_days,,,,,
C8p_QI153,squared_exponential,age,-4.8,0.0,squared_exponential:age,,,,,
C8p_QI153,lin,age,-1.0,0.0,lin:age,,,,,
C8p_QI153,squared_exponential,time_from_max,-4.8,0.0,squared_exponential:time_from_max,1.0,1.0,-4.804468124475079,6.221213225833555e-08,10.0
C8p_QI153,lin,time_from_max,-1.0,0.0,lin:time_from_max,1.0,1.0,-0.9675271675569092,4.5624830404182045e-08,10.0
C8p_QI155,categorical,participant_id,-1.0,0.0,categorical:participant_id,,,,,
C8p_QI155,categorical,site_name,-1.0,0.0,categorical:site_name,,,,,
C8p_QI155,categorical,race,-1.0,0.0,categorical:race,,,,,
C8p_QI155,categorical,sex,-1.0,0.0,categorical:sex,,,,,
C8p_QI155,categorical,general_wellbeing,-1.0,0.0,categorical:general_wellbeing,,,,,
C8p_QI155,squared_exponential,hbi,-4.8,0.0,squared_exponential:hbi,1.0,1.0,-4.804454957499274,1.1548211230365145e-07,10.0
C8p_QI155,lin,hbi,-1.0,0.0,lin:hbi,1.0,1.0,-0.967525971537043,1.766716844458143e-07,10.0
C8p_QI155,squared_exponential,study_days,-4.8,0.0,squared_exponential:study_days,,,,,
C8p_QI155,lin,study_days,-1.0,0.0,lin:study_days,,,,,
C8p_QI155,squared_exponential,age,-4.8,0.0,squared_exponential:age,,,,,
C8p_QI155,lin,age,-1.0,0.0,lin:age,,,,,
C8p_QI155,squared_exponential,time_from_max,-4.8,0.0,squared_exponential:time_from_max,0.5,1.0,-4.804452961964216,6.503050208837582e-06,120.0
C8p_QI155,lin,time_from_max,1.1,1.0,lin:time_from_max,0.0051068323106663,0.4114647747451158,-0.9675771065308254,0.5552470032677262,120.0
C8p_QI157,categorical,participant_id,-1.0,0.0,categorical:participant_id,,,,,
C8p_QI157,categorical,site_name,-0.6,0.338,categorical:site_name,,,,,
C8p_QI157,categorical,race,-1.0,0.0,categorical:race,,,,,
C8p_QI157,categorical,sex,-1.5,0.142,categorical:sex,,,,,
C8p_QI157,categorical,general_wellbeing,-1.0,0.0,categorical:general_wellbeing,,,,,
C8p_QI157,squared_exponential,hbi,-4.8,0.0,squared_exponential:hbi,1.0,1.0,-4.804452694464317,1.5936910097887526e-07,10.0
C8p_QI157,lin,hbi,-1.0,0.0,lin:hbi,1.0,1.0,-0.9675260060905656,1.4608760986213492e-07,10.0
C8p_QI157,squared_exponential,study_days,-5.3,0.234,squared_exponential:study_days,,,,,
C8p_QI157,lin,study_days,-1.0,0.0,lin:study_days,,,,,
C8p_QI157,squared_exponential,age,-4.8,0.0,squared_exponential:age,,,,,
C8p_QI157,lin,age,-1.0,0.0,lin:age,,,,,
C8p_QI157,squared_exponential,time_from_max,-5.1,0.223,squared_exponential:time_from_max,0.5,1.0,-4.805007371879356,0.6549584062971812,120.0
C8p_QI157,lin,time_from_max,-1.0,0.0,lin:time_from_max,0.5,1.0,-0.9675271067183076,9.711753982164388e-06,120.0
C8p_QI159,categorical,participant_id,14.4,0.884,categorical:participant_id,,,,,
C8p_QI159,categorical,site_name,-1.0,0.0,categorical:site_name,,,,,
C8p_QI159,categorical,race,-1.0,0.0,categorical:race,,,,,
C8p_QI159,categorical,sex,-1.0,0.0,categorical:sex,,,,,
C8p_QI159,categorical,general_wellbeing,-1.0,0.0,categorical:general_wellbeing,,,,,
C8p_QI159,squared_exponential,hbi,-4.8,0.0,squared_exponential:hbi,1.0,1.0,-4.804453320457242,6.035466075638082e-08,10.0
C8p_QI159,lin,hbi,-1.0,0.0,lin:hbi,1.0,1.0,-0.96752870892783,3.417144349836066e-08,10.0
C8p_QI159,squared_exponential,study_days,-4.8,0.0,squared_exponential:study_days,,,,,
C8p_QI159,lin,study_days,-0.9,0.022,lin:study_days,,,,,
C8p_QI159,squared_exponential,age,-4.8,0.0,squared_exponential:age,,,,,
C8p_QI159,lin,age,-1.0,0.0,lin:age,,,,,
C8p_QI159,squared_exponential,time_from_max,-4.8,0.0,squared_exponential:time_from_max,1.0,1.0,-4.804456284246271,5.94013468046414e-08,10.0
C8p_QI159,lin,time_from_max,-1.0,0.0,lin:time_from_max,1.0,1.0,-0.9675265718908578,7.283992146742089e-08,10.0
C8p_QI161,categorical,participant_id,-1.0,0.681,categorical:participant_id,,,,,
C8p_QI161,categorical,site_name,-1.0,0.68,categorical:site_name,,,,,
C8p_QI161,categorical,race,-1.0,0.677,categorical:race,,,,,
C8p_QI161,categorical,sex,-1.0,0.684,categorical:sex,,,,,
C8p_QI161,categorical,general_wellbeing,-1.0,0.674,categorical:general_wellbeing,,,,,
C8p_QI161,squared_exponential,hbi,-4.8,0.675,squared_exponential:hbi,1.0,1.0,-4.804452006130987,3.208414365819963e-09,10.0
C8p_QI161,lin,hbi,-1.0,0.674,lin:hbi,1.0,1.0,-0.9675519292463832,2.981585984980179e-09,10.0
C8p_QI161,squared_exponential,study_days,-4.8,0.712,squared_exponential:study_days,,,,,
C8p_QI161,lin,study_days,-1.0,0.672,lin:study_days,,,,,
C8p_QI161,squared_exponential,age,-4.8,0.744,squared_exponential:age,,,,,
C8p_QI161,lin,age,-1.0,0.683,lin:age,,,,,
C8p_QI161,squared_exponential,time_from_max,-4.8,0.681,squared_exponential:time_from_max,1.0,1.0,-4.804452169488741,3.2693849465959517e-09,10.0
C8p_QI161,lin,time_from_max,-1.0,0.69,lin:time_from_max,1.0,1.0,-0.967525266276425,5.363159659874435e-09,10.0
C8p_QI163,categorical,participant_id,-1.0,0.892,categorical:participant_id,,,,,
C8p_QI163,categorical,site_name,-1.0,0.887,categorical:site_name,,,,,
C8p_QI163,categorical,race,-1.0,0.889,categorical:race,,,,,
C8p_QI163,categorical,sex,-1.0,0.893,categorical:sex,,,,,
C8p_QI163,categorical,general_wellbeing,-1.0,0.889,categorical:general_wellbeing,,,,,
C8p_QI163,squared_exponential,hbi,-4.8,0.89,squared_exponential:hbi,1.0,1.0,-4.804452008465887,2.3506039803274354e-09,10.0
C8p_QI163,lin,hbi,-1.0,0.876,lin:hbi,1.0,1.0,-0.9675329023521044,3.440559428766861e-09,10.0
C8p_QI163,squared_exponential,study_days,-4.8,0.888,squared_exponential:study_days,,,,,
C8p_QI163,lin,study_days,-1.0,0.887,lin:study_days,,,,,
C8p_QI163,squared_exponential,age,-4.8,0.888,squared_exponential:age,,,,,
C8p_QI163,lin,age,-1.0,0.9,lin:age,,,,,
C8p_QI163,squared_exponential,time_from_max,-4.8,0.887,squared_exponential:time_from_max,1.0,1.0,-4.804451939158071,2.033872248405818e-09,10.0
C8p_QI163,lin,time_from_max,-1.0,0.884,lin:time_from_max,1.0,1.0,-0.9675252445124444,3.6482505855808414e-09,10.0
C8p_QI165,categorical,participant_id,-1.0,0.0,categorical:participant_id,,,,,
C8p_QI165,categorical,site_name,-1.8,1.0,categorical:site_name,,,,,
C8p_QI165,categorical,race,-1.0,0.0,categorical:race,,,,,
C8p_QI165,categorical,sex,-1.0,0.0,categorical:sex,,,,,
C8p_QI165,categorical,general_wellbeing,-1.0,0.0,categorical:general_wellbeing,,,,,
C8p_QI165,squared_exponential,hbi,-4.8,0.0,squared_exponential:hbi,1.0,1.0,-4.804451980165254,7.249280028452473e-10,10.0
C8p_QI165,lin,hbi,-1.0,0.0,lin:hbi,1.0,1.0,-0.9675252829163128,1.1204519015682447e-09,10.0
C8p_QI165,squared_exponential,study_days,-4.8,0.0,squared_exponential:study_days,,,,,
C8p_QI165,lin,study_days,-1.0,0.0,lin:study_days,,,,,
C8p_QI165,squared_exponential,age,-4.8,0.0,squared_exponential:age,,,,,
C8p_QI165,lin,age,-1.0,0.0,lin:age,,,,,
C8p_QI165,squared_exponential,time_from_max,-4.8,0.0,squared_exponential:time_from_max,1.0,1.0,-4.804452233278653,1.2030703301348272e-09,10.0
C8p_QI165,lin,time_from_max,-1.0,0.0,lin:time_from_max,1.0,1.0,-0.9675252833975492,1.7498346221012516e-09,10.0
C8p_QI167,categorical,participant_id,-1.0,0.0,categorical:participant_id,,,,,
C8p_QI167,categorical,site_name,-1.0,0.0,categorical:site_name,,,,,
C8p_QI167,categorical,race,-1.0,0.0,categorical:race,,,,,
C8p_QI167,categorical,sex,-1.0,0.0,categorical:sex,,,,,
C8p_QI167,categorical,general_wellbeing,-1.0,0.0,categorical:general_wellbeing,,,,,
C8p_QI167,squared_exponential,hbi,-4.8,0.0,squared_exponential:hbi,0.5,1.0,-4.804452388186746,4.106468318664869e-06,60.0
C8p_QI167,lin,hbi,-0.7,0.238,lin:hbi,0.1061538461538461,0.3585076001842469,-0.9677966048761846,0.8859815338271091,60.0
C8p_QI167,squared_exponential,study_days,-4.8,0.0,squared_exponential:study_days,,,,,
C8p_QI167,lin,study_days,0.8,0.584,lin:study_days,,,,,
C8p_QI167,squared_exponential,age,-4.8,0.0,squared_exponential:age,,,,,
C8p_QI167,lin,age,-1.6,0.173,lin:age,,,,,
C8p_QI167,squared_exponential,time_from_max,-4.8,0.0,squared_exponential:time_from_max,1.0,1.0,-4.804452478655776,8.575912128571004e-10,10.0
C8p_QI167,lin,time_from_max,-1.0,0.0,lin:time_from_max,1.0,1.0,-0.9675253020018316,1.8185523830708542e-09,10.0
C8p_QI170,categorical,participant_id,-1.0,0.0,categorical:participant_id,,,,,
C8p_QI170,categorical,site_name,-1.0,0.0,categorical:site_name,,,,,
C8p_QI170,categorical,race,-1.0,0.0,categorical:race,,,,,
C8p_QI170,categorical,sex,-1.0,0.0,categorical:sex,,,,,
C8p_QI170,categorical,general_wellbeing,-1.0,0.0,categorical:general_wellbeing,,,,,
C8p_QI170,squared_exponential,hbi,-4.8,0.0,squared_exponential:hbi,1.0,1.0,-4.804453106209621,1.4375147057113857e-08,10.0
C8p_QI170,lin,hbi,-1.0,0.0,lin:hbi,1.0,1.0,-0.96752661120604,1.1856463609163122e-08,10.0
C8p_QI170,squared_exponential,study_days,-4.8,0.0,squared_exponential:study_days,,,,,
C8p_QI170,lin,study_days,0.5,0.229,lin:study_days,,,,,
C8p_QI170,squared_exponential,age,-4.8,0.0,squared_exponential:age,,,,,
C8p_QI170,lin,age,14.3,1.0,lin:age,,,,,
C8p_QI170,squared_exponential,time_from_max,-4.8,0.0,squared_exponential:time_from_max,1.0,1.0,-4.804453671948522,1.4374356402879869e-08,10.0
C8p_QI170,lin,time_from_max,-1.0,0.0,lin:time_from_max,1.0,1.0,-0.9675266270119208,1.15590546211908e-08,10.0
C8p_QI172,categorical,participant_id,15.5,1.0,categorical:participant_id,,,,,
C8p_QI172,categorical,site_name,-1.0,0.0,categorical:site_name,,,,,
C8p_QI172,categorical,race,-1.0,0.0,categorical:race,,,,,
C8p_QI172,categorical,sex,-1.0,0.0,categorical:sex,,,,,
C8p_QI172,categorical,general_wellbeing,-1.0,0.0,categorical:general_wellbeing,,,,,
C8p_QI172,squared_exponential,hbi,-4.8,0.0,squared_exponential:hbi,1.0,1.0,-4.804478538345393,8.945952552289766e-08,10.0
C8p_QI172,lin,hbi,-1.0,0.0,lin:hbi,1.0,1.0,-0.9675785972438008,9.564274306915465e-08,10.0
C8p_QI172,squared_exponential,study_days,-4.8,0.0,squared_exponential:study_days,,,,,
C8p_QI172,lin,study_days,-1.0,0.0,lin:study_days,,,,,
C8p_QI172,squared_exponential,age,-4.8,0.0,squared_exponential:age,,,,,
C8p_QI172,lin,age,-1.0,0.0,lin:age,,,,,
C8p_QI172,squared_exponential,time_from_max,-4.8,0.0,squared_exponential:time_from_max,1.0,1.0,-4.804489685299132,6.917362730950722e-08,10.0
C8p_QI172,lin,time_from_max,-1.0,0.0,lin:time_from_max,1.0,1.0,-0.9675519913052996,5.8079188928852155e-08,10.0
C8p_QI174,categorical,participant_id,-1.0,0.0,categorical:participant_id,,,,,
C8p_QI174,categorical,site_name,-1.0,0.0,categorical:site_name,,,,,
C8p_QI174,categorical,race,-1.0,0.0,categorical:race,,,,,
C8p_QI174,categorical,sex,-1.4,1.0,categorical:sex,,,,,
C8p_QI174,categorical,general_wellbeing,-1.0,0.0,categorical:general_wellbeing,,,,,
C8p_QI174,squared_exponential,hbi,-4.8,0.0,squared_exponential:hbi,0.5,1.0,-4.804472521153002,1.1310261748820918e-06,60.0
C8p_QI174,lin,hbi,-1.0,0.0,lin:hbi,0.5,1.0,-0.9675276031794056,2.0859477734979463e-06,60.0
C8p_QI174,squared_exponential,study_days,-4.8,0.0,squared_exponential:study_days,,,,,
C8p_QI174,lin,study_days,-1.0,0.0,lin:study_days,,,,,
C8p_QI174,squared_exponential,age,-4.8,0.0,squared_exponential:age,,,,,
C8p_QI174,lin,age,-1.0,0.0,lin:age,,,,,
C8p_QI174,squared_exponential,time_from_max,-4.8,0.0,squared_exponential:time_from_max,0.5,1.0,-4.805042941148713,1.214278514248276e-06,120.0
C8p_QI174,lin,time_from_max,-1.0,0.0,lin:time_from_max,0.5,1.0,-0.9675303707372224,1.2920006131874902e-06,120.0
C8p_QI176,categorical,participant_id,-1.0,1.0,categorical:participant_id,,,,,
C8p_QI176,categorical,site_name,-1.0,1.0,categorical:site_name,,,,,
C8p_QI176,categorical,race,-1.0,1.0,categorical:race,,,,,
C8p_QI176,categorical,sex,-1.0,1.0,categorical:sex,,,,,
C8p_QI176,categorical,general_wellbeing,-1.0,1.0,categorical:general_wellbeing,,,,,
C8p_QI176,squared_exponential,hbi,-4.8,0.985,squared_exponential:hbi,1.0,1.0,-4.80445662889997,5.505858177898144e-07,10.0
C8p_QI176,lin,hbi,-1.0,0.975,lin:hbi,1.0,1.0,-0.9675831134018154,4.215945019720649e-07,10.0
C8p_QI176,squared_exponential,study_days,-4.8,0.983,squared_exponential:study_days,,,,,
C8p_QI176,lin,study_days,-1.0,1.0,lin:study_days,,,,,
C8p_QI176,squared_exponential,age,-4.8,0.965,squared_exponential:age,,,,,
C8p_QI176,lin,age,-1.0,1.0,lin:age,,,,,
C8p_QI176,squared_exponential,time_from_max,-4.8,0.989,squared_exponential:time_from_max,1.0,1.0,-4.804458509726373,3.605905708779327e-07,10.0
C8p_QI176,lin,time_from_max,-1.0,1.0,lin:time_from_max,1.0,1.0,-0.9675251640346686,1.2935706672044137e-07,10.0
C8p_QI178,categorical,participant_id,-1.0,0.985,categorical:participant_id,,,,,
C8p_QI178,categorical,site_name,-1.0,1.0,categorical:site_name,,,,,
C8p_QI178,categorical,race,-1.0,1.0,categorical:race,,,,,
C8p_QI178,categorical,sex,-1.0,1.0,categorical:sex,,,,,
C8p_QI178,categorical,general_wellbeing,-1.0,1.0,categorical:general_wellbeing,,,,,
C8p_QI178,squared_exponential,hbi,-4.8,1.0,squared_exponential:hbi,1.0,1.0,-4.804451733363521,6.522595477738074e-07,10.0
C8p_QI178,lin,hbi,-1.0,1.0,lin:hbi,1.0,1.0,-0.9675253313596386,3.418308484758047e-07,10.0
C8p_QI178,squared_exponential,study_days,-4.8,0.999,squared_exponential:study_days,,,,,
C8p_QI178,lin,study_days,-1.0,1.0,lin:study_days,,,,,
C8p_QI178,squared_exponential,age,-4.8,0.985,squared_exponential:age,,,,,
C8p_QI178,lin,age,-1.0,1.0,lin:age,,,,,
C8p_QI178,squared_exponential,time_from_max,-4.8,1.0,squared_exponential:time_from_max,1.0,1.0,-4.8044535772796735,3.8470132537566667e-07,10.0
C8p_QI178,lin,time_from_max,-1.0,0.979,lin:time_from_max,1.0,1.0,-0.9675250666680312,4.356075984432803e-07,10.0
C8p_QI180,categorical,participant_id,19.5,1.0,categorical:participant_id,,,,,
C8p_QI180,categorical,site_name,-1.0,0.0,categorical:site_name,,,,,
C8p_QI180,categorical,race,-1.0,0.0,categorical:race,,,,,
C8p_QI180,categorical,sex,-1.0,0.0,categorical:sex,,,,,
C8p_QI180,categorical,general_wellbeing,-1.0,0.0,categorical:general_wellbeing,,,,,
C8p_QI180,squared_exponential,hbi,-4.8,0.0,squared_exponential:hbi,1.0,1.0,-4.804456945679476,3.3245686507069807e-08,10.0
C8p_QI180,lin,hbi,-1.0,0.0,lin:hbi,1.0,1.0,-0.9675508238512976,5.2186012376066236e-08,10.0
C8p_QI180,squared_exponential,study_days,-4.8,0.0,squared_exponential:study_days,,,,,
C8p_QI180,lin,study_days,-1.0,0.0,lin:study_days,,,,,
C8p_QI180,squared_exponential,age,-4.8,0.0,squared_exponential:age,,,,,
C8p_QI180,lin,age,-1.0,0.0,lin:age,,,,,
C8p_QI180,squared_exponential,time_from_max,-4.8,0.0,squared_exponential:time_from_max,1.0,1.0,-4.80449444225701,8.50357561633833e-08,10.0
C8p_QI180,lin,time_from_max,-1.0,0.0,lin:time_from_max,1.0,1.0,-0.9675350279594568,8.64255813855616e-08,10.0
C8p_QI182,categorical,participant_id,3.9,0.696,categorical:participant_id,,,,,
C8p_QI182,categorical,site_name,-1.0,0.0,categorical:site_name,,,,,
C8p_QI182,categorical,race,-1.0,0.0,categorical:race,,,,,
C8p_QI182,categorical,sex,-1.0,0.0,categorical:sex,,,,,
C8p_QI182,categorical,general_wellbeing,-1.0,0.0,categorical:general_wellbeing,,,,,
C8p_QI182,squared_exponential,hbi,-4.8,0.0,squared_exponential:hbi,0.5,1.0,-4.804455391040392,1.7606469920176617e-05,60.0
C8p_QI182,lin,hbi,-1.4,0.002,lin:hbi,0.5,1.0,-0.967811049181364,0.5283204205742713,60.0
C8p_QI182,squared_exponential,study_days,-3.6,0.072,squared_exponential:study_days,,,,,
C8p_QI182,lin,study_days,-1.0,0.0,lin:study_days,,,,,
C8p_QI182,squared_exponential,age,-4.8,0.0,squared_exponential:age,,,,,
C8p_QI182,lin,age,-1.0,0.0,lin:age,,,,,
C8p_QI182,squared_exponential,time_from_max,-4.8,0.0,squared_exponential:time_from_max,1.0,1.0,-4.804452950198538,3.6658303681847563e-08,10.0
C8p_QI182,lin,time_from_max,-1.0,0.0,lin:time_from_max,1.0,1.0,-0.967526251962454,3.106172376037058e-08,10.0
C8p_QI184,categorical,participant_id,39.5,1.0,categorical:participant_id,,,,,
C8p_QI184,categorical,site_name,-1.0,0.0,categorical:site_name,,,,,
C8p_QI184,categorical,race,-1.0,0.0,categorical:race,,,,,
C8p_QI184,categorical,sex,-1.0,0.0,categorical:sex,,,,,
C8p_QI184,categorical,general_wellbeing,-1.0,0.0,categorical:general_wellbeing,,,,,
C8p_QI184,squared_exponential,hbi,-4.8,0.0,squared_exponential:hbi,1.0,1.0,-4.80445614717928,1.4895213680165134e-08,10.0
C8p_QI184,lin,hbi,-1.0,0.0,lin:hbi,1.0,1.0,-0.9675291722558086,1.3845221287478972e-08,10.0
C8p_QI184,squared_exponential,study_days,-4.8,0.0,squared_exponential:study_days,,,,,
C8p_QI184,lin,study_days,-1.0,0.0,lin:study_days,,,,,
C8p_QI184,squared_exponential,age,-4.8,0.0,squared_exponential:age,,,,,
C8p_QI184,lin,age,-1.0,0.0,lin:age,,,,,
C8p_QI184,squared_exponential,time_from_max,-4.8,0.0,squared_exponential:time_from_max,1.0,1.0,-4.804456162486531,1.1945377195487111e-08,10.0
C8p_QI184,lin,time_from_max,-1.0,0.0,lin:time_from_max,1.0,1.0,-0.9675676705769548,1.8435546443457672e-08,10.0
C8p_QI187,categorical,participant_id,-1.0,0.0,categorical:participant_id,,,,,
C8p_QI187,categorical,site_name,-1.0,0.0,categorical:site_name,,,,,
C8p_QI187,categorical,race,-1.0,0.0,categorical:race,,,,,
C8p_QI187,categorical,sex,-1.0,0.0,categorical:sex,,,,,
C8p_QI187,categorical,general_wellbeing,-1.0,0.0,categorical:general_wellbeing,,,,,
C8p_QI187,squared_exponential,hbi,-4.8,0.0,squared_exponential:hbi,0.5,1.0,-4.804456355746879,1.3238332748468074e-06,60.0
C8p_QI187,lin,hbi,-1.0,0.0,lin:hbi,0.5,1.0,-0.9675269301806112,1.2769134797915854e-06,60.0
C8p_QI187,squared_exponential,study_days,-4.8,0.0,squared_exponential:study_days,,,,,
C8p_QI187,lin,study_days,-1.0,0.0,lin:study_days,,,,,
C8p_QI187,squared_exponential,age,-4.8,0.0,squared_exponential:age,,,,,
C8p_QI187,lin,age,-1.0,0.0,lin:age,,,,,
C8p_QI187,squared_exponential,time_from_max,-4.8,0.0,squared_exponential:time_from_max,0.5,1.0,-4.804454464048376,7.152550375833567e-06,120.0
C8p_QI187,lin,time_from_max,-1.3,1.0,lin:time_from_max,0.5,1.0,-0.9675881204543658,0.3713392558381396,120.0
C8p_QI189,categorical,participant_id,-1.0,1.0,categorical:participant_id,,,,,
C8p_QI189,categorical,site_name,-1.0,1.0,categorical:site_name,,,,,
C8p_QI189,categorical,race,-1.0,1.0,categorical:race,,,,,
C8p_QI189,categorical,sex,-1.0,1.0,categorical:sex,,,,,
C8p_QI189,categorical,general_wellbeing,-1.0,1.0,categorical:general_wellbeing,,,,,
C8p_QI189,squared_exponential,hbi,-4.8,1.0,squared_exponential:hbi,1.0,1.0,-4.804452059198411,7.585866469594242e-07,10.0
C8p_QI189,lin,hbi,-1.0,1.0,lin:hbi,1.0,1.0,-0.9675250320105988,6.464716541121634e-07,10.0
C8p_QI189,squared_exponential,study_days,-4.8,1.0,squared_exponential:study_days,,,,,
C8p_QI189,lin,study_days,-1.0,1.0,lin:study_days,,,,,
C8p_QI189,squared_exponential,age,-4.8,1.0,squared_exponential:age,,,,,
C8p_QI189,lin,age,-1.0,1.0,lin:age,,,,,
C8p_QI189,squared_exponential,time_from_max,-4.8,1.0,squared_exponential:time_from_max,1.0,1.0,-4.804456050952467,4.237264602632832e-07,10.0
C8p_QI189,lin,time_from_max,-1.0,1.0,lin:time_from_max,1.0,1.0,-0.9675249101655936,4.562916536435909e-07,10.0
C8p_QI191,categorical,participant_id,-1.0,0.714,categorical:participant_id,,,,,
C8p_QI191,categorical,site_name,-1.0,0.654,categorical:site_name,,,,,
C8p_QI191,categorical,race,-1.0,0.744,categorical:race,,,,,
C8p_QI191,categorical,sex,-1.0,1.0,categorical:sex,,,,,
C8p_QI191,categorical,general_wellbeing,-1.0,1.0,categorical:general_wellbeing,,,,,
C8p_QI191,squared_exponential,hbi,-4.8,0.883,squared_exponential:hbi,1.0,1.0,-4.804455755975596,6.488684867585902e-07,10.0
C8p_QI191,lin,hbi,-1.0,1.0,lin:hbi,1.0,1.0,-0.967525202091565,7.85756286483259e-07,10.0
C8p_QI191,squared_exponential,study_days,-4.8,0.917,squared_exponential:study_days,,,,,
C8p_QI191,lin,study_days,-1.0,1.0,lin:study_days,,,,,
C8p_QI191,squared_exponential,age,-4.8,0.911,squared_exponential:age,,,,,
C8p_QI191,lin,age,-1.0,1.0,lin:age,,,,,
C8p_QI191,squared_exponential,time_from_max,-4.8,0.822,squared_exponential:time_from_max,1.0,1.0,-4.804453544871649,8.028607664727825e-07,10.0
C8p_QI191,lin,time_from_max,-1.0,1.0,lin:time_from_max,1.0,1.0,-0.9675262118098544,8.574684920557749e-07,10.0
C8p_QI193,categorical,participant_id,-1.0,0.0,categorical:participant_id,,,,,
C8p_QI193,categorical,site_name,-1.0,0.0,categorical:site_name,,,,,
C8p_QI193,categorical,race,-1.0,0.0,categorical:race,,,,,
C8p_QI193,categorical,sex,-2.8,0.828,categorical:sex,,,,,
C8p_QI193,categorical,general_wellbeing,-1.0,0.0,categorical:general_wellbeing,,,,,
C8p_QI193,squared_exponential,hbi,-7.1,0.673,squared_exponential:hbi,0.5,1.0,-4.804461399272441,0.7591616521083436,60.0
C8p_QI193,lin,hbi,-1.0,0.0,lin:hbi,0.5,1.0,-0.9675285007947424,5.242751745786634e-06,60.0
C8p_QI193,squared_exponential,study_days,-4.8,0.0,squared_exponential:study_days,,,,,
C8p_QI193,lin,study_days,-1.0,0.0,lin:study_days,,,,,
C8p_QI193,squared_exponential,age,-4.8,0.0,squared_exponential:age,,,,,
C8p_QI193,lin,age,-1.8,0.186,lin:age,,,,,
C8p_QI193,squared_exponential,time_from_max,-4.8,0.0,squared_exponential:time_from_max,0.5,1.0,-4.804456930934975,1.1890132864633085e-06,120.0
C8p_QI193,lin,time_from_max,-1.0,0.0,lin:time_from_max,0.5,1.0,-0.9675288915982492,1.8906235273960216e-06,120.0
C8p_QI195,categorical,participant_id,19.1,1.0,categorical:participant_id,,,,,
C8p_QI195,categorical,site_name,-1.0,0.0,categorical:site_name,,,,,
C8p_QI195,categorical,race,-1.0,0.0,categorical:race,,,,,
C8p_QI195,categorical,sex,-1.0,0.0,categorical:sex,,,,,
C8p_QI195,categorical,general_wellbeing,-1.0,0.0,categorical:general_wellbeing,,,,,
C8p_QI195,squared_exponential,hbi,-4.8,0.0,squared_exponential:hbi,1.0,1.0,-4.804455319254885,5.067698229735108e-07,10.0
C8p_QI195,lin,hbi,-1.0,0.0,lin:hbi,1.0,1.0,-0.967619935247285,5.181899605869362e-07,10.0
C8p_QI195,squared_exponential,study_days,-4.8,0.0,squared_exponential:study_days,,,,,
C8p_QI195,lin,study_days,-1.0,0.0,lin:study_days,,,,,
C8p_QI195,squared_exponential,age,-4.8,0.0,squared_exponential:age,,,,,
C8p_QI195,lin,age,-1.0,0.0,lin:age,,,,,
C8p_QI195,squared_exponential,time_from_max,-4.8,0.0,squared_exponential:time_from_max,1.0,1.0,-4.804454405460774,4.303630764425799e-07,10.0
C8p_QI195,lin,time_from_max,-1.0,0.0,lin:time_from_max,1.0,1.0,-0.9675266421761536,4.419495215655738e-07,10.0
C8p_QI197,categorical,participant_id,29.9,1.0,categorical:participant_id,,,,,
C8p_QI197,categorical,site_name,-1.0,0.0,categorical:site_name,,,,,
C8p_QI197,categorical,race,-1.0,0.0,categorical:race,,,,,
C8p_QI197,categorical,sex,-1.0,0.0,categorical:sex,,,,,
C8p_QI197,categorical,general_wellbeing,-1.0,0.0,categorical:general_wellbeing,,,,,
C8p_QI197,squared_exponential,hbi,-4.8,0.0,squared_exponential:hbi,1.0,1.0,-4.804456303068264,7.6182745630285e-08,10.0
C8p_QI197,lin,hbi,-1.0,0.0,lin:hbi,1.0,1.0,-0.9675296499763136,6.061739915112747e-08,10.0
C8p_QI197,squared_exponential,study_days,-4.8,0.0,squared_exponential:study_days,,,,,
C8p_QI197,lin,study_days,-1.0,0.0,lin:study_days,,,,,
C8p_QI197,squared_exponential,age,-4.8,0.0,squared_exponential:age,,,,,
C8p_QI197,lin,age,-1.0,0.0,lin:age,,,,,
C8p_QI197,squared_exponential,time_from_max,-4.8,0.0,squared_exponential:time_from_max,1.0,1.0,-4.8046142116886585,7.840119236469662e-08,10.0
C8p_QI197,lin,time_from_max,-1.0,0.0,lin:time_from_max,1.0,1.0,-0.9675297672827128,8.410729205581845e-08,10.0
C8p_QI198,categorical,participant_id,-1.0,1.0,categorical:participant_id,,,,,
C8p_QI198,categorical,site_name,-1.0,1.0,categorical:site_name,,,,,
C8p_QI198,categorical,race,-1.0,1.0,categorical:race,,,,,
C8p_QI198,categorical,sex,-1.0,1.0,categorical:sex,,,,,
C8p_QI198,categorical,general_wellbeing,-1.0,1.0,categorical:general_wellbeing,,,,,
C8p_QI198,squared_exponential,hbi,-4.8,1.0,squared_exponential:hbi,1.0,1.0,-4.804452658979699,6.761004995388922e-09,10.0
C8p_QI198,lin,hbi,-1.0,1.0,lin:hbi,1.0,1.0,-0.967525007975155,3.168895095216125e-09,10.0
C8p_QI198,squared_exponential,study_days,-4.8,1.0,squared_exponential:study_days,,,,,
C8p_QI198,lin,study_days,-1.0,1.0,lin:study_days,,,,,
C8p_QI198,squared_exponential,age,-4.8,1.0,squared_exponential:age,,,,,
C8p_QI198,lin,age,-1.0,1.0,lin:age,,,,,
C8p_QI198,squared_exponential,time_from_max,-4.8,1.0,squared_exponential:time_from_max,1.0,1.0,-4.804452253287536,9.595141505122211e-09,10.0
C8p_QI198,lin,time_from_max,-1.0,0.998,lin:time_from_max,1.0,1.0,-0.967525012959186,7.558431601372285e-09,10.0
C8p_QI199,categorical,participant_id,-1.0,0.0,categorical:participant_id,,,,,
C8p_QI199,categorical,site_name,-1.0,0.0,categorical:site_name,,,,,
C8p_QI199,categorical,race,-1.0,0.0,categorical:race,,,,,
C8p_QI199,categorical,sex,-1.1,1.0,categorical:sex,,,,,
C8p_QI199,categorical,general_wellbeing,-1.0,0.0,categorical:general_wellbeing,,,,,
C8p_QI199,squared_exponential,hbi,-4.8,0.0,squared_exponential:hbi,1.0,1.0,-4.804453011722444,2.665390670428137e-09,10.0
C8p_QI199,lin,hbi,-1.0,0.0,lin:hbi,1.0,1.0,-0.96752527936178,3.4233436287144676e-09,10.0
C8p_QI199,squared_exponential,study_days,-4.8,0.0,squared_exponential:study_days,,,,,
C8p_QI199,lin,study_days,-1.0,0.0,lin:study_days,,,,,
C8p_QI199,squared_exponential,age,-4.8,0.0,squared_exponential:age,,,,,
C8p_QI199,lin,age,-1.0,0.0,lin:age,,,,,
C8p_QI199,squared_exponential,time_from_max,-4.8,0.0,squared_exponential:time_from_max,1.0,1.0,-4.804452081790714,1.8972904475403982e-09,10.0
C8p_QI199,lin,time_from_max,-1.0,0.0,lin:time_from_max,1.0,1.0,-0.9675252793019808,2.843052799108379e-09,10.0
C8p_QI200,categorical,participant_id,-1.0,0.0,categorical:participant_id,,,,,
C8p_QI200,categorical,site_name,-1.0,0.0,categorical:site_name,,,,,
C8p_QI200,categorical,race,-1.0,0.0,categorical:race,,,,,
C8p_QI200,categorical,sex,-1.0,0.0,categorical:sex,,,,,
C8p_QI200,categorical,general_wellbeing,-1.0,0.0,categorical:general_wellbeing,,,,,
C8p_QI200,squared_exponential,hbi,-4.8,0.0,squared_exponential:hbi,1.0,1.0,-4.804453218999015,4.35167281863965e-09,10.0
C8p_QI200,lin,hbi,-1.0,0.0,lin:hbi,1.0,1.0,-0.9675261830323052,4.9936837648107954e-09,10.0
C8p_QI200,squared_exponential,study_days,-4.8,0.0,squared_exponential:study_days,,,,,
C8p_QI200,lin,study_days,-0.2,1.0,lin:study_days,,,,,
C8p_QI200,squared_exponential,age,-4.8,0.0,squared_exponential:age,,,,,
C8p_QI200,lin,age,-1.0,0.0,lin:age,,,,,
C8p_QI200,squared_exponential,time_from_max,-4.8,0.0,squared_exponential:time_from_max,1.0,1.0,-4.804452933110497,4.9374613945848e-09,10.0
C8p_QI200,lin,time_from_max,-1.0,0.0,lin:time_from_max,1.0,1.0,-0.9675261815971226,4.254880139884236e-09,10.0
C8p_QI201,categorical,participant_id,29.4,0.842,categorical:participant_id,,,,,
C8p_QI201,categorical,site_name,-1.0,0.0,categorical:site_name,,,,,
C8p_QI201,categorical,race,-1.0,0.0,categorical:race,,,,,
C8p_QI201,categorical,sex,-1.0,0.0,categorical:sex,,,,,
C8p_QI201,categorical,general_wellbeing,-1.0,0.0,categorical:general_wellbeing,,,,,
C8p_QI201,squared_exponential,hbi,-4.8,0.0,squared_exponential:hbi,1.0,1.0,-4.804453675582408,7.801890594032063e-09,10.0
C8p_QI201,lin,hbi,-1.0,0.0,lin:hbi,1.0,1.0,-0.9675263909775822,1.1459273456948265e-08,10.0
C8p_QI201,squared_exponential,study_days,-4.8,0.0,squared_exponential:study_days,,,,,
C8p_QI201,lin,study_days,-1.0,0.0,lin:study_days,,,,,
C8p_QI201,squared_exponential,age,-4.8,0.0,squared_exponential:age,,,,,
C8p_QI201,lin,age,-1.0,0.0,lin:age,,,,,
C8p_QI201,squared_exponential,time_from_max,-4.8,0.0,squared_exponential:time_from_max,0.5,1.0,-4.804453521223877,8.215765513379554e-06,120.0
C8p_QI201,lin,time_from_max,2.6,0.048,lin:time_from_max,5.3937432578199385e-05,0.0101402373247014,-0.9675786521104328,0.3775900100624275,120.0
C8p_QI203,categorical,participant_id,27.9,0.859,categorical:participant_id,,,,,
C8p_QI203,categorical,site_name,-1.0,0.0,categorical:site_name,,,,,
C8p_QI203,categorical,race,-1.0,0.0,categorical:race,,,,,
C8p_QI203,categorical,sex,-1.0,0.0,categorical:sex,,,,,
C8p_QI203,categorical,general_wellbeing,-1.0,0.0,categorical:general_wellbeing,,,,,
C8p_QI203,squared_exponential,hbi,-4.8,0.0,squared_exponential:hbi,1.0,1.0,-4.804452867364716,2.4908233141259187e-08,10.0
C8p_QI203,lin,hbi,-1.0,0.0,lin:hbi,1.0,1.0,-0.9675260278618224,2.5706359566926835e-08,10.0
C8p_QI203,squared_exponential,study_days,-4.8,0.0,squared_exponential:study_days,,,,,
C8p_QI203,lin,study_days,-1.0,0.0,lin:study_days,,,,,
C8p_QI203,squared_exponential,age,-4.8,0.0,squared_exponential:age,,,,,
C8p_QI203,lin,age,-1.0,0.0,lin:age,,,,,
C8p_QI203,squared_exponential,time_from_max,-3.0,0.054,squared_exponential:time_from_max,0.0043880970071038,1.0,-4.804571937593437,0.3720493511797779,120.0
C8p_QI203,lin,time_from_max,-1.0,0.0,lin:time_from_max,0.5,1.0,-0.9675275152637824,8.87231610735392e-06,120.0
C8p_QI205,categorical,participant_id,27.8,0.869,categorical:participant_id,,,,,
C8p_QI205,categorical,site_name,-1.0,0.0,categorical:site_name,,,,,
C8p_QI205,categorical,race,-1.0,0.0,categorical:race,,,,,
C8p_QI205,categorical,sex,-1.0,0.0,categorical:sex,,,,,
C8p_QI205,categorical,general_wellbeing,-1.0,0.0,categorical:general_wellbeing,,,,,
C8p_QI205,squared_exponential,hbi,-4.8,0.0,squared_exponential:hbi,1.0,1.0,-4.804491386265454,6.800324841159425e-08,10.0
C8p_QI205,lin,hbi,-1.0,0.0,lin:hbi,1.0,1.0,-0.9675891576778212,8.371610450003155e-08,10.0
C8p_QI205,squared_exponential,study_days,-4.8,0.0,squared_exponential:study_days,,,,,
C8p_QI205,lin,study_days,-1.0,0.0,lin:study_days,,,,,
C8p_QI205,squared_exponential,age,-4.8,0.0,squared_exponential:age,,,,,
C8p_QI205,lin,age,-1.0,0.0,lin:age,,,,,
C8p_QI205,squared_exponential,time_from_max,-4.3,0.043,squared_exponential:time_from_max,0.0569230769230768,1.0,-4.804546337191596,0.5410007796120336,120.0
C8p_QI205,lin,time_from_max,-1.0,0.0,lin:time_from_max,0.5,1.0,-0.9677242289790228,2.51070838675342e-05,120.0
C8p_QI207,categorical,participant_id,27.9,0.808,categorical:participant_id,,,,,
C8p_QI207,categorical,site_name,-1.0,0.0,categorical:site_name,,,,,
C8p_QI207,categorical,race,-1.0,0.0,categorical:race,,,,,
C8p_QI207,categorical,sex,-1.0,0.0,categorical:sex,,,,,
C8p_QI207,categorical,general_wellbeing,-1.0,0.0,categorical:general_wellbeing,,,,,
C8p_QI207,squared_exponential,hbi,-4.8,0.0,squared_exponential:hbi,1.0,1.0,-4.8044576122526905,5.882718285598544e-08,10.0
C8p_QI207,lin,hbi,-1.0,0.0,lin:hbi,1.0,1.0,-0.9675458084775528,1.227025848395113e-07,10.0
C8p_QI207,squared_exponential,study_days,-4.8,0.0,squared_exponential:study_days,,,,,
C8p_QI207,lin,study_days,-1.0,0.0,lin:study_days,,,,,
C8p_QI207,squared_exponential,age,-4.8,0.0,squared_exponential:age,,,,,
C8p_QI207,lin,age,-1.0,0.0,lin:age,,,,,
C8p_QI207,squared_exponential,time_from_max,-3.2,0.05,squared_exponential:time_from_max,0.0093681342935547,1.0,-4.804592806439587,0.4744294042999462,120.0
C8p_QI207,lin,time_from_max,-1.0,0.0,lin:time_from_max,0.5,1.0,-0.9675317920189171,2.261683089194708e-05,120.0
C8p_QI209,categorical,participant_id,45.8,0.813,categorical:participant_id,,,,,
C8p_QI209,categorical,site_name,-1.0,0.0,categorical:site_name,,,,,
C8p_QI209,categorical,race,-1.0,0.0,categorical:race,,,,,
C8p_QI209,categorical,sex,-1.0,0.0,categorical:sex,,,,,
C8p_QI209,categorical,general_wellbeing,-1.0,0.0,categorical:general_wellbeing,,,,,
C8p_QI209,squared_exponential,hbi,-4.8,0.0,squared_exponential:hbi,1.0,1.0,-4.804452614295087,1.8528401721593665e-08,10.0
C8p_QI209,lin,hbi,-1.0,0.0,lin:hbi,1.0,1.0,-0.9675274770893338,2.2747092807609782e-08,10.0
C8p_QI209,squared_exponential,study_days,-4.8,0.0,squared_exponential:study_days,,,,,
C8p_QI209,lin,study_days,-1.0,0.0,lin:study_days,,,,,
C8p_QI209,squared_exponential,age,-4.8,0.0,squared_exponential:age,,,,,
C8p_QI209,lin,age,-1.0,0.0,lin:age,,,,,
C8p_QI209,squared_exponential,time_from_max,-4.8,0.0,squared_exponential:time_from_max,0.5,1.0,-4.804454054355119,1.2432067440467375e-05,120.0
C8p_QI209,lin,time_from_max,1.1,0.026,lin:time_from_max,0.0043880970071038,0.4114647747451158,-0.9675799094645754,0.5349289425987149,120.0
C8p_QI212,categorical,participant_id,-1.0,0.0,categorical:participant_id,,,,,
C8p_QI212,categorical,site_name,-1.0,0.0,categorical:site_name,,,,,
C8p_QI212,categorical,race,-1.0,0.0,categorical:race,,,,,
C8p_QI212,categorical,sex,-1.0,0.0,categorical:sex,,,,,
C8p_QI212,categorical,general_wellbeing,-1.0,0.0,categorical:general_wellbeing,,,,,
C8p_QI212,squared_exponential,hbi,-4.8,0.0,squared_exponential:hbi,1.0,1.0,-4.804453080488656,2.669052120435774e-07,10.0
C8p_QI212,lin,hbi,-1.0,0.0,lin:hbi,1.0,1.0,-0.9675255182814908,1.8412788302470053e-07,10.0
C8p_QI212,squared_exponential,study_days,-4.8,0.0,squared_exponential:study_days,,,,,
C8p_QI212,lin,study_days,-1.0,0.0,lin:study_days,,,,,
C8p_QI212,squared_exponential,age,-4.8,0.0,squared_exponential:age,,,,,
C8p_QI212,lin,age,-1.2,0.622,lin:age,,,,,
C8p_QI212,squared_exponential,time_from_max,-4.8,0.0,squared_exponential:time_from_max,0.5,1.0,-4.804459668563368,8.879732675965079e-06,120.0
C8p_QI212,lin,time_from_max,-1.7,0.398,lin:time_from_max,0.5,1.0,-1.229341062989988,0.5464502811367067,120.0
C8p_QI213,categorical,participant_id,-1.0,0.483,categorical:participant_id,,,,,
C8p_QI213,categorical,site_name,-1.0,0.484,categorical:site_name,,,,,
C8p_QI213,categorical,race,-1.0,0.483,categorical:race,,,,,
C8p_QI213,categorical,sex,-1.0,0.484,categorical:sex,,,,,
C8p_QI213,categorical,general_wellbeing,-1.0,0.484,categorical:general_wellbeing,,,,,
C8p_QI213,squared_exponential,hbi,-4.8,0.483,squared_exponential:hbi,1.0,1.0,-4.804452170873788,1.139641252460203e-09,10.0
C8p_QI213,lin,hbi,-1.0,0.484,lin:hbi,1.0,1.0,-0.9675251672721288,1.3488131336306894e-09,10.0
C8p_QI213,squared_exponential,study_days,-4.8,0.482,squared_exponential:study_days,,,,,
C8p_QI213,lin,study_days,-1.0,0.483,lin:study_days,,,,,
C8p_QI213,squared_exponential,age,-4.8,0.482,squared_exponential:age,,,,,
C8p_QI213,lin,age,-1.0,0.483,lin:age,,,,,
C8p_QI213,squared_exponential,time_from_max,-4.8,0.484,squared_exponential:time_from_max,1.0,1.0,-4.804451910865623,1.0564227498893263e-09,10.0
C8p_QI213,lin,time_from_max,-1.0,0.484,lin:time_from_max,1.0,1.0,-0.9675251678106632,8.851532716132116e-10,10.0
C8p_QI214,categorical,participant_id,35.9,1.0,categorical:participant_id,,,,,
C8p_QI214,categorical,site_name,-1.0,0.0,categorical:site_name,,,,,
C8p_QI214,categorical,race,-1.0,0.0,categorical:race,,,,,
C8p_QI214,categorical,sex,-1.0,0.0,categorical:sex,,,,,
C8p_QI214,categorical,general_wellbeing,-1.0,0.0,categorical:general_wellbeing,,,,,
C8p_QI214,squared_exponential,hbi,-4.8,0.0,squared_exponential:hbi,0.5,1.0,-4.804453946839203,6.3342321906265794e-06,60.0
C8p_QI214,lin,hbi,-1.6,0.015,lin:hbi,0.5,1.0,-0.9676831362137364,0.4545434550155696,60.0
C8p_QI214,squared_exponential,study_days,-4.8,0.0,squared_exponential:study_days,,,,,
C8p_QI214,lin,study_days,-1.0,0.0,lin:study_days,,,,,
C8p_QI214,squared_exponential,age,-4.8,0.0,squared_exponential:age,,,,,
C8p_QI214,lin,age,-1.0,0.0,lin:age,,,,,
C8p_QI214,squared_exponential,time_from_max,-4.8,0.0,squared_exponential:time_from_max,1.0,1.0,-4.80445420821502,9.498193735254306e-09,10.0
C8p_QI214,lin,time_from_max,-1.0,0.0,lin:time_from_max,1.0,1.0,-0.9675261346565094,1.237181338546703e-08,10.0
C8p_QI215,categorical,participant_id,18.5,1.0,categorical:participant_id,,,,,
C8p_QI215,categorical,site_name,-1.0,0.0,categorical:site_name,,,,,
C8p_QI215,categorical,race,-1.0,0.0,categorical:race,,,,,
C8p_QI215,categorical,sex,-1.0,0.0,categorical:sex,,,,,
C8p_QI215,categorical,general_wellbeing,-1.0,0.0,categorical:general_wellbeing,,,,,
C8p_QI215,squared_exponential,hbi,-4.8,0.0,squared_exponential:hbi,1.0,1.0,-4.804491365017839,2.75260848191047e-08,10.0
C8p_QI215,lin,hbi,-1.0,0.0,lin:hbi,1.0,1.0,-0.9675646403268274,4.344595815755108e-08,10.0
C8p_QI215,squared_exponential,study_days,-4.8,0.0,squared_exponential:study_days,,,,,
C8p_QI215,lin,study_days,-1.0,0.0,lin:study_days,,,,,
C8p_QI215,squared_exponential,age,-4.8,0.0,squared_exponential:age,,,,,
C8p_QI215,lin,age,-1.0,0.0,lin:age,,,,,
C8p_QI215,squared_exponential,time_from_max,-4.8,0.0,squared_exponential:time_from_max,1.0,1.0,-4.8044821293335644,7.948993371359782e-08,10.0
C8p_QI215,lin,time_from_max,-1.0,0.0,lin:time_from_max,1.0,1.0,-0.9675647049746204,4.59130663458731e-08,10.0
C8p_QI65,categorical,participant_id,-1.0,0.876,categorical:participant_id,,,,,
C8p_QI65,categorical,site_name,-1.0,0.876,categorical:site_name,,,,,
C8p_QI65,categorical,race,-1.0,0.875,categorical:race,,,,,
C8p_QI65,categorical,sex,-1.0,0.876,categorical:sex,,,,,
C8p_QI65,categorical,general_wellbeing,-1.0,0.875,categorical:general_wellbeing,,,,,
C8p_QI65,squared_exponential,hbi,-4.8,0.875,squared_exponential:hbi,1.0,1.0,-4.80445341236009,7.171316077572105e-09,10.0
C8p_QI65,lin,hbi,-1.0,0.875,lin:hbi,1.0,1.0,-0.9675256223624727,8.433380257027625e-09,10.0
C8p_QI65,squared_exponential,study_days,-4.8,0.875,squared_exponential:study_days,,,,,
C8p_QI65,lin,study_days,-1.0,0.876,lin:study_days,,,,,
C8p_QI65,squared_exponential,age,-4.8,0.875,squared_exponential:age,,,,,
C8p_QI65,lin,age,-1.0,0.875,lin:age,,,,,
C8p_QI65,squared_exponential,time_from_max,-4.8,0.874,squared_exponential:time_from_max,1.0,1.0,-4.804454405366641,3.690686419198136e-09,10.0
C8p_QI65,lin,time_from_max,-1.0,0.875,lin:time_from_max,1.0,1.0,-0.9675256251432528,6.892278107053836e-09,10.0
C8p_QI67,categorical,participant_id,-1.0,0.998,categorical:participant_id,,,,,
C8p_QI67,categorical,site_name,-1.0,0.997,categorical:site_name,,,,,
C8p_QI67,categorical,race,-1.0,0.998,categorical:race,,,,,
C8p_QI67,categorical,sex,-1.0,0.999,categorical:sex,,,,,
C8p_QI67,categorical,general_wellbeing,-1.0,0.998,categorical:general_wellbeing,,,,,
C8p_QI67,squared_exponential,hbi,-4.8,0.998,squared_exponential:hbi,1.0,1.0,-4.804453878781487,5.259407499294007e-09,10.0
C8p_QI67,lin,hbi,-1.0,1.0,lin:hbi,1.0,1.0,-0.9675270891525544,1.0288012561513107e-08,10.0
C8p_QI67,squared_exponential,study_days,-4.8,0.998,squared_exponential:study_days,,,,,
C8p_QI67,lin,study_days,-1.0,0.998,lin:study_days,,,,,
C8p_QI67,squared_exponential,age,-4.8,0.998,squared_exponential:age,,,,,
C8p_QI67,lin,age,-1.0,0.999,lin:age,,,,,
C8p_QI67,squared_exponential,time_from_max,-4.8,0.998,squared_exponential:time_from_max,1.0,1.0,-4.804455466956824,7.846893897314742e-09,10.0
C8p_QI67,lin,time_from_max,-1.0,0.999,lin:time_from_max,1.0,1.0,-0.9675270844272744,4.790127918339025e-09,10.0
C8p_QI69,categorical,participant_id,-1.0,0.0,categorical:participant_id,,,,,
C8p_QI69,categorical,site_name,-1.0,0.0,categorical:site_name,,,,,
C8p_QI69,categorical,race,-1.0,0.0,categorical:race,,,,,
C8p_QI69,categorical,sex,-1.0,0.0,categorical:sex,,,,,
C8p_QI69,categorical,general_wellbeing,-1.0,0.0,categorical:general_wellbeing,,,,,
C8p_QI69,squared_exponential,hbi,-4.8,0.0,squared_exponential:hbi,1.0,1.0,-4.804454492492596,2.51243640453381e-08,10.0
C8p_QI69,lin,hbi,-1.0,0.0,lin:hbi,1.0,1.0,-0.9675275019658328,1.5984544285778376e-08,10.0
C8p_QI69,squared_exponential,study_days,-4.8,0.0,squared_exponential:study_days,,,,,
C8p_QI69,lin,study_days,-1.0,0.0,lin:study_days,,,,,
C8p_QI69,squared_exponential,age,-4.8,0.0,squared_exponential:age,,,,,
C8p_QI69,lin,age,4.2,1.0,lin:age,,,,,
C8p_QI69,squared_exponential,time_from_max,-4.8,0.0,squared_exponential:time_from_max,1.0,1.0,-4.804460705652218,2.026957492254675e-08,10.0
C8p_QI69,lin,time_from_max,-1.0,0.0,lin:time_from_max,1.0,1.0,-0.9675275169852284,1.3830883989193354e-08,10.0
C8p_QI71,categorical,participant_id,45.0,0.963,categorical:participant_id,,,,,
C8p_QI71,categorical,site_name,-1.0,0.0,categorical:site_name,,,,,
C8p_QI71,categorical,race,-1.0,0.0,categorical:race,,,,,
C8p_QI71,categorical,sex,-1.0,0.0,categorical:sex,,,,,
C8p_QI71,categorical,general_wellbeing,-1.0,0.0,categorical:general_wellbeing,,,,,
C8p_QI71,squared_exponential,hbi,-4.8,0.0,squared_exponential:hbi,1.0,1.0,-4.804479234224573,2.0185689665760242e-07,10.0
C8p_QI71,lin,hbi,-1.0,0.0,lin:hbi,1.0,1.0,-0.9675380056805808,1.987126276298767e-07,10.0
C8p_QI71,squared_exponential,study_days,-3.8,0.065,squared_exponential:study_days,,,,,
C8p_QI71,lin,study_days,-1.0,0.0,lin:study_days,,,,,
C8p_QI71,squared_exponential,age,-4.8,0.0,squared_exponential:age,,,,,
C8p_QI71,lin,age,-1.0,0.0,lin:age,,,,,
C8p_QI71,squared_exponential,time_from_max,-4.8,0.0,squared_exponential:time_from_max,1.0,1.0,-4.804506968892838,1.438177228469044e-07,10.0
C8p_QI71,lin,time_from_max,-1.0,0.0,lin:time_from_max,1.0,1.0,-0.9675990098348848,1.181834849770049e-07,10.0
C8p_QI73,categorical,participant_id,-1.0,0.0,categorical:participant_id,,,,,
C8p_QI73,categorical,site_name,-1.0,0.0,categorical:site_name,,,,,
C8p_QI73,categorical,race,-1.0,0.0,categorical:race,,,,,
C8p_QI73,categorical,sex,-1.0,0.0,categorical:sex,,,,,
C8p_QI73,categorical,general_wellbeing,-1.0,0.0,categorical:general_wellbeing,,,,,
C8p_QI73,squared_exponential,hbi,-4.8,0.0,squared_exponential:hbi,1.0,1.0,-4.804453207732877,3.083489677899104e-08,10.0
C8p_QI73,lin,hbi,-1.0,0.0,lin:hbi,1.0,1.0,-0.967526419758542,7.503679899293278e-08,10.0
C8p_QI73,squared_exponential,study_days,-4.8,0.0,squared_exponential:study_days,,,,,
C8p_QI73,lin,study_days,-1.0,0.0,lin:study_days,,,,,
C8p_QI73,squared_exponential,age,-4.8,0.0,squared_exponential:age,,,,,
C8p_QI73,lin,age,5.0,1.0,lin:age,,,,,
C8p_QI73,squared_exponential,time_from_max,-4.8,0.0,squared_exponential:time_from_max,1.0,1.0,-4.804461412623368,4.5772558536055184e-08,10.0
C8p_QI73,lin,time_from_max,-1.0,0.0,lin:time_from_max,1.0,1.0,-0.9675264301947664,7.18765516015801e-08,10.0
C8p_QI75,categorical,participant_id,-1.0,0.0,categorical:participant_id,,,,,
C8p_QI75,categorical,site_name,-1.0,0.0,categorical:site_name,,,,,
C8p_QI75,categorical,race,-1.0,0.0,categorical:race,,,,,
C8p_QI75,categorical,sex,-1.0,0.0,categorical:sex,,,,,
C8p_QI75,categorical,general_wellbeing,-1.0,0.0,categorical:general_wellbeing,,,,,
C8p_QI75,squared_exponential,hbi,-4.8,0.0,squared_exponential:hbi,0.5,1.0,-4.804454709105585,1.343478996719332e-05,60.0
C8p_QI75,lin,hbi,-1.2,1.0,lin:hbi,0.5,1.0,-0.9675592853659508,0.3120780580839509,60.0
C8p_QI75,squared_exponential,study_days,-4.8,0.0,squared_exponential:study_days,,,,,
C8p_QI75,lin,study_days,-1.0,0.0,lin:study_days,,,,,
C8p_QI75,squared_exponential,age,-4.8,0.0,squared_exponential:age,,,,,
C8p_QI75,lin,age,-1.0,0.0,lin:age,,,,,
C8p_QI75,squared_exponential,time_from_max,-4.8,0.0,squared_exponential:time_from_max,1.0,1.0,-4.804452956353771,6.367006720278871e-09,10.0
C8p_QI75,lin,time_from_max,-1.0,0.0,lin:time_from_max,1.0,1.0,-0.9675257105009224,1.0029863188419311e-08,10.0
C8p_QI77,categorical,participant_id,-1.0,0.0,categorical:participant_id,,,,,
C8p_QI77,categorical,site_name,-1.0,0.0,categorical:site_name,,,,,
C8p_QI77,categorical,race,-1.0,0.0,categorical:race,,,,,
C8p_QI77,categorical,sex,-1.0,0.0,categorical:sex,,,,,
C8p_QI77,categorical,general_wellbeing,-1.0,0.0,categorical:general_wellbeing,,,,,
C8p_QI77,squared_exponential,hbi,-4.8,0.0,squared_exponential:hbi,1.0,1.0,-4.804452301429137,5.842501474723587e-09,10.0
C8p_QI77,lin,hbi,-1.0,0.0,lin:hbi,1.0,1.0,-0.9675253848517968,4.713428494428119e-09,10.0
C8p_QI77,squared_exponential,study_days,-4.8,0.0,squared_exponential:study_days,,,,,
C8p_QI77,lin,study_days,-1.0,0.0,lin:study_days,,,,,
C8p_QI77,squared_exponential,age,-1.5,1.0,squared_exponential:age,,,,,
C8p_QI77,lin,age,-1.0,0.0,lin:age,,,,,
C8p_QI77,squared_exponential,time_from_max,-4.8,0.0,squared_exponential:time_from_max,1.0,1.0,-4.804453198901001,3.6006989332797006e-09,10.0
C8p_QI77,lin,time_from_max,-1.0,0.0,lin:time_from_max,1.0,1.0,-0.9675251907578968,9.130363695832618e-09,10.0
C8p_QI79,categorical,participant_id,27.8,0.96,categorical:participant_id,,,,,
C8p_QI79,categorical,site_name,-1.0,0.0,categorical:site_name,,,,,
C8p_QI79,categorical,race,-1.0,0.0,categorical:race,,,,,
C8p_QI79,categorical,sex,-1.0,0.0,categorical:sex,,,,,
C8p_QI79,categorical,general_wellbeing,-1.0,0.0,categorical:general_wellbeing,,,,,
C8p_QI79,squared_exponential,hbi,-4.8,0.0,squared_exponential:hbi,1.0,1.0,-4.8044531733828535,7.172402572836441e-08,10.0
C8p_QI79,lin,hbi,-1.0,0.0,lin:hbi,1.0,1.0,-0.9675264557124592,5.801393096530255e-08,10.0
C8p_QI79,squared_exponential,study_days,-4.5,0.084,squared_exponential:study_days,,,,,
C8p_QI79,lin,study_days,-1.0,0.0,lin:study_days,,,,,
C8p_QI79,squared_exponential,age,-4.8,0.0,squared_exponential:age,,,,,
C8p_QI79,lin,age,-1.0,0.0,lin:age,,,,,
C8p_QI79,squared_exponential,time_from_max,-4.8,0.0,squared_exponential:time_from_max,1.0,1.0,-4.804457631325022,3.5183280335126304e-08,10.0
C8p_QI79,lin,time_from_max,-1.0,0.0,lin:time_from_max,1.0,1.0,-0.9675264092436464,4.859396308188359e-08,10.0
C8p_QI81,categorical,participant_id,-1.0,0.0,categorical:participant_id,,,,,
C8p_QI81,categorical,site_name,-1.0,0.0,categorical:site_name,,,,,
C8p_QI81,categorical,race,-1.0,0.0,categorical:race,,,,,
C8p_QI81,categorical,sex,-1.5,1.0,categorical:sex,,,,,
C8p_QI81,categorical,general_wellbeing,-1.0,0.0,categorical:general_wellbeing,,,,,
C8p_QI81,squared_exponential,hbi,-4.8,0.0,squared_exponential:hbi,1.0,1.0,-4.804451687713026,5.665575985263716e-08,10.0
C8p_QI81,lin,hbi,-1.0,0.0,lin:hbi,1.0,1.0,-0.9675261120867162,8.57294450283428e-08,10.0
C8p_QI81,squared_exponential,study_days,-4.8,0.0,squared_exponential:study_days,,,,,
C8p_QI81,lin,study_days,-1.0,0.0,lin:study_days,,,,,
C8p_QI81,squared_exponential,age,-4.8,0.0,squared_exponential:age,,,,,
C8p_QI81,lin,age,-1.0,0.0,lin:age,,,,,
C8p_QI81,squared_exponential,time_from_max,-4.8,0.0,squared_exponential:time_from_max,1.0,1.0,-4.804451869349805,5.9048242132669895e-08,10.0
C8p_QI81,lin,time_from_max,-1.0,0.0,lin:time_from_max,1.0,1.0,-0.9675250164821136,5.75957255104463e-08,10.0
C8p_QI83,categorical,participant_id,-1.0,0.0,categorical:participant_id,,,,,
C8p_QI83,categorical,site_name,-1.0,0.0,categorical:site_name,,,,,
C8p_QI83,categorical,race,-1.0,0.0,categorical:race,,,,,
C8p_QI83,categorical,sex,-1.0,0.0,categorical:sex,,,,,
C8p_QI83,categorical,general_wellbeing,-1.0,0.0,categorical:general_wellbeing,,,,,
C8p_QI83,squared_exponential,hbi,-4.8,0.0,squared_exponential:hbi,1.0,1.0,-4.804452065752457,6.671598626971202e-09,10.0
C8p_QI83,lin,hbi,-1.0,0.0,lin:hbi,1.0,1.0,-0.967525312150201,7.971402446318981e-09,10.0
C8p_QI83,squared_exponential,study_days,-4.8,0.0,squared_exponential:study_days,,,,,
C8p_QI83,lin,study_days,-1.0,0.0,lin:study_days,,,,,
C8p_QI83,squared_exponential,age,-4.8,0.0,squared_exponential:age,,,,,
C8p_QI83,lin,age,1.1,1.0,lin:age,,,,,
C8p_QI83,squared_exponential,time_from_max,-4.8,0.0,squared_exponential:time_from_max,1.0,1.0,-4.804456808838268,1.1073081952790949e-08,10.0
C8p_QI83,lin,time_from_max,-1.0,0.0,lin:time_from_max,1.0,1.0,-0.967525308588165,7.595867245217504e-09,10.0
C8p_QI85,categorical,participant_id,-1.0,0.0,categorical:participant_id,,,,,
C8p_QI85,categorical,site_name,-1.0,0.0,categorical:site_name,,,,,
C8p_QI85,categorical,race,-1.0,0.0,categorical:race,,,,,
C8p_QI85,categorical,sex,-1.0,0.0,categorical:sex,,,,,
C8p_QI85,categorical,general_wellbeing,-1.0,0.0,categorical:general_wellbeing,,,,,
C8p_QI85,squared_exponential,hbi,-4.8,0.0,squared_exponential:hbi,1.0,1.0,-4.804455802176108,5.136942772377618e-09,10.0
C8p_QI85,lin,hbi,-1.0,0.0,lin:hbi,1.0,1.0,-0.9675260975841412,4.556612887830248e-09,10.0
C8p_QI85,squared_exponential,study_days,-4.8,0.0,squared_exponential:study_days,,,,,
C8p_QI85,lin,study_days,-1.0,0.463,lin:study_days,,,,,
C8p_QI85,squared_exponential,age,-4.8,0.0,squared_exponential:age,,,,,
C8p_QI85,lin,age,-1.6,0.322,lin:age,,,,,
C8p_QI85,squared_exponential,time_from_max,-4.8,0.0,squared_exponential:time_from_max,1.0,1.0,-4.804451901002267,6.526188091262509e-09,10.0
C8p_QI85,lin,time_from_max,-1.0,0.0,lin:time_from_max,1.0,1.0,-0.9675252946076398,7.3381785686151785e-09,10.0
C8p_QI87,categorical,participant_id,-1.0,0.931,categorical:participant_id,,,,,
C8p_QI87,categorical,site_name,-1.0,0.93,categorical:site_name,,,,,
C8p_QI87,categorical,race,-1.0,0.93,categorical:race,,,,,
C8p_QI87,categorical,sex,-1.0,0.932,categorical:sex,,,,,
C8p_QI87,categorical,general_wellbeing,-1.0,0.932,categorical:general_wellbeing,,,,,
C8p_QI87,squared_exponential,hbi,-4.8,0.936,squared_exponential:hbi,1.0,1.0,-4.804453395197925,4.530002502990962e-09,10.0
C8p_QI87,lin,hbi,-1.0,0.931,lin:hbi,1.0,1.0,-0.9675257973831322,3.8862614921500525e-09,10.0
C8p_QI87,squared_exponential,study_days,-4.8,0.933,squared_exponential:study_days,,,,,
C8p_QI87,lin,study_days,-1.0,0.915,lin:study_days,,,,,
C8p_QI87,squared_exponential,age,-4.8,0.971,squared_exponential:age,,,,,
C8p_QI87,lin,age,-1.0,0.931,lin:age,,,,,
C8p_QI87,squared_exponential,time_from_max,-4.8,0.943,squared_exponential:time_from_max,1.0,1.0,-4.804454596359619,5.992300880288945e-09,10.0
C8p_QI87,lin,time_from_max,-1.0,0.922,lin:time_from_max,1.0,1.0,-0.967525786780925,3.258660946065798e-09,10.0
C8p_QI90,categorical,participant_id,-1.0,0.0,categorical:participant_id,,,,,
C8p_QI90,categorical,site_name,-1.0,0.0,categorical:site_name,,,,,
C8p_QI90,categorical,race,-1.0,0.0,categorical:race,,,,,
C8p_QI90,categorical,sex,-1.0,0.0,categorical:sex,,,,,
C8p_QI90,categorical,general_wellbeing,-1.0,0.0,categorical:general_wellbeing,,,,,
C8p_QI90,squared_exponential,hbi,-4.8,0.0,squared_exponential:hbi,0.5,1.0,-4.8044519562179175,1.8998399255859409e-06,60.0
C8p_QI90,lin,hbi,-2.1,1.0,lin:hbi,0.5,1.0,-0.9675478240671964,3.198868445786616e-05,60.0
C8p_QI90,squared_exponential,study_days,-4.8,0.0,squared_exponential:study_days,,,,,
C8p_QI90,lin,study_days,-1.0,0.0,lin:study_days,,,,,
C8p_QI90,squared_exponential,age,-4.8,0.0,squared_exponential:age,,,,,
C8p_QI90,lin,age,-1.0,0.0,lin:age,,,,,
C8p_QI90,squared_exponential,time_from_max,-4.8,0.0,squared_exponential:time_from_max,1.0,1.0,-4.804456664186091,1.0670179067196791e-09,10.0
C8p_QI90,lin,time_from_max,-1.0,0.0,lin:time_from_max,1.0,1.0,-0.967528346041945,9.65485139207418e-10,10.0
C8p_QI92,categorical,participant_id,-1.0,0.0,categorical:participant_id,,,,,
C8p_QI92,categorical,site_name,2.1,0.283,categorical:site_name,,,,,
C8p_QI92,categorical,race,-1.0,0.0,categorical:race,,,,,
C8p_QI92,categorical,sex,-1.0,0.0,categorical:sex,,,,,
C8p_QI92,categorical,general_wellbeing,-1.0,0.0,categorical:general_wellbeing,,,,,
C8p_QI92,squared_exponential,hbi,6.1,0.597,squared_exponential:hbi,0.1184615384615384,1.0,-1.4126416282510943,4.205542311576316,60.0
C8p_QI92,lin,hbi,-1.0,0.0,lin:hbi,0.5,1.0,-0.9675280439109883,1.3873869939064147e-05,60.0
C8p_QI92,squared_exponential,study_days,-5.7,0.123,squared_exponential:study_days,,,,,
C8p_QI92,lin,study_days,-1.0,0.0,lin:study_days,,,,,
C8p_QI92,squared_exponential,age,-4.8,0.0,squared_exponential:age,,,,,
C8p_QI92,lin,age,-1.0,0.0,lin:age,,,,,
C8p_QI92,squared_exponential,time_from_max,-4.8,0.0,squared_exponential:time_from_max,1.0,1.0,-4.804484325840349,4.854331670219632e-08,10.0
C8p_QI92,lin,time_from_max,-1.0,0.0,lin:time_from_max,1.0,1.0,-0.9675322146460986,5.3490831454083366e-08,10.0
C8p_QI94,categorical,participant_id,-1.0,0.0,categorical:participant_id,,,,,
C8p_QI94,categorical,site_name,-1.0,0.0,categorical:site_name,,,,,
C8p_QI94,categorical,race,-1.0,0.0,categorical:race,,,,,
C8p_QI94,categorical,sex,-1.0,0.0,categorical:sex,,,,,
C8p_QI94,categorical,general_wellbeing,-1.0,0.0,categorical:general_wellbeing,,,,,
C8p_QI94,squared_exponential,hbi,-4.8,0.0,squared_exponential:hbi,1.0,1.0,-4.804452077527685,2.4211449161018657e-10,10.0
C8p_QI94,lin,hbi,-1.0,0.0,lin:hbi,1.0,1.0,-0.9675253641015616,4.34824213010145e-10,10.0
C8p_QI94,squared_exponential,study_days,-4.8,0.0,squared_exponential:study_days,,,,,
C8p_QI94,lin,study_days,-1.0,0.0,lin:study_days,,,,,
C8p_QI94,squared_exponential,age,-4.8,0.0,squared_exponential:age,,,,,
C8p_QI94,lin,age,-1.3,1.0,lin:age,,,,,
C8p_QI94,squared_exponential,time_from_max,-4.8,0.0,squared_exponential:time_from_max,1.0,1.0,-4.804452137154499,4.633688620736481e-10,10.0
C8p_QI94,lin,time_from_max,-1.0,0.0,lin:time_from_max,1.0,1.0,-0.9675253641473772,1.5705024261058067e-09,10.0
C8p_QI97,categorical,participant_id,-1.0,0.0,categorical:participant_id,,,,,
C8p_QI97,categorical,site_name,-1.0,0.0,categorical:site_name,,,,,
C8p_QI97,categorical,race,-1.0,1.0,categorical:race,,,,,
C8p_QI97,categorical,sex,-1.0,0.0,categorical:sex,,,,,
C8p_QI97,categorical,general_wellbeing,-1.0,0.0,categorical:general_wellbeing,,,,,
C8p_QI97,squared_exponential,hbi,-4.8,0.0,squared_exponential:hbi,1.0,1.0,-4.804453807654909,1.5473234962057054e-08,10.0
C8p_QI97,lin,hbi,-1.0,0.0,lin:hbi,1.0,1.0,-0.9675254931930796,2.7923724487675534e-08,10.0
C8p_QI97,squared_exponential,study_days,-4.8,1.0,squared_exponential:study_days,,,,,
C8p_QI97,lin,study_days,-1.0,0.0,lin:study_days,,,,,
C8p_QI97,squared_exponential,age,-4.8,0.0,squared_exponential:age,,,,,
C8p_QI97,lin,age,-1.0,1.0,lin:age,,,,,
C8p_QI97,squared_exponential,time_from_max,-4.8,0.0,squared_exponential:time_from_max,1.0,1.0,-4.80445446709291,2.0443847002701183e-08,10.0
C8p_QI97,lin,time_from_max,-1.0,0.0,lin:time_from_max,1.0,1.0,-0.9675254877163296,1.4486050843686098e-08,10.0
C8p_QI99,categorical,participant_id,-1.0,0.0,categorical:participant_id,,,,,
C8p_QI99,categorical,site_name,-1.5,0.184,categorical:site_name,,,,,
C8p_QI99,categorical,race,-1.0,0.0,categorical:race,,,,,
C8p_QI99,categorical,sex,-5.0,0.444,categorical:sex,,,,,
C8p_QI99,categorical,general_wellbeing,-1.0,0.0,categorical:general_wellbeing,,,,,
C8p_QI99,squared_exponential,hbi,-6.0,0.298,squared_exponential:hbi,0.5,1.0,-4.804460881480054,0.5057047827252185,60.0
C8p_QI99,lin,hbi,-1.0,0.0,lin:hbi,0.5,1.0,-0.9675274442347472,1.2089142259331575e-05,60.0
C8p_QI99,squared_exponential,study_days,-4.8,0.0,squared_exponential:study_days,,,,,
C8p_QI99,lin,study_days,-1.0,0.0,lin:study_days,,,,,
C8p_QI99,squared_exponential,age,-4.8,0.0,squared_exponential:age,,,,,
C8p_QI99,lin,age,-1.0,0.0,lin:age,,,,,
C8p_QI99,squared_exponential,time_from_max,-5.6,0.183,squared_exponential:time_from_max,0.5,1.0,-4.8049221756512,0.3334049769576574,120.0
C8p_QI99,lin,time_from_max,-1.0,0.0,lin:time_from_max,0.5,1.0,-0.9677165066966608,1.347842878192846e-05,120.0
C8p_QI102,categorical,participant_id,37.0,0.941,categorical:participant_id,,,,,
C8p_QI102,categorical,site_name,-1.0,0.0,categorical:site_name,,,,,
C8p_QI102,categorical,race,-1.0,0.0,categorical:race,,,,,
C8p_QI102,categorical,sex,-1.0,0.0,categorical:sex,,,,,
C8p_QI102,categorical,general_wellbeing,-1.0,0.0,categorical:general_wellbeing,,,,,
C8p_QI102,squared_exponential,hbi,-4.8,0.0,squared_exponential:hbi,1.0,1.0,-4.804457117305219,1.7996880083201649e-07,10.0
C8p_QI102,lin,hbi,-1.0,0.0,lin:hbi,1.0,1.0,-0.9675271303369756,1.665852890994466e-07,10.0
C8p_QI102,squared_exponential,study_days,-4.8,0.0,squared_exponential:study_days,,,,,
C8p_QI102,lin,study_days,-1.0,0.0,lin:study_days,,,,,
C8p_QI102,squared_exponential,age,-4.8,0.0,squared_exponential:age,,,,,
C8p_QI102,lin,age,-1.5,0.0,lin:age,,,,,
C8p_QI102,squared_exponential,time_from_max,-4.8,0.0,squared_exponential:time_from_max,1.0,1.0,-4.80445371832343,2.6468970482198427e-08,10.0
C8p_QI102,lin,time_from_max,-1.0,0.0,lin:time_from_max,1.0,1.0,-0.9675269591373308,3.9839540859830533e-08,10.0
C8p_QI104,categorical,participant_id,41.4,1.0,categorical:participant_id,,,,,
C8p_QI104,categorical,site_name,-1.0,0.0,categorical:site_name,,,,,
C8p_QI104,categorical,race,-1.0,0.0,categorical:race,,,,,
C8p_QI104,categorical,sex,-1.0,0.0,categorical:sex,,,,,
C8p_QI104,categorical,general_wellbeing,-1.9,0.023,categorical:general_wellbeing,,,,,
C8p_QI104,squared_exponential,hbi,-4.8,0.0,squared_exponential:hbi,1.0,1.0,-4.804456658173876,3.74254158892321e-07,10.0
C8p_QI104,lin,hbi,-1.0,0.0,lin:hbi,1.0,1.0,-0.9675321462577812,5.44524400504414e-07,10.0
C8p_QI104,squared_exponential,study_days,-4.8,0.0,squared_exponential:study_days,,,,,
C8p_QI104,lin,study_days,-1.0,0.0,lin:study_days,,,,,
C8p_QI104,squared_exponential,age,-4.8,0.0,squared_exponential:age,,,,,
C8p_QI104,lin,age,-1.0,0.0,lin:age,,,,,
C8p_QI104,squared_exponential,time_from_max,-4.8,0.0,squared_exponential:time_from_max,1.0,1.0,-4.804460688655581,3.9902883936544804e-07,10.0
C8p_QI104,lin,time_from_max,-1.0,0.0,lin:time_from_max,1.0,1.0,-0.9675321985646406,4.235431582131525e-07,10.0
C8p_QI106,categorical,participant_id,47.8,0.986,categorical:participant_id,,,,,
C8p_QI106,categorical,site_name,-1.0,0.0,categorical:site_name,,,,,
C8p_QI106,categorical,race,-1.0,0.0,categorical:race,,,,,
C8p_QI106,categorical,sex,-1.0,0.0,categorical:sex,,,,,
C8p_QI106,categorical,general_wellbeing,-1.6,0.026,categorical:general_wellbeing,,,,,
C8p_QI106,squared_exponential,hbi,-4.8,0.0,squared_exponential:hbi,1.0,1.0,-4.804453824017855,4.4214444894365003e-07,10.0
C8p_QI106,lin,hbi,-1.0,0.0,lin:hbi,1.0,1.0,-0.9675789931634426,5.089434838966984e-07,10.0
C8p_QI106,squared_exponential,study_days,-4.8,0.0,squared_exponential:study_days,,,,,
C8p_QI106,lin,study_days,-1.0,0.0,lin:study_days,,,,,
C8p_QI106,squared_exponential,age,-4.8,0.0,squared_exponential:age,,,,,
C8p_QI106,lin,age,-1.0,0.0,lin:age,,,,,
C8p_QI106,squared_exponential,time_from_max,-4.8,0.0,squared_exponential:time_from_max,1.0,1.0,-4.804451714291417,5.763333258044688e-07,10.0
C8p_QI106,lin,time_from_max,-1.0,0.0,lin:time_from_max,1.0,1.0,-0.9676014500741984,5.65061292397525e-07,10.0
C8p_QI117,categorical,participant_id,44.6,1.0,categorical:participant_id,,,,,
C8p_QI117,categorical,site_name,-1.0,0.0,categorical:site_name,,,,,
C8p_QI117,categorical,race,-1.0,0.0,categorical:race,,,,,
C8p_QI117,categorical,sex,-1.0,0.0,categorical:sex,,,,,
C8p_QI117,categorical,general_wellbeing,-1.0,0.0,categorical:general_wellbeing,,,,,
C8p_QI117,squared_exponential,hbi,-4.8,0.0,squared_exponential:hbi,0.5,1.0,-4.80446021244461,2.6490545896429786e-06,60.0
C8p_QI117,lin,hbi,-1.0,0.0,lin:hbi,0.5,1.0,-0.9675347348484138,3.197931450565572e-06,60.0
C8p_QI117,squared_exponential,study_days,-4.8,0.0,squared_exponential:study_days,,,,,
C8p_QI117,lin,study_days,-1.0,0.0,lin:study_days,,,,,
C8p_QI117,squared_exponential,age,-4.8,0.0,squared_exponential:age,,,,,
C8p_QI117,lin,age,-1.0,0.0,lin:age,,,,,
C8p_QI117,squared_exponential,time_from_max,-4.8,0.0,squared_exponential:time_from_max,0.5,1.0,-4.804458349316064,2.459949861453081e-06,120.0
C8p_QI117,lin,time_from_max,-1.0,0.0,lin:time_from_max,0.5,1.0,-0.9675319344773924,2.779787092886684e-06,120.0
C8p_QI109,categorical,participant_id,37.4,1.0,categorical:participant_id,,,,,
C8p_QI109,categorical,site_name,-1.0,0.0,categorical:site_name,,,,,
C8p_QI109,categorical,race,-1.0,0.0,categorical:race,,,,,
C8p_QI109,categorical,sex,-1.0,0.0,categorical:sex,,,,,
C8p_QI109,categorical,general_wellbeing,-1.8,0.025,categorical:general_wellbeing,,,,,
C8p_QI109,squared_exponential,hbi,-4.8,0.0,squared_exponential:hbi,1.0,1.0,-4.804480993248944,6.386559467516923e-07,10.0
C8p_QI109,lin,hbi,-1.0,0.0,lin:hbi,1.0,1.0,-0.9675466969192712,3.956327554980057e-07,10.0
C8p_QI109,squared_exponential,study_days,-4.8,0.0,squared_exponential:study_days,,,,,
C8p_QI109,lin,study_days,-1.0,0.0,lin:study_days,,,,,
C8p_QI109,squared_exponential,age,-4.8,0.0,squared_exponential:age,,,,,
C8p_QI109,lin,age,-1.0,0.0,lin:age,,,,,
C8p_QI109,squared_exponential,time_from_max,-4.8,0.0,squared_exponential:time_from_max,0.5,1.0,-4.8044690125784655,2.2067659762206843e-06,120.0
C8p_QI109,lin,time_from_max,-1.0,0.0,lin:time_from_max,1.0,1.0,-0.9675458218112,8.054256372258913e-07,120.0
C8p_QI111,categorical,participant_id,45.9,1.0,categorical:participant_id,,,,,
C8p_QI111,categorical,site_name,-1.0,0.0,categorical:site_name,,,,,
C8p_QI111,categorical,race,-1.0,0.0,categorical:race,,,,,
C8p_QI111,categorical,sex,-1.0,0.0,categorical:sex,,,,,
C8p_QI111,categorical,general_wellbeing,-1.2,0.03,categorical:general_wellbeing,,,,,
C8p_QI111,squared_exponential,hbi,-4.8,0.0,squared_exponential:hbi,0.5,1.0,-4.8044549651017405,2.4198132183544083e-06,60.0
C8p_QI111,lin,hbi,-1.0,0.0,lin:hbi,0.5,1.0,-0.9675267829384212,2.682514743281361e-06,60.0
C8p_QI111,squared_exponential,study_days,-4.8,0.0,squared_exponential:study_days,,,,,
C8p_QI111,lin,study_days,-1.0,0.0,lin:study_days,,,,,
C8p_QI111,squared_exponential,age,-4.8,0.0,squared_exponential:age,,,,,
C8p_QI111,lin,age,-1.0,0.0,lin:age,,,,,
C8p_QI111,squared_exponential,time_from_max,-4.8,0.0,squared_exponential:time_from_max,0.5,1.0,-4.8044574982504855,3.190912188290664e-06,120.0
C8p_QI111,lin,time_from_max,-1.0,0.0,lin:time_from_max,0.5,1.0,-0.9675273943121284,3.812687091356864e-06,120.0
C8p_QI113,categorical,participant_id,-1.0,0.0,categorical:participant_id,,,,,
C8p_QI113,categorical,site_name,4.7,0.447,categorical:site_name,,,,,
C8p_QI113,categorical,race,-1.0,0.0,categorical:race,,,,,
C8p_QI113,categorical,sex,4.3,0.296,categorical:sex,,,,,
C8p_QI113,categorical,general_wellbeing,0.2,0.202,categorical:general_wellbeing,,,,,
C8p_QI113,squared_exponential,hbi,-4.8,0.0,squared_exponential:hbi,1.0,1.0,-4.804517450154435,8.999741436589601e-08,10.0
C8p_QI113,lin,hbi,-1.0,0.0,lin:hbi,1.0,1.0,-0.967531491876798,1.5317586585715897e-07,10.0
C8p_QI113,squared_exponential,study_days,-4.8,0.0,squared_exponential:study_days,,,,,
C8p_QI113,lin,study_days,-1.0,0.0,lin:study_days,,,,,
C8p_QI113,squared_exponential,age,-4.8,0.0,squared_exponential:age,,,,,
C8p_QI113,lin,age,-1.0,0.0,lin:age,,,,,
C8p_QI113,squared_exponential,time_from_max,-4.8,0.0,squared_exponential:time_from_max,1.0,1.0,-4.804459203091255,7.414699571002407e-08,10.0
C8p_QI113,lin,time_from_max,-1.0,0.0,lin:time_from_max,1.0,1.0,-0.9675313343143443,9.82408698639854e-08,10.0
C8p_QI115,categorical,participant_id,42.7,0.82,categorical:participant_id,,,,,
C8p_QI115,categorical,site_name,-1.0,0.0,categorical:site_name,,,,,
C8p_QI115,categorical,race,-1.0,0.0,categorical:race,,,,,
C8p_QI115,categorical,sex,-1.5,0.005,categorical:sex,,,,,
C8p_QI115,categorical,general_wellbeing,-1.0,0.0,categorical:general_wellbeing,,,,,
C8p_QI115,squared_exponential,hbi,-4.8,0.0,squared_exponential:hbi,1.0,1.0,-4.804459943645497,1.8215476418645393e-08,10.0
C8p_QI115,lin,hbi,-1.0,0.0,lin:hbi,1.0,1.0,-0.9675508740581336,1.9628020791966186e-08,10.0
C8p_QI115,squared_exponential,study_days,-5.8,0.023,squared_exponential:study_days,,,,,
C8p_QI115,lin,study_days,-1.0,0.0,lin:study_days,,,,,
C8p_QI115,squared_exponential,age,-4.8,0.0,squared_exponential:age,,,,,
C8p_QI115,lin,age,-1.0,0.0,lin:age,,,,,
C8p_QI115,squared_exponential,time_from_max,-4.8,0.0,squared_exponential:time_from_max,1.0,1.0,-4.804461770542957,3.0693494481337445e-08,10.0
C8p_QI115,lin,time_from_max,-1.0,0.0,lin:time_from_max,1.0,1.0,-0.9676821024693254,3.266851863294505e-08,10.0
C8p_QI119,categorical,participant_id,6.9,0.718,categorical:participant_id,,,,,
C8p_QI119,categorical,site_name,-1.0,0.0,categorical:site_name,,,,,
C8p_QI119,categorical,race,-1.0,0.0,categorical:race,,,,,
C8p_QI119,categorical,sex,-1.0,0.0,categorical:sex,,,,,
C8p_QI119,categorical,general_wellbeing,-1.0,0.0,categorical:general_wellbeing,,,,,
C8p_QI119,squared_exponential,hbi,-4.8,0.0,squared_exponential:hbi,0.5,1.0,-4.804453463309301,5.556100887818196e-06,60.0
C8p_QI119,lin,hbi,0.3,0.0,lin:hbi,0.02,0.0805714285714286,-0.9677823347569756,0.4191748454387424,60.0
C8p_QI119,squared_exponential,study_days,-4.8,0.0,squared_exponential:study_days,,,,,
C8p_QI119,lin,study_days,-0.7,0.016,lin:study_days,,,,,
C8p_QI119,squared_exponential,age,-4.8,0.0,squared_exponential:age,,,,,
C8p_QI119,lin,age,-1.0,0.0,lin:age,,,,,
C8p_QI119,squared_exponential,time_from_max,-4.8,0.0,squared_exponential:time_from_max,1.0,1.0,-4.804452014733897,1.3381786316427674e-09,10.0
C8p_QI119,lin,time_from_max,-1.0,0.0,lin:time_from_max,1.0,1.0,-0.9675252891445324,2.4328589656332056e-09,10.0
C8p_QI120,categorical,participant_id,28.5,0.841,categorical:participant_id,,,,,
C8p_QI120,categorical,site_name,-1.0,0.0,categorical:site_name,,,,,
C8p_QI120,categorical,race,-1.0,0.0,categorical:race,,,,,
C8p_QI120,categorical,sex,-1.0,0.0,categorical:sex,,,,,
C8p_QI120,categorical,general_wellbeing,-1.0,0.0,categorical:general_wellbeing,,,,,
C8p_QI120,squared_exponential,hbi,-4.8,0.0,squared_exponential:hbi,1.0,1.0,-4.804455857445646,8.416323091043642e-09,10.0
C8p_QI120,lin,hbi,-1.0,0.0,lin:hbi,1.0,1.0,-0.9677851769995414,1.0295079145851914e-08,10.0
C8p_QI120,squared_exponential,study_days,-4.8,0.0,squared_exponential:study_days,,,,,
C8p_QI120,lin,study_days,-0.1,0.001,lin:study_days,,,,,
C8p_QI120,squared_exponential,age,-4.8,0.0,squared_exponential:age,,,,,
C8p_QI120,lin,age,-1.0,0.0,lin:age,,,,,
C8p_QI120,squared_exponential,time_from_max,-4.8,0.0,squared_exponential:time_from_max,1.0,1.0,-4.804454332362639,8.803167070785018e-10,10.0
C8p_QI120,lin,time_from_max,-1.0,0.0,lin:time_from_max,1.0,1.0,-0.9675254778601357,1.0151089330304958e-08,10.0
C8p_QI122,categorical,participant_id,53.8,1.0,categorical:participant_id,,,,,
C8p_QI122,categorical,site_name,-1.0,0.0,categorical:site_name,,,,,
C8p_QI122,categorical,race,-1.0,0.0,categorical:race,,,,,
C8p_QI122,categorical,sex,-1.0,0.0,categorical:sex,,,,,
C8p_QI122,categorical,general_wellbeing,-1.0,0.0,categorical:general_wellbeing,,,,,
C8p_QI122,squared_exponential,hbi,-4.8,0.0,squared_exponential:hbi,1.0,1.0,-4.804454021789525,1.0899498359358566e-08,10.0
C8p_QI122,lin,hbi,-1.0,0.0,lin:hbi,1.0,1.0,-0.9675559610318488,1.015774407875808e-08,10.0
C8p_QI122,squared_exponential,study_days,-4.8,0.0,squared_exponential:study_days,,,,,
C8p_QI122,lin,study_days,-1.0,0.0,lin:study_days,,,,,
C8p_QI122,squared_exponential,age,-4.8,0.0,squared_exponential:age,,,,,
C8p_QI122,lin,age,-1.0,0.0,lin:age,,,,,
C8p_QI122,squared_exponential,time_from_max,-4.8,0.0,squared_exponential:time_from_max,1.0,1.0,-4.804453865751384,5.112736900494891e-09,10.0
C8p_QI122,lin,time_from_max,-1.0,0.0,lin:time_from_max,1.0,1.0,-0.9675714666659588,6.669269881934471e-09,10.0
C8p_QI124,categorical,participant_id,51.5,1.0,categorical:participant_id,,,,,
C8p_QI124,categorical,site_name,-1.0,0.0,categorical:site_name,,,,,
C8p_QI124,categorical,race,-1.0,0.0,categorical:race,,,,,
C8p_QI124,categorical,sex,-1.0,0.0,categorical:sex,,,,,
C8p_QI124,categorical,general_wellbeing,-1.0,0.0,categorical:general_wellbeing,,,,,
C8p_QI124,squared_exponential,hbi,-4.8,0.0,squared_exponential:hbi,1.0,1.0,-4.80445306920069,5.889233198326466e-09,10.0
C8p_QI124,lin,hbi,-1.0,0.0,lin:hbi,1.0,1.0,-0.9675471400703372,4.762563031593322e-09,10.0
C8p_QI124,squared_exponential,study_days,-4.8,0.0,squared_exponential:study_days,,,,,
C8p_QI124,lin,study_days,-1.0,0.0,lin:study_days,,,,,
C8p_QI124,squared_exponential,age,-4.8,0.0,squared_exponential:age,,,,,
C8p_QI124,lin,age,-1.0,0.0,lin:age,,,,,
C8p_QI124,squared_exponential,time_from_max,-4.8,0.0,squared_exponential:time_from_max,1.0,1.0,-4.80445462464877,5.159311714536575e-09,10.0
C8p_QI124,lin,time_from_max,-1.0,0.0,lin:time_from_max,1.0,1.0,-0.9675263833614736,6.4288559360626e-09,10.0
C8p_QI126,categorical,participant_id,52.4,1.0,categorical:participant_id,,,,,
C8p_QI126,categorical,site_name,-1.0,0.0,categorical:site_name,,,,,
C8p_QI126,categorical,race,-1.0,0.0,categorical:race,,,,,
C8p_QI126,categorical,sex,-1.0,0.0,categorical:sex,,,,,
C8p_QI126,categorical,general_wellbeing,-1.0,0.0,categorical:general_wellbeing,,,,,
C8p_QI126,squared_exponential,hbi,-4.8,0.0,squared_exponential:hbi,1.0,1.0,-4.804452481055478,8.262505569696052e-09,10.0
C8p_QI126,lin,hbi,-1.0,0.0,lin:hbi,1.0,1.0,-0.9675592040916854,1.256510896732732e-08,10.0
C8p_QI126,squared_exponential,study_days,-4.8,0.0,squared_exponential:study_days,,,,,
C8p_QI126,lin,study_days,-1.0,0.0,lin:study_days,,,,,
C8p_QI126,squared_exponential,age,-4.8,0.0,squared_exponential:age,,,,,
C8p_QI126,lin,age,-1.0,0.0,lin:age,,,,,
C8p_QI126,squared_exponential,time_from_max,-4.8,0.0,squared_exponential:time_from_max,1.0,1.0,-4.804452383069702,5.032980226163552e-09,10.0
C8p_QI126,lin,time_from_max,-1.0,0.0,lin:time_from_max,1.0,1.0,-0.9675407301115228,3.3208697063291942e-09,10.0
C8p_QI128,categorical,participant_id,34.3,1.0,categorical:participant_id,,,,,
C8p_QI128,categorical,site_name,-1.0,0.0,categorical:site_name,,,,,
C8p_QI128,categorical,race,-1.0,0.0,categorical:race,,,,,
C8p_QI128,categorical,sex,-1.0,0.0,categorical:sex,,,,,
C8p_QI128,categorical,general_wellbeing,-1.0,0.0,categorical:general_wellbeing,,,,,
C8p_QI128,squared_exponential,hbi,-4.8,0.0,squared_exponential:hbi,1.0,1.0,-4.804465076031192,3.095088963056373e-09,10.0
C8p_QI128,lin,hbi,-1.0,0.0,lin:hbi,1.0,1.0,-0.9675287256820866,3.098126204427831e-09,10.0
C8p_QI128,squared_exponential,study_days,-4.8,0.0,squared_exponential:study_days,,,,,
C8p_QI128,lin,study_days,-1.0,0.0,lin:study_days,,,,,
C8p_QI128,squared_exponential,age,-4.8,0.0,squared_exponential:age,,,,,
C8p_QI128,lin,age,-1.0,0.0,lin:age,,,,,
C8p_QI128,squared_exponential,time_from_max,-4.8,0.0,squared_exponential:time_from_max,1.0,1.0,-4.804452575594041,4.6268344108245575e-09,10.0
C8p_QI128,lin,time_from_max,-1.0,0.0,lin:time_from_max,1.0,1.0,-0.967543021014535,6.465533532426532e-09,10.0
C8p_QI135,categorical,participant_id,-1.0,0.0,categorical:participant_id,,,,,
C8p_QI135,categorical,site_name,-2.3,0.374,categorical:site_name,,,,,
C8p_QI135,categorical,race,-1.0,0.0,categorical:race,,,,,
C8p_QI135,categorical,sex,-1.0,0.0,categorical:sex,,,,,
C8p_QI135,categorical,general_wellbeing,-1.7,0.245,categorical:general_wellbeing,,,,,
C8p_QI135,squared_exponential,hbi,-4.8,0.0,squared_exponential:hbi,1.0,1.0,-4.80445191124511,3.064048914540517e-09,10.0
C8p_QI135,lin,hbi,-1.0,0.0,lin:hbi,1.0,1.0,-0.967525222219706,2.066442500660019e-09,10.0
C8p_QI135,squared_exponential,study_days,-4.8,0.0,squared_exponential:study_days,,,,,
C8p_QI135,lin,study_days,-1.0,0.0,lin:study_days,,,,,
C8p_QI135,squared_exponential,age,-4.8,0.0,squared_exponential:age,,,,,
C8p_QI135,lin,age,-1.0,0.0,lin:age,,,,,
C8p_QI135,squared_exponential,time_from_max,-4.8,0.0,squared_exponential:time_from_max,1.0,1.0,-4.804451918888844,3.624307009963809e-08,10.0
C8p_QI135,lin,time_from_max,-1.0,0.0,lin:time_from_max,1.0,1.0,-0.9675252240004966,2.3744612756635226e-08,10.0
C8p_QI137,categorical,participant_id,79.4,1.0,categorical:participant_id,,,,,
C8p_QI137,categorical,site_name,-1.0,0.0,categorical:site_name,,,,,
C8p_QI137,categorical,race,-1.0,0.0,categorical:race,,,,,
C8p_QI137,categorical,sex,-1.0,0.0,categorical:sex,,,,,
C8p_QI137,categorical,general_wellbeing,-1.0,0.0,categorical:general_wellbeing,,,,,
C8p_QI137,squared_exponential,hbi,-4.8,0.0,squared_exponential:hbi,1.0,1.0,-4.804452980657288,9.486439936277204e-09,10.0
C8p_QI137,lin,hbi,-1.0,0.0,lin:hbi,1.0,1.0,-0.9675264575635084,8.391453653679899e-09,10.0
C8p_QI137,squared_exponential,study_days,-4.8,0.0,squared_exponential:study_days,,,,,
C8p_QI137,lin,study_days,-1.0,0.0,lin:study_days,,,,,
C8p_QI137,squared_exponential,age,-4.8,0.0,squared_exponential:age,,,,,
C8p_QI137,lin,age,-1.0,0.0,lin:age,,,,,
C8p_QI137,squared_exponential,time_from_max,-4.8,0.0,squared_exponential:time_from_max,1.0,1.0,-4.80445387780992,2.9205749907677912e-08,10.0
C8p_QI137,lin,time_from_max,-1.0,0.0,lin:time_from_max,1.0,1.0,-0.9675263373305824,8.669801789075688e-09,10.0
C8p_QI141,categorical,participant_id,-1.0,0.311,categorical:participant_id,,,,,
C8p_QI141,categorical,site_name,-1.0,0.315,categorical:site_name,,,,,
C8p_QI141,categorical,race,-1.0,0.319,categorical:race,,,,,
C8p_QI141,categorical,sex,-1.0,0.312,categorical:sex,,,,,
C8p_QI141,categorical,general_wellbeing,-1.0,0.341,categorical:general_wellbeing,,,,,
C8p_QI141,squared_exponential,hbi,-4.8,0.302,squared_exponential:hbi,1.0,1.0,-4.804451913376852,4.12037583933963e-09,10.0
C8p_QI141,lin,hbi,-1.0,0.327,lin:hbi,1.0,1.0,-0.9675251985314616,6.674731911418612e-09,10.0
C8p_QI141,squared_exponential,study_days,-4.8,0.378,squared_exponential:study_days,,,,,
C8p_QI141,lin,study_days,-1.0,0.38,lin:study_days,,,,,
C8p_QI141,squared_exponential,age,-4.8,0.348,squared_exponential:age,,,,,
C8p_QI141,lin,age,-1.0,0.273,lin:age,,,,,
C8p_QI141,squared_exponential,time_from_max,-4.8,0.271,squared_exponential:time_from_max,1.0,1.0,-4.804451852828038,3.6114353692851364e-09,10.0
C8p_QI141,lin,time_from_max,-1.0,0.348,lin:time_from_max,1.0,1.0,-0.967525101797264,5.684632507242189e-09,10.0
C8p_QI143,categorical,participant_id,8.5,1.0,categorical:participant_id,,,,,
C8p_QI143,categorical,site_name,-1.0,0.0,categorical:site_name,,,,,
C8p_QI143,categorical,race,-1.0,0.0,categorical:race,,,,,
C8p_QI143,categorical,sex,-1.0,0.0,categorical:sex,,,,,
C8p_QI143,categorical,general_wellbeing,-1.0,0.0,categorical:general_wellbeing,,,,,
C8p_QI143,squared_exponential,hbi,-4.8,0.0,squared_exponential:hbi,1.0,1.0,-4.804453056696502,2.1375165757760367e-08,10.0
C8p_QI143,lin,hbi,-1.0,0.0,lin:hbi,1.0,1.0,-0.967525273437559,1.7143108874884805e-08,10.0
C8p_QI143,squared_exponential,study_days,-4.8,0.0,squared_exponential:study_days,,,,,
C8p_QI143,lin,study_days,-1.0,0.0,lin:study_days,,,,,
C8p_QI143,squared_exponential,age,-4.8,0.0,squared_exponential:age,,,,,
C8p_QI143,lin,age,-1.0,0.0,lin:age,,,,,
C8p_QI143,squared_exponential,time_from_max,-4.8,0.0,squared_exponential:time_from_max,1.0,1.0,-4.804455502534893,1.0656277897106883e-08,10.0
C8p_QI143,lin,time_from_max,-1.0,0.0,lin:time_from_max,1.0,1.0,-0.9675252655895292,1.1714159058589429e-08,10.0
C8p_QI145,categorical,participant_id,70.6,1.0,categorical:participant_id,,,,,
C8p_QI145,categorical,site_name,-1.0,0.0,categorical:site_name,,,,,
C8p_QI145,categorical,race,-1.0,0.0,categorical:race,,,,,
C8p_QI145,categorical,sex,-1.0,0.0,categorical:sex,,,,,
C8p_QI145,categorical,general_wellbeing,-1.0,0.0,categorical:general_wellbeing,,,,,
C8p_QI145,squared_exponential,hbi,-4.8,0.0,squared_exponential:hbi,1.0,1.0,-4.804454433131696,8.013892324673554e-09,10.0
C8p_QI145,lin,hbi,-1.0,0.0,lin:hbi,1.0,1.0,-0.9675890400144452,8.171491903649922e-09,10.0
C8p_QI145,squared_exponential,study_days,-4.8,0.0,squared_exponential:study_days,,,,,
C8p_QI145,lin,study_days,-1.0,0.0,lin:study_days,,,,,
C8p_QI145,squared_exponential,age,-4.8,0.0,squared_exponential:age,,,,,
C8p_QI145,lin,age,-1.0,0.0,lin:age,,,,,
C8p_QI145,squared_exponential,time_from_max,-4.8,0.0,squared_exponential:time_from_max,1.0,1.0,-4.804464212093535,3.492263804330265e-09,10.0
C8p_QI145,lin,time_from_max,-1.0,0.0,lin:time_from_max,1.0,1.0,-0.9675515914670996,6.025986231253025e-09,10.0
C8p_QI147,categorical,participant_id,60.0,1.0,categorical:participant_id,,,,,
C8p_QI147,categorical,site_name,-1.0,0.0,categorical:site_name,,,,,
C8p_QI147,categorical,race,-1.0,0.0,categorical:race,,,,,
C8p_QI147,categorical,sex,-1.0,0.0,categorical:sex,,,,,
C8p_QI147,categorical,general_wellbeing,-1.0,0.0,categorical:general_wellbeing,,,,,
C8p_QI147,squared_exponential,hbi,-4.8,0.0,squared_exponential:hbi,1.0,1.0,-4.804455775228234,5.732701960504482e-08,10.0
C8p_QI147,lin,hbi,-1.0,0.0,lin:hbi,1.0,1.0,-0.9675277622995964,6.273064140297717e-08,10.0
C8p_QI147,squared_exponential,study_days,-4.8,0.0,squared_exponential:study_days,,,,,
C8p_QI147,lin,study_days,-1.9,0.011,lin:study_days,,,,,
C8p_QI147,squared_exponential,age,-4.8,0.0,squared_exponential:age,,,,,
C8p_QI147,lin,age,-1.0,0.0,lin:age,,,,,
C8p_QI147,squared_exponential,time_from_max,-4.8,0.0,squared_exponential:time_from_max,1.0,1.0,-4.80445650862589,1.4103519655926608e-08,10.0
C8p_QI147,lin,time_from_max,-1.0,0.0,lin:time_from_max,1.0,1.0,-0.9675493579350132,1.1614306276054351e-08,10.0
C8p_QI148,categorical,participant_id,-1.0,0.0,categorical:participant_id,,,,,
C8p_QI148,categorical,site_name,3.6,0.563,categorical:site_name,,,,,
C8p_QI148,categorical,race,-1.0,0.0,categorical:race,,,,,
C8p_QI148,categorical,sex,4.8,0.568,categorical:sex,,,,,
C8p_QI148,categorical,general_wellbeing,-1.0,0.0,categorical:general_wellbeing,,,,,
C8p_QI148,squared_exponential,hbi,-4.8,0.0,squared_exponential:hbi,1.0,1.0,-4.804454301042142,1.2526231879828648e-09,10.0
C8p_QI148,lin,hbi,-1.0,0.0,lin:hbi,1.0,1.0,-0.9675281683962568,1.4708075724833986e-09,10.0
C8p_QI148,squared_exponential,study_days,-4.8,0.0,squared_exponential:study_days,,,,,
C8p_QI148,lin,study_days,-1.0,0.0,lin:study_days,,,,,
C8p_QI148,squared_exponential,age,-4.8,0.0,squared_exponential:age,,,,,
C8p_QI148,lin,age,-1.0,0.0,lin:age,,,,,
C8p_QI148,squared_exponential,time_from_max,-4.8,0.0,squared_exponential:time_from_max,1.0,1.0,-4.804454307360743,1.0026857344410388e-09,10.0
C8p_QI148,lin,time_from_max,-1.0,0.0,lin:time_from_max,1.0,1.0,-0.9675276049728154,9.52796724311216e-10,10.0
C8p_QI150,categorical,participant_id,-1.0,0.0,categorical:participant_id,,,,,
C8p_QI150,categorical,site_name,-1.0,0.0,categorical:site_name,,,,,
C8p_QI150,categorical,race,-1.0,0.0,categorical:race,,,,,
C8p_QI150,categorical,sex,-1.0,0.0,categorical:sex,,,,,
C8p_QI150,categorical,general_wellbeing,-1.0,0.0,categorical:general_wellbeing,,,,,
C8p_QI150,squared_exponential,hbi,-4.8,0.0,squared_exponential:hbi,1.0,1.0,-4.80445178377056,2.370359795271919e-09,10.0
C8p_QI150,lin,hbi,-1.0,0.0,lin:hbi,1.0,1.0,-0.967525076548668,1.880748395065824e-09,10.0
C8p_QI150,squared_exponential,study_days,-4.8,0.0,squared_exponential:study_days,,,,,
C8p_QI150,lin,study_days,-1.6,0.488,lin:study_days,,,,,
C8p_QI150,squared_exponential,age,-4.8,0.0,squared_exponential:age,,,,,
C8p_QI150,lin,age,-1.5,1.0,lin:age,,,,,
C8p_QI150,squared_exponential,time_from_max,-4.8,0.0,squared_exponential:time_from_max,1.0,1.0,-4.804451771766821,2.4892413363358833e-09,10.0
C8p_QI150,lin,time_from_max,-1.0,0.0,lin:time_from_max,1.0,1.0,-0.9675250828313438,3.3087497223420223e-09,10.0
C8p_QI152,categorical,participant_id,-1.0,0.0,categorical:participant_id,,,,,
C8p_QI152,categorical,site_name,-1.0,0.0,categorical:site_name,,,,,
C8p_QI152,categorical,race,-1.0,0.0,categorical:race,,,,,
C8p_QI152,categorical,sex,-1.5,1.0,categorical:sex,,,,,
C8p_QI152,categorical,general_wellbeing,-1.0,0.0,categorical:general_wellbeing,,,,,
C8p_QI152,squared_exponential,hbi,-4.8,0.0,squared_exponential:hbi,1.0,1.0,-4.804452181812849,6.10094066362879e-09,10.0
C8p_QI152,lin,hbi,-1.0,0.0,lin:hbi,1.0,1.0,-0.9675254507474164,1.3198798336436262e-08,10.0
C8p_QI152,squared_exponential,study_days,-4.8,0.0,squared_exponential:study_days,,,,,
C8p_QI152,lin,study_days,-1.0,0.0,lin:study_days,,,,,
C8p_QI152,squared_exponential,age,-4.8,0.0,squared_exponential:age,,,,,
C8p_QI152,lin,age,-1.0,0.0,lin:age,,,,,
C8p_QI152,squared_exponential,time_from_max,-4.8,0.0,squared_exponential:time_from_max,1.0,1.0,-4.804452163439009,1.4821209875812944e-08,10.0
C8p_QI152,lin,time_from_max,-1.0,0.0,lin:time_from_max,1.0,1.0,-0.9675254715059508,1.3912810996000176e-08,10.0
C8p_QI154,categorical,participant_id,10.6,1.0,categorical:participant_id,,,,,
C8p_QI154,categorical,site_name,-1.0,0.0,categorical:site_name,,,,,
C8p_QI154,categorical,race,-1.0,0.0,categorical:race,,,,,
C8p_QI154,categorical,sex,-1.0,0.0,categorical:sex,,,,,
C8p_QI154,categorical,general_wellbeing,-1.0,0.0,categorical:general_wellbeing,,,,,
C8p_QI154,squared_exponential,hbi,-4.8,0.0,squared_exponential:hbi,1.0,1.0,-4.804453767697851,3.678470103441996e-08,10.0
C8p_QI154,lin,hbi,-1.0,0.0,lin:hbi,1.0,1.0,-0.9675438863741874,3.386083163238741e-08,10.0
C8p_QI154,squared_exponential,study_days,-4.8,0.0,squared_exponential:study_days,,,,,
C8p_QI154,lin,study_days,-1.0,0.0,lin:study_days,,,,,
C8p_QI154,squared_exponential,age,-4.8,0.0,squared_exponential:age,,,,,
C8p_QI154,lin,age,-1.0,0.0,lin:age,,,,,
C8p_QI154,squared_exponential,time_from_max,-4.8,0.0,squared_exponential:time_from_max,1.0,1.0,-4.804453432794617,1.6444743522401112e-08,10.0
C8p_QI154,lin,time_from_max,-1.0,0.0,lin:time_from_max,1.0,1.0,-0.967526546572799,9.433575402189606e-09,10.0
C8p_QI156,categorical,participant_id,24.9,1.0,categorical:participant_id,,,,,
C8p_QI156,categorical,site_name,-1.0,0.0,categorical:site_name,,,,,
C8p_QI156,categorical,race,-1.0,0.0,categorical:race,,,,,
C8p_QI156,categorical,sex,-1.0,0.0,categorical:sex,,,,,
C8p_QI156,categorical,general_wellbeing,-1.0,0.0,categorical:general_wellbeing,,,,,
C8p_QI156,squared_exponential,hbi,-4.8,0.0,squared_exponential:hbi,1.0,1.0,-4.804452035833265,8.855450706482776e-08,10.0
C8p_QI156,lin,hbi,-1.0,0.0,lin:hbi,1.0,1.0,-0.967572902832444,1.65742651789201e-07,10.0
C8p_QI156,squared_exponential,study_days,-4.8,0.0,squared_exponential:study_days,,,,,
C8p_QI156,lin,study_days,-1.0,0.0,lin:study_days,,,,,
C8p_QI156,squared_exponential,age,-4.8,0.0,squared_exponential:age,,,,,
C8p_QI156,lin,age,-1.0,0.0,lin:age,,,,,
C8p_QI156,squared_exponential,time_from_max,-4.8,0.0,squared_exponential:time_from_max,1.0,1.0,-4.804454711396829,4.213819347737671e-08,10.0
C8p_QI156,lin,time_from_max,-1.0,0.0,lin:time_from_max,1.0,1.0,-0.9675256717621324,7.548234518432633e-08,10.0
C8p_QI158,categorical,participant_id,32.8,1.0,categorical:participant_id,,,,,
C8p_QI158,categorical,site_name,-1.0,0.0,categorical:site_name,,,,,
C8p_QI158,categorical,race,-1.0,0.0,categorical:race,,,,,
C8p_QI158,categorical,sex,-1.0,0.0,categorical:sex,,,,,
C8p_QI158,categorical,general_wellbeing,-1.0,0.0,categorical:general_wellbeing,,,,,
C8p_QI158,squared_exponential,hbi,-4.8,0.0,squared_exponential:hbi,1.0,1.0,-4.804453573981391,7.97457451563234e-08,10.0
C8p_QI158,lin,hbi,-1.0,0.0,lin:hbi,1.0,1.0,-0.9676105486485084,1.2932896908940817e-07,10.0
C8p_QI158,squared_exponential,study_days,-4.8,0.0,squared_exponential:study_days,,,,,
C8p_QI158,lin,study_days,-1.0,0.0,lin:study_days,,,,,
C8p_QI158,squared_exponential,age,-4.8,0.0,squared_exponential:age,,,,,
C8p_QI158,lin,age,-1.0,0.0,lin:age,,,,,
C8p_QI158,squared_exponential,time_from_max,-4.8,0.0,squared_exponential:time_from_max,1.0,1.0,-4.804457507972984,1.1264811892638845e-07,10.0
C8p_QI158,lin,time_from_max,-1.0,0.0,lin:time_from_max,1.0,1.0,-0.9675268087830774,1.615370078820713e-07,10.0
C8p_QI160,categorical,participant_id,19.6,1.0,categorical:participant_id,,,,,
C8p_QI160,categorical,site_name,-1.0,0.0,categorical:site_name,,,,,
C8p_QI160,categorical,race,-1.0,0.0,categorical:race,,,,,
C8p_QI160,categorical,sex,-1.0,0.0,categorical:sex,,,,,
C8p_QI160,categorical,general_wellbeing,-1.0,0.0,categorical:general_wellbeing,,,,,
C8p_QI160,squared_exponential,hbi,-4.8,0.0,squared_exponential:hbi,1.0,1.0,-4.804452470629258,1.2512789781994996e-08,10.0
C8p_QI160,lin,hbi,-1.0,0.0,lin:hbi,1.0,1.0,-0.9675257139595032,2.300647710267783e-08,10.0
C8p_QI160,squared_exponential,study_days,-4.8,0.0,squared_exponential:study_days,,,,,
C8p_QI160,lin,study_days,-1.0,0.0,lin:study_days,,,,,
C8p_QI160,squared_exponential,age,-4.8,0.0,squared_exponential:age,,,,,
C8p_QI160,lin,age,-1.0,0.0,lin:age,,,,,
C8p_QI160,squared_exponential,time_from_max,-4.8,0.0,squared_exponential:time_from_max,1.0,1.0,-4.804458217816318,2.8458010935797857e-08,10.0
C8p_QI160,lin,time_from_max,-1.0,0.0,lin:time_from_max,1.0,1.0,-0.9675257197663996,3.9116860795854125e-08,10.0
C8p_QI162,categorical,participant_id,42.7,1.0,categorical:participant_id,,,,,
C8p_QI162,categorical,site_name,-1.0,0.0,categorical:site_name,,,,,
C8p_QI162,categorical,race,-1.0,0.0,categorical:race,,,,,
C8p_QI162,categorical,sex,-1.0,0.0,categorical:sex,,,,,
C8p_QI162,categorical,general_wellbeing,-1.0,0.0,categorical:general_wellbeing,,,,,
C8p_QI162,squared_exponential,hbi,-4.8,0.0,squared_exponential:hbi,1.0,1.0,-4.804456484090906,6.520350035915032e-09,10.0
C8p_QI162,lin,hbi,-1.0,0.0,lin:hbi,1.0,1.0,-0.9676593507479084,6.2943685598692226e-09,10.0
C8p_QI162,squared_exponential,study_days,-4.8,0.0,squared_exponential:study_days,,,,,
C8p_QI162,lin,study_days,-1.0,0.0,lin:study_days,,,,,
C8p_QI162,squared_exponential,age,-4.8,0.0,squared_exponential:age,,,,,
C8p_QI162,lin,age,-1.0,0.0,lin:age,,,,,
C8p_QI162,squared_exponential,time_from_max,-4.8,0.0,squared_exponential:time_from_max,1.0,1.0,-4.804463808354285,9.764895757184837e-09,10.0
C8p_QI162,lin,time_from_max,-1.0,0.0,lin:time_from_max,1.0,1.0,-0.9675359597620172,7.797447649612653e-09,10.0
C8p_QI164,categorical,participant_id,45.3,1.0,categorical:participant_id,,,,,
C8p_QI164,categorical,site_name,-1.0,0.0,categorical:site_name,,,,,
C8p_QI164,categorical,race,-1.0,0.0,categorical:race,,,,,
C8p_QI164,categorical,sex,-1.0,0.0,categorical:sex,,,,,
C8p_QI164,categorical,general_wellbeing,-1.0,0.0,categorical:general_wellbeing,,,,,
C8p_QI164,squared_exponential,hbi,-4.8,0.0,squared_exponential:hbi,1.0,1.0,-4.804459446637793,4.843923856230657e-09,10.0
C8p_QI164,lin,hbi,-1.0,0.0,lin:hbi,1.0,1.0,-0.9675585790505464,1.098271098396092e-08,10.0
C8p_QI164,squared_exponential,study_days,-4.8,0.0,squared_exponential:study_days,,,,,
C8p_QI164,lin,study_days,-1.0,0.0,lin:study_days,,,,,
C8p_QI164,squared_exponential,age,-4.8,0.0,squared_exponential:age,,,,,
C8p_QI164,lin,age,-1.0,0.0,lin:age,,,,,
C8p_QI164,squared_exponential,time_from_max,-4.8,0.0,squared_exponential:time_from_max,1.0,1.0,-4.804455257636619,7.869962644981412e-09,10.0
C8p_QI164,lin,time_from_max,-1.0,0.0,lin:time_from_max,1.0,1.0,-0.9675484385979872,8.020152138513973e-09,10.0
C8p_QI166,categorical,participant_id,25.5,1.0,categorical:participant_id,,,,,
C8p_QI166,categorical,site_name,-1.0,0.0,categorical:site_name,,,,,
C8p_QI166,categorical,race,-1.0,0.0,categorical:race,,,,,
C8p_QI166,categorical,sex,-1.0,0.0,categorical:sex,,,,,
C8p_QI166,categorical,general_wellbeing,-1.0,0.0,categorical:general_wellbeing,,,,,
C8p_QI166,squared_exponential,hbi,-4.8,0.0,squared_exponential:hbi,1.0,1.0,-4.804452449347991,2.397566695315369e-09,10.0
C8p_QI166,lin,hbi,-1.0,0.0,lin:hbi,1.0,1.0,-0.967525756707346,1.0031688842267818e-08,10.0
C8p_QI166,squared_exponential,study_days,-4.8,0.0,squared_exponential:study_days,,,,,
C8p_QI166,lin,study_days,-1.0,0.0,lin:study_days,,,,,
C8p_QI166,squared_exponential,age,-4.8,0.0,squared_exponential:age,,,,,
C8p_QI166,lin,age,-1.0,0.0,lin:age,,,,,
C8p_QI166,squared_exponential,time_from_max,-4.8,0.0,squared_exponential:time_from_max,1.0,1.0,-4.804456609193267,2.55624646318559e-09,10.0
C8p_QI166,lin,time_from_max,-1.0,0.0,lin:time_from_max,1.0,1.0,-0.9675258593360924,1.4292732455912425e-08,10.0
C8p_QI168,categorical,participant_id,-1.0,0.0,categorical:participant_id,,,,,
C8p_QI168,categorical,site_name,1.4,0.322,categorical:site_name,,,,,
C8p_QI168,categorical,race,-1.0,0.0,categorical:race,,,,,
C8p_QI168,categorical,sex,-1.0,0.0,categorical:sex,,,,,
C8p_QI168,categorical,general_wellbeing,-1.0,0.0,categorical:general_wellbeing,,,,,
C8p_QI168,squared_exponential,hbi,-4.8,0.0,squared_exponential:hbi,1.0,1.0,-4.804452421660244,1.3448264364190697e-08,10.0
C8p_QI168,lin,hbi,-1.0,0.0,lin:hbi,1.0,1.0,-0.967525401973944,2.0163209431363053e-08,10.0
C8p_QI168,squared_exponential,study_days,-0.6,0.31,squared_exponential:study_days,,,,,
C8p_QI168,lin,study_days,-1.0,0.0,lin:study_days,,,,,
C8p_QI168,squared_exponential,age,-4.8,0.0,squared_exponential:age,,,,,
C8p_QI168,lin,age,-1.0,0.0,lin:age,,,,,
C8p_QI168,squared_exponential,time_from_max,-4.8,0.0,squared_exponential:time_from_max,0.5,1.0,-4.804453361268088,2.6544491822569567e-05,120.0
C8p_QI168,lin,time_from_max,-0.6,0.098,lin:time_from_max,0.0692307692307692,1.0,-0.9683524642405246,0.4808805703460345,120.0
C8p_QI171,categorical,participant_id,28.8,0.621,categorical:participant_id,,,,,
C8p_QI171,categorical,site_name,-1.0,0.0,categorical:site_name,,,,,
C8p_QI171,categorical,race,-1.0,0.0,categorical:race,,,,,
C8p_QI171,categorical,sex,-1.0,0.0,categorical:sex,,,,,
C8p_QI171,categorical,general_wellbeing,-1.0,0.0,categorical:general_wellbeing,,,,,
C8p_QI171,squared_exponential,hbi,-4.8,0.0,squared_exponential:hbi,1.0,1.0,-4.804453680783354,1.2980664572880632e-08,10.0
C8p_QI171,lin,hbi,-1.0,0.0,lin:hbi,1.0,1.0,-0.9675363073667996,8.706524115231643e-09,10.0
C8p_QI171,squared_exponential,study_days,-4.8,0.0,squared_exponential:study_days,,,,,
C8p_QI171,lin,study_days,-1.0,0.0,lin:study_days,,,,,
C8p_QI171,squared_exponential,age,-4.8,0.0,squared_exponential:age,,,,,
C8p_QI171,lin,age,1.7,0.0,lin:age,,,,,
C8p_QI171,squared_exponential,time_from_max,-5.5,0.041,squared_exponential:time_from_max,0.5,1.0,-4.8045227063669245,0.193043971872758,120.0
C8p_QI171,lin,time_from_max,-1.0,0.0,lin:time_from_max,0.5,1.0,-0.9675342403713784,1.4155508199093118e-05,120.0
C8p_QI173,categorical,participant_id,33.4,0.907,categorical:participant_id,,,,,
C8p_QI173,categorical,site_name,-1.0,0.0,categorical:site_name,,,,,
C8p_QI173,categorical,race,-1.0,0.0,categorical:race,,,,,
C8p_QI173,categorical,sex,-1.0,0.0,categorical:sex,,,,,
C8p_QI173,categorical,general_wellbeing,-1.0,0.0,categorical:general_wellbeing,,,,,
C8p_QI173,squared_exponential,hbi,-4.8,0.0,squared_exponential:hbi,1.0,1.0,-4.804456877131088,4.069123935560685e-07,10.0
C8p_QI173,lin,hbi,-1.0,0.0,lin:hbi,1.0,1.0,-0.9675263515509868,4.428498845493846e-07,10.0
C8p_QI173,squared_exponential,study_days,-4.8,0.0,squared_exponential:study_days,,,,,
C8p_QI173,lin,study_days,-1.0,0.0,lin:study_days,,,,,
C8p_QI173,squared_exponential,age,-4.8,0.0,squared_exponential:age,,,,,
C8p_QI173,lin,age,-1.8,0.0,lin:age,,,,,
C8p_QI173,squared_exponential,time_from_max,-4.8,0.0,squared_exponential:time_from_max,1.0,1.0,-4.804492166889759,3.2765423582630906e-08,10.0
C8p_QI173,lin,time_from_max,-1.0,0.0,lin:time_from_max,1.0,1.0,-0.967526133568299,4.828494941540881e-08,10.0
C8p_QI175,categorical,participant_id,25.5,1.0,categorical:participant_id,,,,,
C8p_QI175,categorical,site_name,-1.0,0.0,categorical:site_name,,,,,
C8p_QI175,categorical,race,-1.0,0.0,categorical:race,,,,,
C8p_QI175,categorical,sex,-1.0,0.0,categorical:sex,,,,,
C8p_QI175,categorical,general_wellbeing,-1.0,0.0,categorical:general_wellbeing,,,,,
C8p_QI175,squared_exponential,hbi,-4.8,0.0,squared_exponential:hbi,1.0,1.0,-4.804456490475332,9.502677399901668e-07,60.0
C8p_QI175,lin,hbi,-1.0,0.0,lin:hbi,1.0,1.0,-0.9675436189293124,2.9320097386216e-07,60.0
C8p_QI175,squared_exponential,study_days,-4.8,0.0,squared_exponential:study_days,,,,,
C8p_QI175,lin,study_days,-1.0,0.0,lin:study_days,,,,,
C8p_QI175,squared_exponential,age,-4.8,0.0,squared_exponential:age,,,,,
C8p_QI175,lin,age,-1.0,0.0,lin:age,,,,,
C8p_QI175,squared_exponential,time_from_max,-4.8,0.0,squared_exponential:time_from_max,1.0,1.0,-4.804458338489212,4.142466496509164e-07,10.0
C8p_QI175,lin,time_from_max,-1.0,0.0,lin:time_from_max,1.0,1.0,-0.9675518284946066,2.787833629764481e-07,10.0
C8p_QI177,categorical,participant_id,26.1,1.0,categorical:participant_id,,,,,
C8p_QI177,categorical,site_name,-1.0,0.0,categorical:site_name,,,,,
C8p_QI177,categorical,race,-1.0,0.0,categorical:race,,,,,
C8p_QI177,categorical,sex,-1.0,0.0,categorical:sex,,,,,
C8p_QI177,categorical,general_wellbeing,-1.0,0.0,categorical:general_wellbeing,,,,,
C8p_QI177,squared_exponential,hbi,-4.8,0.0,squared_exponential:hbi,1.0,1.0,-4.804456005204656,1.6593525861249285e-07,10.0
C8p_QI177,lin,hbi,-1.0,0.0,lin:hbi,1.0,1.0,-0.9675301042354932,2.901810347561998e-07,10.0
C8p_QI177,squared_exponential,study_days,-4.8,0.0,squared_exponential:study_days,,,,,
C8p_QI177,lin,study_days,-1.0,0.0,lin:study_days,,,,,
C8p_QI177,squared_exponential,age,-4.8,0.0,squared_exponential:age,,,,,
C8p_QI177,lin,age,-1.0,0.0,lin:age,,,,,
C8p_QI177,squared_exponential,time_from_max,-4.8,0.0,squared_exponential:time_from_max,1.0,1.0,-4.804472467134247,1.9191437685719538e-07,10.0
C8p_QI177,lin,time_from_max,-1.0,0.0,lin:time_from_max,1.0,1.0,-0.9675615358887626,3.061895205263316e-07,10.0
C8p_QI179,categorical,participant_id,30.7,1.0,categorical:participant_id,,,,,
C8p_QI179,categorical,site_name,-1.0,0.0,categorical:site_name,,,,,
C8p_QI179,categorical,race,-1.0,0.0,categorical:race,,,,,
C8p_QI179,categorical,sex,-1.0,0.0,categorical:sex,,,,,
C8p_QI179,categorical,general_wellbeing,-1.0,0.0,categorical:general_wellbeing,,,,,
C8p_QI179,squared_exponential,hbi,-4.8,0.0,squared_exponential:hbi,1.0,1.0,-4.804452890483162,2.772478303917236e-07,10.0
C8p_QI179,lin,hbi,-1.0,0.0,lin:hbi,1.0,1.0,-0.9675300082535614,1.3231027091103777e-07,10.0
C8p_QI179,squared_exponential,study_days,-4.8,0.0,squared_exponential:study_days,,,,,
C8p_QI179,lin,study_days,-1.0,0.0,lin:study_days,,,,,
C8p_QI179,squared_exponential,age,-4.8,0.0,squared_exponential:age,,,,,
C8p_QI179,lin,age,-1.0,0.0,lin:age,,,,,
C8p_QI179,squared_exponential,time_from_max,-4.8,0.0,squared_exponential:time_from_max,1.0,1.0,-4.8044538530971295,3.4340199012205944e-07,10.0
C8p_QI179,lin,time_from_max,-1.0,0.0,lin:time_from_max,1.0,1.0,-0.9675308203150051,2.065832661409459e-07,10.0
C8p_QI181,categorical,participant_id,34.2,1.0,categorical:participant_id,,,,,
C8p_QI181,categorical,site_name,-1.0,0.0,categorical:site_name,,,,,
C8p_QI181,categorical,race,-1.0,0.0,categorical:race,,,,,
C8p_QI181,categorical,sex,-1.0,0.0,categorical:sex,,,,,
C8p_QI181,categorical,general_wellbeing,-1.0,0.0,categorical:general_wellbeing,,,,,
C8p_QI181,squared_exponential,hbi,-4.8,0.0,squared_exponential:hbi,1.0,1.0,-4.80445875646592,1.4677967845857716e-08,10.0
C8p_QI181,lin,hbi,-1.0,0.0,lin:hbi,1.0,1.0,-0.9675294920764372,2.2850017378749047e-08,10.0
C8p_QI181,squared_exponential,study_days,-4.8,0.0,squared_exponential:study_days,,,,,
C8p_QI181,lin,study_days,-1.0,0.0,lin:study_days,,,,,
C8p_QI181,squared_exponential,age,-4.8,0.0,squared_exponential:age,,,,,
C8p_QI181,lin,age,-1.0,0.0,lin:age,,,,,
C8p_QI181,squared_exponential,time_from_max,-4.8,0.0,squared_exponential:time_from_max,1.0,1.0,-4.804481779062598,3.2488376541922025e-08,10.0
C8p_QI181,lin,time_from_max,-1.0,0.0,lin:time_from_max,1.0,1.0,-0.9676866250269996,2.9254045859056788e-08,10.0
C8p_QI183,categorical,participant_id,-1.0,0.0,categorical:participant_id,,,,,
C8p_QI183,categorical,site_name,-1.0,0.0,categorical:site_name,,,,,
C8p_QI183,categorical,race,-1.0,0.0,categorical:race,,,,,
C8p_QI183,categorical,sex,-1.6,0.208,categorical:sex,,,,,
C8p_QI183,categorical,general_wellbeing,-1.0,0.0,categorical:general_wellbeing,,,,,
C8p_QI183,squared_exponential,hbi,-4.8,0.0,squared_exponential:hbi,0.5,1.0,-4.804453205677419,3.933946052543933e-06,60.0
C8p_QI183,lin,hbi,-0.7,0.228,lin:hbi,0.0815384615384615,0.287423076923077,-0.9677723526890532,0.3843531440265629,60.0
C8p_QI183,squared_exponential,study_days,-4.8,0.0,squared_exponential:study_days,,,,,
C8p_QI183,lin,study_days,1.7,0.665,lin:study_days,,,,,
C8p_QI183,squared_exponential,age,-4.8,0.0,squared_exponential:age,,,,,
C8p_QI183,lin,age,-1.0,0.0,lin:age,,,,,
C8p_QI183,squared_exponential,time_from_max,-4.8,0.0,squared_exponential:time_from_max,1.0,1.0,-4.8044534688949625,2.19406300695003e-08,10.0
C8p_QI183,lin,time_from_max,-1.0,0.0,lin:time_from_max,1.0,1.0,-0.967526310686253,2.0985958425103952e-08,10.0
C8p_QI185,categorical,participant_id,54.9,1.0,categorical:participant_id,,,,,
C8p_QI185,categorical,site_name,-1.0,0.0,categorical:site_name,,,,,
C8p_QI185,categorical,race,-1.0,0.0,categorical:race,,,,,
C8p_QI185,categorical,sex,-1.0,0.0,categorical:sex,,,,,
C8p_QI185,categorical,general_wellbeing,-1.0,0.0,categorical:general_wellbeing,,,,,
C8p_QI185,squared_exponential,hbi,-4.8,0.0,squared_exponential:hbi,1.0,1.0,-4.804458197444546,2.2693274764503028e-08,10.0
C8p_QI185,lin,hbi,-1.0,0.0,lin:hbi,1.0,1.0,-0.967529037365466,1.3842111518477944e-08,10.0
C8p_QI185,squared_exponential,study_days,-4.8,0.0,squared_exponential:study_days,,,,,
C8p_QI185,lin,study_days,-1.0,0.0,lin:study_days,,,,,
C8p_QI185,squared_exponential,age,-4.8,0.0,squared_exponential:age,,,,,
C8p_QI185,lin,age,-1.0,0.0,lin:age,,,,,
C8p_QI185,squared_exponential,time_from_max,-4.8,0.0,squared_exponential:time_from_max,1.0,1.0,-4.804461420977077,1.6865779000409768e-08,10.0
C8p_QI185,lin,time_from_max,-1.0,0.0,lin:time_from_max,1.0,1.0,-0.9675297678350034,1.4819353575040537e-08,10.0
C8p_QI186,categorical,participant_id,52.2,1.0,categorical:participant_id,,,,,
C8p_QI186,categorical,site_name,-1.0,0.0,categorical:site_name,,,,,
C8p_QI186,categorical,race,-1.0,0.0,categorical:race,,,,,
C8p_QI186,categorical,sex,-1.0,0.0,categorical:sex,,,,,
C8p_QI186,categorical,general_wellbeing,-1.0,0.0,categorical:general_wellbeing,,,,,
C8p_QI186,squared_exponential,hbi,-4.8,0.0,squared_exponential:hbi,1.0,1.0,-4.80445493534512,6.635955869580561e-09,10.0
C8p_QI186,lin,hbi,-1.0,0.0,lin:hbi,1.0,1.0,-0.9675281792001442,1.1591030003018889e-08,10.0
C8p_QI186,squared_exponential,study_days,-4.8,0.0,squared_exponential:study_days,,,,,
C8p_QI186,lin,study_days,-1.0,0.0,lin:study_days,,,,,
C8p_QI186,squared_exponential,age,-4.8,0.0,squared_exponential:age,,,,,
C8p_QI186,lin,age,-1.0,0.0,lin:age,,,,,
C8p_QI186,squared_exponential,time_from_max,-4.8,0.0,squared_exponential:time_from_max,1.0,1.0,-4.804461336939994,1.7407666986639444e-08,10.0
C8p_QI186,lin,time_from_max,-1.0,0.0,lin:time_from_max,1.0,1.0,-0.9675417775738424,8.353191504016149e-09,10.0
C8p_QI188,categorical,participant_id,29.8,1.0,categorical:participant_id,,,,,
C8p_QI188,categorical,site_name,-1.0,0.0,categorical:site_name,,,,,
C8p_QI188,categorical,race,-1.0,0.0,categorical:race,,,,,
C8p_QI188,categorical,sex,-1.0,0.0,categorical:sex,,,,,
C8p_QI188,categorical,general_wellbeing,-1.0,0.0,categorical:general_wellbeing,,,,,
C8p_QI188,squared_exponential,hbi,-4.8,0.0,squared_exponential:hbi,0.5,1.0,-4.804452535827295,1.199666181828615e-06,60.0
C8p_QI188,lin,hbi,-1.0,0.0,lin:hbi,0.5,1.0,-0.9675443344076484,1.4622785182456327e-06,60.0
C8p_QI188,squared_exponential,study_days,-4.8,0.0,squared_exponential:study_days,,,,,
C8p_QI188,lin,study_days,-1.0,0.0,lin:study_days,,,,,
C8p_QI188,squared_exponential,age,-4.8,0.0,squared_exponential:age,,,,,
C8p_QI188,lin,age,-1.0,0.0,lin:age,,,,,
C8p_QI188,squared_exponential,time_from_max,-4.8,0.0,squared_exponential:time_from_max,0.5,1.0,-4.804467953361836,1.369266904479594e-06,120.0
C8p_QI188,lin,time_from_max,-1.0,0.0,lin:time_from_max,0.5,1.0,-0.9675268197961486,1.1832085750014963e-06,120.0
C8p_QI190,categorical,participant_id,32.7,1.0,categorical:participant_id,,,,,
C8p_QI190,categorical,site_name,-1.0,0.0,categorical:site_name,,,,,
C8p_QI190,categorical,race,-1.0,0.0,categorical:race,,,,,
C8p_QI190,categorical,sex,-1.0,0.0,categorical:sex,,,,,
C8p_QI190,categorical,general_wellbeing,-1.0,0.0,categorical:general_wellbeing,,,,,
C8p_QI190,squared_exponential,hbi,-4.8,0.0,squared_exponential:hbi,0.5,1.0,-4.804451822629744,1.1987829526141718e-06,60.0
C8p_QI190,lin,hbi,-1.0,0.0,lin:hbi,1.0,1.0,-0.9675247826794476,4.825071564469007e-07,60.0
C8p_QI190,squared_exponential,study_days,-4.8,0.0,squared_exponential:study_days,,,,,
C8p_QI190,lin,study_days,-1.0,0.0,lin:study_days,,,,,
C8p_QI190,squared_exponential,age,-4.8,0.0,squared_exponential:age,,,,,
C8p_QI190,lin,age,-1.0,0.0,lin:age,,,,,
C8p_QI190,squared_exponential,time_from_max,-4.8,0.0,squared_exponential:time_from_max,0.5,1.0,-4.804459165162825,1.525279243049783e-06,120.0
C8p_QI190,lin,time_from_max,-1.0,0.0,lin:time_from_max,1.0,1.0,-0.967543669888073,6.401598205949845e-07,120.0
C8p_QI192,categorical,participant_id,39.4,1.0,categorical:participant_id,,,,,
C8p_QI192,categorical,site_name,-1.0,0.0,categorical:site_name,,,,,
C8p_QI192,categorical,race,-1.0,0.0,categorical:race,,,,,
C8p_QI192,categorical,sex,-1.0,0.0,categorical:sex,,,,,
C8p_QI192,categorical,general_wellbeing,-1.0,0.0,categorical:general_wellbeing,,,,,
C8p_QI192,squared_exponential,hbi,-4.8,0.0,squared_exponential:hbi,1.0,1.0,-4.80446826215757,7.710206076132955e-07,60.0
C8p_QI192,lin,hbi,-1.0,0.0,lin:hbi,0.5,1.0,-0.967531982541459,1.248417459249184e-06,60.0
C8p_QI192,squared_exponential,study_days,-4.8,0.0,squared_exponential:study_days,,,,,
C8p_QI192,lin,study_days,-1.0,0.0,lin:study_days,,,,,
C8p_QI192,squared_exponential,age,-4.8,0.0,squared_exponential:age,,,,,
C8p_QI192,lin,age,-1.0,0.0,lin:age,,,,,
C8p_QI192,squared_exponential,time_from_max,-4.8,0.0,squared_exponential:time_from_max,1.0,1.0,-4.8044539914835696,5.214833106190825e-07,10.0
C8p_QI192,lin,time_from_max,-1.0,0.0,lin:time_from_max,1.0,1.0,-0.9676201652123382,4.008536256511361e-07,10.0
C8p_QI194,categorical,participant_id,44.2,1.0,categorical:participant_id,,,,,
C8p_QI194,categorical,site_name,-1.0,0.0,categorical:site_name,,,,,
C8p_QI194,categorical,race,-1.0,0.0,categorical:race,,,,,
C8p_QI194,categorical,sex,-1.0,0.0,categorical:sex,,,,,
C8p_QI194,categorical,general_wellbeing,-1.0,0.0,categorical:general_wellbeing,,,,,
C8p_QI194,squared_exponential,hbi,-4.8,0.0,squared_exponential:hbi,1.0,1.0,-4.804470706593293,2.645538053938507e-07,10.0
C8p_QI194,lin,hbi,-1.0,0.0,lin:hbi,1.0,1.0,-0.96753369088583,3.172291021803023e-07,10.0
C8p_QI194,squared_exponential,study_days,-4.8,0.0,squared_exponential:study_days,,,,,
C8p_QI194,lin,study_days,-1.0,0.0,lin:study_days,,,,,
C8p_QI194,squared_exponential,age,-4.8,0.0,squared_exponential:age,,,,,
C8p_QI194,lin,age,-1.0,0.0,lin:age,,,,,
C8p_QI194,squared_exponential,time_from_max,-4.8,0.0,squared_exponential:time_from_max,1.0,1.0,-4.804456573100651,3.6779573436946977e-07,10.0
C8p_QI194,lin,time_from_max,-1.0,0.0,lin:time_from_max,1.0,1.0,-0.9677876350747284,3.433376039864516e-07,10.0
C8p_QI196,categorical,participant_id,51.5,1.0,categorical:participant_id,,,,,
C8p_QI196,categorical,site_name,-1.0,0.0,categorical:site_name,,,,,
C8p_QI196,categorical,race,-1.0,0.0,categorical:race,,,,,
C8p_QI196,categorical,sex,-1.0,0.0,categorical:sex,,,,,
C8p_QI196,categorical,general_wellbeing,-1.0,0.0,categorical:general_wellbeing,,,,,
C8p_QI196,squared_exponential,hbi,-4.8,0.0,squared_exponential:hbi,1.0,1.0,-4.804453930351201,3.6893447949574007e-08,10.0
C8p_QI196,lin,hbi,-1.0,0.0,lin:hbi,1.0,1.0,-0.9675275803137992,3.08269558733474e-08,10.0
C8p_QI196,squared_exponential,study_days,-4.8,0.0,squared_exponential:study_days,,,,,
C8p_QI196,lin,study_days,-1.0,0.0,lin:study_days,,,,,
C8p_QI196,squared_exponential,age,-4.8,0.0,squared_exponential:age,,,,,
C8p_QI196,lin,age,-1.0,0.0,lin:age,,,,,
C8p_QI196,squared_exponential,time_from_max,-4.8,0.0,squared_exponential:time_from_max,1.0,1.0,-4.804453777931258,4.767449905102415e-07,10.0
C8p_QI196,lin,time_from_max,-1.0,0.0,lin:time_from_max,1.0,1.0,-0.9675272559907172,4.068473473031547e-07,10.0
C8p_QI202,categorical,participant_id,-1.0,0.0,categorical:participant_id,,,,,
C8p_QI202,categorical,site_name,-1.0,0.0,categorical:site_name,,,,,
C8p_QI202,categorical,race,-1.0,0.0,categorical:race,,,,,
C8p_QI202,categorical,sex,-1.0,0.0,categorical:sex,,,,,
C8p_QI202,categorical,general_wellbeing,-1.0,0.0,categorical:general_wellbeing,,,,,
C8p_QI202,squared_exponential,hbi,-4.8,0.0,squared_exponential:hbi,1.0,1.0,-4.804452471242939,8.3260834275607e-09,10.0
C8p_QI202,lin,hbi,-1.0,0.0,lin:hbi,1.0,1.0,-0.967525426850898,8.360268727341045e-09,10.0
C8p_QI202,squared_exponential,study_days,-4.8,0.0,squared_exponential:study_days,,,,,
C8p_QI202,lin,study_days,-1.0,0.0,lin:study_days,,,,,
C8p_QI202,squared_exponential,age,-4.8,0.0,squared_exponential:age,,,,,
C8p_QI202,lin,age,-1.0,0.0,lin:age,,,,,
C8p_QI202,squared_exponential,time_from_max,-4.8,0.0,squared_exponential:time_from_max,0.5,1.0,-4.804451771311506,8.93455877637178e-06,120.0
C8p_QI202,lin,time_from_max,0.5,1.0,lin:time_from_max,0.0093681342935547,0.5870697490627652,-0.9675689181317466,0.4848725076972725,120.0
C8p_QI204,categorical,participant_id,20.3,1.0,categorical:participant_id,,,,,
C8p_QI204,categorical,site_name,-1.0,0.0,categorical:site_name,,,,,
C8p_QI204,categorical,race,-1.0,0.0,categorical:race,,,,,
C8p_QI204,categorical,sex,-1.0,0.0,categorical:sex,,,,,
C8p_QI204,categorical,general_wellbeing,-1.0,0.0,categorical:general_wellbeing,,,,,
C8p_QI204,squared_exponential,hbi,-4.8,0.0,squared_exponential:hbi,1.0,1.0,-4.8044528867533245,4.6732429671197324e-08,10.0
C8p_QI204,lin,hbi,-1.0,0.0,lin:hbi,1.0,1.0,-0.9675261914842396,3.6112464141374545e-08,10.0
C8p_QI204,squared_exponential,study_days,-4.8,0.0,squared_exponential:study_days,,,,,
C8p_QI204,lin,study_days,-1.0,0.0,lin:study_days,,,,,
C8p_QI204,squared_exponential,age,-4.8,0.0,squared_exponential:age,,,,,
C8p_QI204,lin,age,-1.0,0.0,lin:age,,,,,
C8p_QI204,squared_exponential,time_from_max,-4.8,0.0,squared_exponential:time_from_max,1.0,1.0,-4.804482807107661,6.669344552710724e-08,10.0
C8p_QI204,lin,time_from_max,-1.0,0.0,lin:time_from_max,1.0,1.0,-0.9675262111254596,8.146193904392806e-08,10.0
C8p_QI206,categorical,participant_id,9.3,1.0,categorical:participant_id,,,,,
C8p_QI206,categorical,site_name,-1.0,0.0,categorical:site_name,,,,,
C8p_QI206,categorical,race,-1.0,0.0,categorical:race,,,,,
C8p_QI206,categorical,sex,-1.0,0.0,categorical:sex,,,,,
C8p_QI206,categorical,general_wellbeing,-1.0,0.0,categorical:general_wellbeing,,,,,
C8p_QI206,squared_exponential,hbi,-4.8,0.0,squared_exponential:hbi,1.0,1.0,-4.804466009999942,1.6426562676325257e-08,10.0
C8p_QI206,lin,hbi,-1.0,0.0,lin:hbi,1.0,1.0,-0.967526166354446,1.4525845999299834e-08,10.0
C8p_QI206,squared_exponential,study_days,-4.8,0.0,squared_exponential:study_days,,,,,
C8p_QI206,lin,study_days,-1.0,0.0,lin:study_days,,,,,
C8p_QI206,squared_exponential,age,-4.8,0.0,squared_exponential:age,,,,,
C8p_QI206,lin,age,-1.0,0.0,lin:age,,,,,
C8p_QI206,squared_exponential,time_from_max,-4.8,0.0,squared_exponential:time_from_max,1.0,1.0,-4.804453019326047,7.366110186829331e-08,10.0
C8p_QI206,lin,time_from_max,-1.0,0.0,lin:time_from_max,1.0,1.0,-0.967526215382577,5.1929863346555274e-08,10.0
C8p_QI208,categorical,participant_id,-1.0,0.0,categorical:participant_id,,,,,
C8p_QI208,categorical,site_name,-1.0,0.0,categorical:site_name,,,,,
C8p_QI208,categorical,race,-1.0,0.0,categorical:race,,,,,
C8p_QI208,categorical,sex,-1.0,0.0,categorical:sex,,,,,
C8p_QI208,categorical,general_wellbeing,-1.0,0.0,categorical:general_wellbeing,,,,,
C8p_QI208,squared_exponential,hbi,-4.8,0.0,squared_exponential:hbi,1.0,1.0,-4.804451770883361,4.2217530184633905e-09,10.0
C8p_QI208,lin,hbi,-1.0,0.0,lin:hbi,1.0,1.0,-0.9675249063959654,1.0143068480383214e-08,10.0
C8p_QI208,squared_exponential,study_days,-4.8,0.0,squared_exponential:study_days,,,,,
C8p_QI208,lin,study_days,-1.0,0.0,lin:study_days,,,,,
C8p_QI208,squared_exponential,age,-4.8,0.0,squared_exponential:age,,,,,
C8p_QI208,lin,age,-1.0,0.0,lin:age,,,,,
C8p_QI208,squared_exponential,time_from_max,-4.8,0.0,squared_exponential:time_from_max,0.5,1.0,-4.804451799283925,9.443418979227508e-06,120.0
C8p_QI208,lin,time_from_max,-0.4,1.0,lin:time_from_max,0.0323076923076923,1.0,-0.9675404377205724,0.4043931756832266,120.0
HILn_QI2,categorical,participant_id,41.3,1.0,categorical:participant_id,,,,,
HILn_QI2,categorical,site_name,-1.0,0.0,categorical:site_name,,,,,
HILn_QI2,categorical,race,-1.0,0.0,categorical:race,,,,,
HILn_QI2,categorical,sex,-1.0,0.0,categorical:sex,,,,,
HILn_QI2,categorical,general_wellbeing,-1.0,0.0,categorical:general_wellbeing,,,,,
HILn_QI2,squared_exponential,hbi,-4.8,0.0,squared_exponential:hbi,1.0,1.0,-4.80445329141935,1.4196094108829985e-08,10.0
HILn_QI2,lin,hbi,-1.0,0.0,lin:hbi,1.0,1.0,-0.9675558017820548,1.5957492586055995e-08,10.0
HILn_QI2,squared_exponential,study_days,-4.8,0.0,squared_exponential:study_days,,,,,
HILn_QI2,lin,study_days,-1.0,0.0,lin:study_days,,,,,
HILn_QI2,squared_exponential,age,-4.8,0.0,squared_exponential:age,,,,,
HILn_QI2,lin,age,-1.0,0.0,lin:age,,,,,
HILn_QI2,squared_exponential,time_from_max,-4.8,0.0,squared_exponential:time_from_max,1.0,1.0,-4.804452844481602,1.7716095210457613e-08,10.0
HILn_QI2,lin,time_from_max,-1.0,0.0,lin:time_from_max,1.0,1.0,-0.9675259995010492,2.954971983953193e-08,10.0
HILn_TF1,categorical,participant_id,-1.0,0.0,categorical:participant_id,,,,,
HILn_TF1,categorical,site_name,-1.9,0.087,categorical:site_name,,,,,
HILn_TF1,categorical,race,-1.0,0.0,categorical:race,,,,,
HILn_TF1,categorical,sex,1.8,0.545,categorical:sex,,,,,
HILn_TF1,categorical,general_wellbeing,-1.0,0.0,categorical:general_wellbeing,,,,,
HILn_TF1,squared_exponential,hbi,-4.8,0.0,squared_exponential:hbi,1.0,1.0,-4.804462192257461,1.2342720573384225e-07,10.0
HILn_TF1,lin,hbi,-1.0,0.0,lin:hbi,1.0,1.0,-0.9675728989543586,1.42429645455373e-07,10.0
HILn_TF1,squared_exponential,study_days,2.0,0.515,squared_exponential:study_days,,,,,
HILn_TF1,lin,study_days,-1.0,0.0,lin:study_days,,,,,
HILn_TF1,squared_exponential,age,-4.8,0.0,squared_exponential:age,,,,,
HILn_TF1,lin,age,-1.0,0.0,lin:age,,,,,
HILn_TF1,squared_exponential,time_from_max,-5.6,0.269,squared_exponential:time_from_max,0.5,1.0,-5.178284986006702,1.0563077048145002,120.0
HILn_TF1,lin,time_from_max,-1.0,0.0,lin:time_from_max,0.5,1.0,-0.9686867670006905,0.0003575660589341,120.0
HILn_QI3,categorical,participant_id,49.1,1.0,categorical:participant_id,,,,,
HILn_QI3,categorical,site_name,-1.0,0.0,categorical:site_name,,,,,
HILn_QI3,categorical,race,-1.0,0.0,categorical:race,,,,,
HILn_QI3,categorical,sex,-1.0,0.0,categorical:sex,,,,,
HILn_QI3,categorical,general_wellbeing,-1.0,0.0,categorical:general_wellbeing,,,,,
HILn_QI3,squared_exponential,hbi,-4.8,0.0,squared_exponential:hbi,1.0,1.0,-4.804454793663808,2.6071429706702637e-08,10.0
HILn_QI3,lin,hbi,-1.0,0.0,lin:hbi,1.0,1.0,-0.9677284662618604,2.273493544203931e-08,10.0
HILn_QI3,squared_exponential,study_days,-4.8,0.0,squared_exponential:study_days,,,,,
HILn_QI3,lin,study_days,-1.0,0.0,lin:study_days,,,,,
HILn_QI3,squared_exponential,age,-4.8,0.0,squared_exponential:age,,,,,
HILn_QI3,lin,age,-1.0,0.0,lin:age,,,,,
HILn_QI3,squared_exponential,time_from_max,-4.8,0.0,squared_exponential:time_from_max,1.0,1.0,-4.804474596533737,2.0558057402062796e-08,10.0
HILn_QI3,lin,time_from_max,-1.0,0.0,lin:time_from_max,1.0,1.0,-0.967528225894739,1.7561015393123693e-08,10.0
HILn_QI5,categorical,participant_id,42.1,0.963,categorical:participant_id,,,,,
HILn_QI5,categorical,site_name,-1.0,0.0,categorical:site_name,,,,,
HILn_QI5,categorical,race,-1.0,0.0,categorical:race,,,,,
HILn_QI5,categorical,sex,-1.0,0.0,categorical:sex,,,,,
HILn_QI5,categorical,general_wellbeing,-1.0,0.0,categorical:general_wellbeing,,,,,
HILn_QI5,squared_exponential,hbi,-4.8,0.0,squared_exponential:hbi,0.5,1.0,-4.8044561282422364,1.8509747824556005e-05,60.0
HILn_QI5,lin,hbi,0.3,0.027,lin:hbi,0.0126346582956811,0.0593828939897012,-0.9676613427322992,0.3308114478872138,60.0
HILn_QI5,squared_exponential,study_days,-4.8,0.0,squared_exponential:study_days,,,,,
HILn_QI5,lin,study_days,-1.0,0.0,lin:study_days,,,,,
HILn_QI5,squared_exponential,age,-4.8,0.0,squared_exponential:age,,,,,
HILn_QI5,lin,age,-1.0,0.0,lin:age,,,,,
HILn_QI5,squared_exponential,time_from_max,-4.8,0.0,squared_exponential:time_from_max,1.0,1.0,-4.804453992197978,5.1888376103106815e-08,10.0
HILn_QI5,lin,time_from_max,-1.0,0.0,lin:time_from_max,1.0,1.0,-0.9675271744863494,6.862167826369258e-08,10.0
HILn_QI6,categorical,participant_id,41.6,0.816,categorical:participant_id,,,,,
HILn_QI6,categorical,site_name,-1.0,0.0,categorical:site_name,,,,,
HILn_QI6,categorical,race,-1.0,0.0,categorical:race,,,,,
HILn_QI6,categorical,sex,-1.0,0.0,categorical:sex,,,,,
HILn_QI6,categorical,general_wellbeing,-1.0,0.0,categorical:general_wellbeing,,,,,
HILn_QI6,squared_exponential,hbi,-4.8,0.0,squared_exponential:hbi,0.5,1.0,-4.804454770172697,0.0044620712299666,60.0
HILn_QI6,lin,hbi,2.9,0.031,lin:hbi,5.104645227160809e-05,0.0003998638761275,-0.9675283116669108,0.5337474037761278,60.0
HILn_QI6,squared_exponential,study_days,-4.8,0.0,squared_exponential:study_days,,,,,
HILn_QI6,lin,study_days,-1.0,0.0,lin:study_days,,,,,
HILn_QI6,squared_exponential,age,-4.8,0.0,squared_exponential:age,,,,,
HILn_QI6,lin,age,-1.9,0.0,lin:age,,,,,
HILn_QI6,squared_exponential,time_from_max,-4.8,0.0,squared_exponential:time_from_max,1.0,1.0,-4.804453245020113,9.06786558220565e-08,10.0
HILn_QI6,lin,time_from_max,-1.0,0.0,lin:time_from_max,1.0,1.0,-0.967526106426476,9.86684382729492e-08,10.0
HILn_QI7,categorical,participant_id,29.3,1.0,categorical:participant_id,,,,,
HILn_QI7,categorical,site_name,-1.0,0.0,categorical:site_name,,,,,
HILn_QI7,categorical,race,-1.0,0.0,categorical:race,,,,,
HILn_QI7,categorical,sex,-1.0,0.0,categorical:sex,,,,,
HILn_QI7,categorical,general_wellbeing,-1.0,0.0,categorical:general_wellbeing,,,,,
HILn_QI7,squared_exponential,hbi,-4.8,0.0,squared_exponential:hbi,1.0,1.0,-4.804452420274629,1.7343278448592948e-08,10.0
HILn_QI7,lin,hbi,-1.0,0.0,lin:hbi,1.0,1.0,-0.9675256474247362,3.4867048370161973e-08,10.0
HILn_QI7,squared_exponential,study_days,-4.8,0.0,squared_exponential:study_days,,,,,
HILn_QI7,lin,study_days,-1.0,0.0,lin:study_days,,,,,
HILn_QI7,squared_exponential,age,-4.8,0.0,squared_exponential:age,,,,,
HILn_QI7,lin,age,-1.0,0.0,lin:age,,,,,
HILn_QI7,squared_exponential,time_from_max,-4.8,0.0,squared_exponential:time_from_max,1.0,1.0,-4.804452377711868,2.0197404177712494e-08,10.0
HILn_QI7,lin,time_from_max,-1.0,0.0,lin:time_from_max,1.0,1.0,-0.9675256631080628,2.0846455908908393e-08,10.0
HILn_QI9,categorical,participant_id,49.0,0.698,categorical:participant_id,,,,,
HILn_QI9,categorical,site_name,-1.0,0.0,categorical:site_name,,,,,
HILn_QI9,categorical,race,-1.0,0.0,categorical:race,,,,,
HILn_QI9,categorical,sex,-1.6,0.0,categorical:sex,,,,,
HILn_QI9,categorical,general_wellbeing,-1.0,0.0,categorical:general_wellbeing,,,,,
HILn_QI9,squared_exponential,hbi,-4.8,0.0,squared_exponential:hbi,0.5,1.0,-4.804454121658864,3.878806787479513e-06,60.0
HILn_QI9,lin,hbi,1.6,0.038,lin:hbi,5.104645227160809e-05,0.0003998638761275,-0.9678456682522664,0.2910020418205493,60.0
HILn_QI9,squared_exponential,study_days,-4.8,0.0,squared_exponential:study_days,,,,,
HILn_QI9,lin,study_days,-1.0,0.0,lin:study_days,,,,,
HILn_QI9,squared_exponential,age,-4.8,0.0,squared_exponential:age,,,,,
HILn_QI9,lin,age,-1.1,0.0,lin:age,,,,,
HILn_QI9,squared_exponential,time_from_max,-4.8,0.0,squared_exponential:time_from_max,0.5,1.0,-4.804598162294724,1.310208030072441e-05,120.0
HILn_QI9,lin,time_from_max,2.0,0.029,lin:time_from_max,5.3937432578199385e-05,0.0101402373247014,-0.9682362635064692,0.2854848077604328,120.0
HILn_QI10,categorical,participant_id,-1.0,0.0,categorical:participant_id,,,,,
HILn_QI10,categorical,site_name,3.0,0.387,categorical:site_name,,,,,
HILn_QI10,categorical,race,-1.0,0.0,categorical:race,,,,,
HILn_QI10,categorical,sex,0.4,0.146,categorical:sex,,,,,
HILn_QI10,categorical,general_wellbeing,-1.0,0.0,categorical:general_wellbeing,,,,,
HILn_QI10,squared_exponential,hbi,-4.8,0.0,squared_exponential:hbi,0.5,1.0,-4.804453231665775,4.38962362242935e-06,60.0
HILn_QI10,lin,hbi,4.6,0.387,lin:hbi,0.0058765081528933,0.0321781611478818,-0.9678802544858628,1.1630117143463,60.0
HILn_QI10,squared_exponential,study_days,-4.8,0.0,squared_exponential:study_days,,,,,
HILn_QI10,lin,study_days,-1.0,0.0,lin:study_days,,,,,
HILn_QI10,squared_exponential,age,-4.8,0.0,squared_exponential:age,,,,,
HILn_QI10,lin,age,-1.0,0.0,lin:age,,,,,
HILn_QI10,squared_exponential,time_from_max,-4.8,0.0,squared_exponential:time_from_max,1.0,1.0,-4.804458201143461,1.7229097232599244e-08,10.0
HILn_QI10,lin,time_from_max,-1.0,0.0,lin:time_from_max,1.0,1.0,-0.967527904309236,2.770974313686593e-08,10.0
HILn_QI11,categorical,participant_id,-1.0,0.0,categorical:participant_id,,,,,
HILn_QI11,categorical,site_name,-1.0,0.0,categorical:site_name,,,,,
HILn_QI11,categorical,race,-1.0,0.0,categorical:race,,,,,
HILn_QI11,categorical,sex,-0.3,0.512,categorical:sex,,,,,
HILn_QI11,categorical,general_wellbeing,-1.0,0.0,categorical:general_wellbeing,,,,,
HILn_QI11,squared_exponential,hbi,-4.8,0.0,squared_exponential:hbi,1.0,1.0,-4.804674443074873,1.7289686023599236e-09,10.0
HILn_QI11,lin,hbi,-1.0,0.0,lin:hbi,1.0,1.0,-0.9675284051675136,6.606069017527693e-09,10.0
HILn_QI11,squared_exponential,study_days,-4.8,0.0,squared_exponential:study_days,,,,,
HILn_QI11,lin,study_days,0.9,0.547,lin:study_days,,,,,
HILn_QI11,squared_exponential,age,-4.8,0.0,squared_exponential:age,,,,,
HILn_QI11,lin,age,-1.7,0.155,lin:age,,,,,
HILn_QI11,squared_exponential,time_from_max,-4.8,0.0,squared_exponential:time_from_max,1.0,1.0,-4.804455274554357,1.3854591625853347e-09,10.0
HILn_QI11,lin,time_from_max,-1.0,0.0,lin:time_from_max,1.0,1.0,-0.9675283675874198,7.815110014327325e-09,10.0
HILn_QI13,categorical,participant_id,-1.0,0.0,categorical:participant_id,,,,,
HILn_QI13,categorical,site_name,-0.6,0.068,categorical:site_name,,,,,
HILn_QI13,categorical,race,-2.4,0.039,categorical:race,,,,,
HILn_QI13,categorical,sex,-0.3,0.089,categorical:sex,,,,,
HILn_QI13,categorical,general_wellbeing,-1.0,0.0,categorical:general_wellbeing,,,,,
HILn_QI13,squared_exponential,hbi,-5.4,0.054,squared_exponential:hbi,0.5,1.0,-4.8061788112572685,0.3248396624889506,60.0
HILn_QI13,lin,hbi,-1.0,0.0,lin:hbi,0.5,1.0,-0.9675289859283112,3.174650574342309e-05,60.0
HILn_QI13,squared_exponential,study_days,-4.2,0.085,squared_exponential:study_days,,,,,
HILn_QI13,lin,study_days,-1.0,0.0,lin:study_days,,,,,
HILn_QI13,squared_exponential,age,2.7,0.249,squared_exponential:age,,,,,
HILn_QI13,lin,age,-1.0,0.0,lin:age,,,,,
HILn_QI13,squared_exponential,time_from_max,-4.8,0.0,squared_exponential:time_from_max,1.0,1.0,-4.804455051173591,1.0724035823504909e-07,10.0
HILn_QI13,lin,time_from_max,-1.0,0.0,lin:time_from_max,1.0,1.0,-0.9675259783125512,7.028312307144931e-08,10.0
HILn_QI14,categorical,participant_id,55.1,1.0,categorical:participant_id,,,,,
HILn_QI14,categorical,site_name,-1.0,0.0,categorical:site_name,,,,,
HILn_QI14,categorical,race,-1.0,0.0,categorical:race,,,,,
HILn_QI14,categorical,sex,-1.0,0.0,categorical:sex,,,,,
HILn_QI14,categorical,general_wellbeing,-1.0,0.0,categorical:general_wellbeing,,,,,
HILn_QI14,squared_exponential,hbi,-4.8,0.0,squared_exponential:hbi,1.0,1.0,-4.804453635181289,7.509093023077516e-10,10.0
HILn_QI14,lin,hbi,-1.0,0.0,lin:hbi,1.0,1.0,-0.9676417125579064,4.843841220598855e-09,10.0
HILn_QI14,squared_exponential,study_days,-4.8,0.0,squared_exponential:study_days,,,,,
HILn_QI14,lin,study_days,-1.0,0.0,lin:study_days,,,,,
HILn_QI14,squared_exponential,age,-4.8,0.0,squared_exponential:age,,,,,
HILn_QI14,lin,age,-1.0,0.0,lin:age,,,,,
HILn_QI14,squared_exponential,time_from_max,-4.8,0.0,squared_exponential:time_from_max,1.0,1.0,-4.804453822666119,3.658036766684361e-10,10.0
HILn_QI14,lin,time_from_max,-1.0,0.0,lin:time_from_max,1.0,1.0,-0.9675269475235382,4.727323075090651e-10,10.0
HILn_QI16,categorical,participant_id,-1.0,0.0,categorical:participant_id,,,,,
HILn_QI16,categorical,site_name,-1.0,0.0,categorical:site_name,,,,,
HILn_QI16,categorical,race,4.6,0.45,categorical:race,,,,,
HILn_QI16,categorical,sex,-1.2,0.061,categorical:sex,,,,,
HILn_QI16,categorical,general_wellbeing,-1.0,0.0,categorical:general_wellbeing,,,,,
HILn_QI16,squared_exponential,hbi,-5.7,0.129,squared_exponential:hbi,0.5,1.0,-4.804614124761201,2.646868471698886,60.0
HILn_QI16,lin,hbi,-1.0,0.0,lin:hbi,0.5,1.0,-0.9675283227002184,2.699949537908033e-05,60.0
HILn_QI16,squared_exponential,study_days,-4.8,0.0,squared_exponential:study_days,,,,,
HILn_QI16,lin,study_days,-1.0,0.0,lin:study_days,,,,,
HILn_QI16,squared_exponential,age,-4.8,0.0,squared_exponential:age,,,,,
HILn_QI16,lin,age,-1.0,0.0,lin:age,,,,,
HILn_QI16,squared_exponential,time_from_max,-3.2,0.195,squared_exponential:time_from_max,0.0446153846153846,1.0,-4.805239187680172,1.460927397460309,120.0
HILn_QI16,lin,time_from_max,-1.0,0.0,lin:time_from_max,0.5,1.0,-0.9675273733885206,8.697343210938194e-06,120.0
HILn_QI17,categorical,participant_id,-1.0,0.0,categorical:participant_id,,,,,
HILn_QI17,categorical,site_name,-1.0,0.0,categorical:site_name,,,,,
HILn_QI17,categorical,race,-1.0,0.0,categorical:race,,,,,
HILn_QI17,categorical,sex,-1.0,0.0,categorical:sex,,,,,
HILn_QI17,categorical,general_wellbeing,-1.0,0.0,categorical:general_wellbeing,,,,,
HILn_QI17,squared_exponential,hbi,-4.8,0.0,squared_exponential:hbi,1.0,1.0,-4.80445529170288,6.783299136114545e-09,10.0
HILn_QI17,lin,hbi,-1.0,0.0,lin:hbi,1.0,1.0,-0.9675274178334804,9.404536947063649e-09,10.0
HILn_QI17,squared_exponential,study_days,-4.8,0.0,squared_exponential:study_days,,,,,
HILn_QI17,lin,study_days,-1.0,0.0,lin:study_days,,,,,
HILn_QI17,squared_exponential,age,-4.8,0.0,squared_exponential:age,,,,,
HILn_QI17,lin,age,5.7,1.0,lin:age,,,,,
HILn_QI17,squared_exponential,time_from_max,-4.8,0.0,squared_exponential:time_from_max,1.0,1.0,-4.804460076364194,1.2421153804873568e-08,10.0
HILn_QI17,lin,time_from_max,-1.0,0.0,lin:time_from_max,1.0,1.0,-0.967527393713226,1.4508883180268895e-08,10.0
HILn_QI18,categorical,participant_id,-1.0,0.0,categorical:participant_id,,,,,
HILn_QI18,categorical,site_name,-0.9,0.233,categorical:site_name,,,,,
HILn_QI18,categorical,race,-1.0,0.0,categorical:race,,,,,
HILn_QI18,categorical,sex,-1.2,0.095,categorical:sex,,,,,
HILn_QI18,categorical,general_wellbeing,-1.0,0.0,categorical:general_wellbeing,,,,,
HILn_QI18,squared_exponential,hbi,-4.8,0.0,squared_exponential:hbi,0.5,1.0,-4.804453302351021,6.954042024880218e-06,60.0
HILn_QI18,lin,hbi,5.7,0.516,lin:hbi,0.0020123222165767,0.0131970898854569,-0.9690459291218758,1.099138443401911,60.0
HILn_QI18,squared_exponential,study_days,-4.8,0.0,squared_exponential:study_days,,,,,
HILn_QI18,lin,study_days,-1.0,0.0,lin:study_days,,,,,
HILn_QI18,squared_exponential,age,-4.8,0.0,squared_exponential:age,,,,,
HILn_QI18,lin,age,-1.0,0.0,lin:age,,,,,
HILn_QI18,squared_exponential,time_from_max,-4.8,0.0,squared_exponential:time_from_max,1.0,1.0,-4.8044578485719285,2.676012559163181e-07,10.0
HILn_QI18,lin,time_from_max,-1.0,0.0,lin:time_from_max,1.0,1.0,-0.9675302373643716,3.009877395681995e-07,10.0
HILn_QI19,categorical,participant_id,-1.0,0.0,categorical:participant_id,,,,,
HILn_QI19,categorical,site_name,-1.0,0.0,categorical:site_name,,,,,
HILn_QI19,categorical,race,-1.0,0.0,categorical:race,,,,,
HILn_QI19,categorical,sex,-1.2,0.066,categorical:sex,,,,,
HILn_QI19,categorical,general_wellbeing,-1.0,0.0,categorical:general_wellbeing,,,,,
HILn_QI19,squared_exponential,hbi,-4.8,0.0,squared_exponential:hbi,0.5,1.0,-4.804454870477912,2.024067817598549e-05,60.0
HILn_QI19,lin,hbi,1.3,0.165,lin:hbi,0.0068487005011163,0.0364402554965056,-0.968191625468762,0.4845886185405044,60.0
HILn_QI19,squared_exponential,study_days,-4.8,0.0,squared_exponential:study_days,,,,,
HILn_QI19,lin,study_days,-1.0,0.0,lin:study_days,,,,,
HILn_QI19,squared_exponential,age,11.0,0.653,squared_exponential:age,,,,,
HILn_QI19,lin,age,-1.0,0.0,lin:age,,,,,
HILn_QI19,squared_exponential,time_from_max,-4.8,0.0,squared_exponential:time_from_max,1.0,1.0,-4.804455490055943,3.1774813017224185e-08,10.0
HILn_QI19,lin,time_from_max,-1.0,0.0,lin:time_from_max,1.0,1.0,-0.9675259762725544,1.941149427641704e-08,10.0
HILn_QI20,categorical,participant_id,-1.0,0.0,categorical:participant_id,,,,,
HILn_QI20,categorical,site_name,-2.0,1.0,categorical:site_name,,,,,
HILn_QI20,categorical,race,-1.0,0.0,categorical:race,,,,,
HILn_QI20,categorical,sex,-1.0,0.0,categorical:sex,,,,,
HILn_QI20,categorical,general_wellbeing,-1.0,0.0,categorical:general_wellbeing,,,,,
HILn_QI20,squared_exponential,hbi,-4.8,0.0,squared_exponential:hbi,1.0,1.0,-4.804454952367905,1.6919913673855935e-09,10.0
HILn_QI20,lin,hbi,-1.0,0.0,lin:hbi,1.0,1.0,-0.9675258818997464,3.677551906484953e-09,10.0
HILn_QI20,squared_exponential,study_days,-4.8,0.0,squared_exponential:study_days,,,,,
HILn_QI20,lin,study_days,-1.0,0.0,lin:study_days,,,,,
HILn_QI20,squared_exponential,age,-4.8,0.0,squared_exponential:age,,,,,
HILn_QI20,lin,age,-1.0,0.0,lin:age,,,,,
HILn_QI20,squared_exponential,time_from_max,-4.8,0.0,squared_exponential:time_from_max,1.0,1.0,-4.804452630218975,1.586831494398324e-09,10.0
HILn_QI20,lin,time_from_max,-1.0,0.0,lin:time_from_max,1.0,1.0,-0.967525883557073,1.7380192574704184e-09,10.0
HILn_QI22,categorical,participant_id,-1.0,0.0,categorical:participant_id,,,,,
HILn_QI22,categorical,site_name,-0.6,0.582,categorical:site_name,,,,,
HILn_QI22,categorical,race,-1.0,0.0,categorical:race,,,,,
HILn_QI22,categorical,sex,-1.0,0.0,categorical:sex,,,,,
HILn_QI22,categorical,general_wellbeing,-1.0,0.0,categorical:general_wellbeing,,,,,
HILn_QI22,squared_exponential,hbi,-4.8,0.0,squared_exponential:hbi,1.0,1.0,-4.804455161061696,7.687456067249504e-09,10.0
HILn_QI22,lin,hbi,-1.0,0.0,lin:hbi,1.0,1.0,-0.9675276105001558,1.1909901512395004e-08,10.0
HILn_QI22,squared_exponential,study_days,-4.8,0.0,squared_exponential:study_days,,,,,
HILn_QI22,lin,study_days,0.7,0.391,lin:study_days,,,,,
HILn_QI22,squared_exponential,age,-4.8,0.0,squared_exponential:age,,,,,
HILn_QI22,lin,age,-1.0,0.0,lin:age,,,,,
HILn_QI22,squared_exponential,time_from_max,-4.8,0.0,squared_exponential:time_from_max,1.0,1.0,-4.804454368651022,9.37532769415843e-09,10.0
HILn_QI22,lin,time_from_max,-1.0,0.0,lin:time_from_max,1.0,1.0,-0.9675276016339468,6.903191804994031e-09,10.0
HILn_QI23,categorical,participant_id,-1.0,0.485,categorical:participant_id,,,,,
HILn_QI23,categorical,site_name,-1.0,0.668,categorical:site_name,,,,,
HILn_QI23,categorical,race,-1.0,0.451,categorical:race,,,,,
HILn_QI23,categorical,sex,-1.0,0.562,categorical:sex,,,,,
HILn_QI23,categorical,general_wellbeing,-1.0,0.572,categorical:general_wellbeing,,,,,
HILn_QI23,squared_exponential,hbi,-4.8,0.35,squared_exponential:hbi,1.0,1.0,-4.804461463634198,1.5318634518097924e-07,10.0
HILn_QI23,lin,hbi,-1.0,0.63,lin:hbi,1.0,1.0,-0.9675252441434168,1.6193614463699852e-07,10.0
HILn_QI23,squared_exponential,study_days,-4.8,0.749,squared_exponential:study_days,,,,,
HILn_QI23,lin,study_days,-1.0,0.509,lin:study_days,,,,,
HILn_QI23,squared_exponential,age,-4.8,0.702,squared_exponential:age,,,,,
HILn_QI23,lin,age,-1.0,0.635,lin:age,,,,,
HILn_QI23,squared_exponential,time_from_max,-4.8,0.5,squared_exponential:time_from_max,1.0,1.0,-4.804454205928778,2.3016712865979466e-07,10.0
HILn_QI23,lin,time_from_max,-1.0,0.607,lin:time_from_max,1.0,1.0,-0.9675254274407052,2.363082656674678e-07,10.0
HILn_QI24,categorical,participant_id,33.8,0.917,categorical:participant_id,,,,,
HILn_QI24,categorical,site_name,-1.0,0.0,categorical:site_name,,,,,
HILn_QI24,categorical,race,-1.0,0.0,categorical:race,,,,,
HILn_QI24,categorical,sex,-1.0,0.0,categorical:sex,,,,,
HILn_QI24,categorical,general_wellbeing,-1.9,0.016,categorical:general_wellbeing,,,,,
HILn_QI24,squared_exponential,hbi,-4.8,0.0,squared_exponential:hbi,0.5,1.0,-4.80445360269141,1.6564456767886517e-05,60.0
HILn_QI24,lin,hbi,-1.7,0.018,lin:hbi,0.5,1.0,-0.967655321749362,0.3108535815365835,60.0
HILn_QI24,squared_exponential,study_days,-4.8,0.0,squared_exponential:study_days,,,,,
HILn_QI24,lin,study_days,-1.0,0.0,lin:study_days,,,,,
HILn_QI24,squared_exponential,age,-4.8,0.0,squared_exponential:age,,,,,
HILn_QI24,lin,age,-1.0,0.0,lin:age,,,,,
HILn_QI24,squared_exponential,time_from_max,-4.8,0.0,squared_exponential:time_from_max,1.0,1.0,-4.805326549774236,5.2867758714315097e-08,10.0
HILn_QI24,lin,time_from_max,-1.0,0.0,lin:time_from_max,1.0,1.0,-0.9675262735768227,3.710750125819564e-08,10.0
HILn_QI25,categorical,participant_id,-1.0,0.0,categorical:participant_id,,,,,
HILn_QI25,categorical,site_name,-1.0,0.0,categorical:site_name,,,,,
HILn_QI25,categorical,race,-1.0,0.0,categorical:race,,,,,
HILn_QI25,categorical,sex,-1.0,0.0,categorical:sex,,,,,
HILn_QI25,categorical,general_wellbeing,-1.0,0.0,categorical:general_wellbeing,,,,,
HILn_QI25,squared_exponential,hbi,-4.8,0.0,squared_exponential:hbi,0.5,1.0,-4.804453004886454,3.6114128015451432e-06,60.0
HILn_QI25,lin,hbi,6.7,0.605,lin:hbi,0.0005073387537151,0.0037160916505886,-0.9675254967628462,1.1043715835364043,60.0
HILn_QI25,squared_exponential,study_days,-4.8,0.0,squared_exponential:study_days,,,,,
HILn_QI25,lin,study_days,-0.7,0.148,lin:study_days,,,,,
HILn_QI25,squared_exponential,age,-4.8,0.0,squared_exponential:age,,,,,
HILn_QI25,lin,age,3.1,0.375,lin:age,,,,,
HILn_QI25,squared_exponential,time_from_max,-4.8,0.0,squared_exponential:time_from_max,1.0,1.0,-4.804452771740444,5.539535464671205e-08,10.0
HILn_QI25,lin,time_from_max,-1.0,0.0,lin:time_from_max,1.0,1.0,-0.9675260969411285,4.2832992894812165e-08,10.0
HILn_TF2,categorical,participant_id,-1.0,1.0,categorical:participant_id,,,,,
HILn_TF2,categorical,site_name,-1.0,1.0,categorical:site_name,,,,,
HILn_TF2,categorical,race,-1.0,1.0,categorical:race,,,,,
HILn_TF2,categorical,sex,-1.0,1.0,categorical:sex,,,,,
HILn_TF2,categorical,general_wellbeing,-1.0,1.0,categorical:general_wellbeing,,,,,
HILn_TF2,squared_exponential,hbi,-4.8,1.0,squared_exponential:hbi,1.0,1.0,-4.804452039218631,3.3741493302546165e-08,10.0
HILn_TF2,lin,hbi,-1.0,1.0,lin:hbi,1.0,1.0,-0.9675287690477036,2.7250435199225185e-08,10.0
HILn_TF2,squared_exponential,study_days,-4.8,1.0,squared_exponential:study_days,,,,,
HILn_TF2,lin,study_days,-1.0,1.0,lin:study_days,,,,,
HILn_TF2,squared_exponential,age,-4.8,0.989,squared_exponential:age,,,,,
HILn_TF2,lin,age,-1.0,1.0,lin:age,,,,,
HILn_TF2,squared_exponential,time_from_max,-4.8,1.0,squared_exponential:time_from_max,1.0,1.0,-4.804451961227642,5.161454456599991e-08,10.0
HILn_TF2,lin,time_from_max,-1.0,1.0,lin:time_from_max,1.0,1.0,-0.9675253312152564,4.1262364866259e-08,10.0
HILn_TF3,categorical,participant_id,-1.0,0.0,categorical:participant_id,,,,,
HILn_TF3,categorical,site_name,-1.0,0.0,categorical:site_name,,,,,
HILn_TF3,categorical,race,-1.0,0.0,categorical:race,,,,,
HILn_TF3,categorical,sex,-2.0,0.122,categorical:sex,,,,,
HILn_TF3,categorical,general_wellbeing,-1.0,0.0,categorical:general_wellbeing,,,,,
HILn_TF3,squared_exponential,hbi,-2.8,1.0,squared_exponential:hbi,0.1184615384615384,1.0,-4.804455567593095,1.011080854800056,60.0
HILn_TF3,lin,hbi,-1.0,0.0,lin:hbi,0.5,1.0,-0.9675297299531848,7.781649167427305e-06,60.0
HILn_TF3,squared_exponential,study_days,-4.8,0.0,squared_exponential:study_days,,,,,
HILn_TF3,lin,study_days,-1.0,0.0,lin:study_days,,,,,
HILn_TF3,squared_exponential,age,-4.8,0.0,squared_exponential:age,,,,,
HILn_TF3,lin,age,-1.0,0.0,lin:age,,,,,
HILn_TF3,squared_exponential,time_from_max,-4.8,0.0,squared_exponential:time_from_max,1.0,1.0,-4.804454091565503,3.141580536586951e-07,10.0
HILn_TF3,lin,time_from_max,-1.0,0.0,lin:time_from_max,1.0,1.0,-0.9675271515516216,2.61026471543885e-07,10.0
HILn_QI28,categorical,participant_id,-1.0,0.0,categorical:participant_id,,,,,
HILn_QI28,categorical,site_name,0.3,0.2,categorical:site_name,,,,,
HILn_QI28,categorical,race,-0.1,0.158,categorical:race,,,,,
HILn_QI28,categorical,sex,-1.0,0.0,categorical:sex,,,,,
HILn_QI28,categorical,general_wellbeing,-1.0,0.0,categorical:general_wellbeing,,,,,
HILn_QI28,squared_exponential,hbi,-4.8,0.0,squared_exponential:hbi,0.5,1.0,-4.8044534852058405,3.519463291540248e-06,60.0
HILn_QI28,lin,hbi,-1.5,0.048,lin:hbi,0.5,1.0,-0.9678185089344424,0.4005870710220606,60.0
HILn_QI28,squared_exponential,study_days,-4.8,0.0,squared_exponential:study_days,,,,,
HILn_QI28,lin,study_days,-1.0,0.0,lin:study_days,,,,,
HILn_QI28,squared_exponential,age,-4.8,0.0,squared_exponential:age,,,,,
HILn_QI28,lin,age,0.1,0.05,lin:age,,,,,
HILn_QI28,squared_exponential,time_from_max,-4.8,0.0,squared_exponential:time_from_max,1.0,1.0,-4.804453490083915,1.0972727268775502e-09,10.0
HILn_QI28,lin,time_from_max,-1.0,0.0,lin:time_from_max,1.0,1.0,-0.9675261498452982,5.0349482779120204e-09,10.0
HILn_TF4,categorical,participant_id,-1.0,0.0,categorical:participant_id,,,,,
HILn_TF4,categorical,site_name,-1.0,0.0,categorical:site_name,,,,,
HILn_TF4,categorical,race,-1.0,0.0,categorical:race,,,,,
HILn_TF4,categorical,sex,-1.0,0.0,categorical:sex,,,,,
HILn_TF4,categorical,general_wellbeing,-1.0,0.0,categorical:general_wellbeing,,,,,
HILn_TF4,squared_exponential,hbi,-4.8,0.0,squared_exponential:hbi,0.5,1.0,-4.804457439463931,1.060652806489337e-05,60.0
HILn_TF4,lin,hbi,1.7,0.186,lin:hbi,5.104645227160809e-05,0.0003998638761275,-0.9684390015786448,0.2391300158268457,60.0
HILn_TF4,squared_exponential,study_days,-2.7,0.659,squared_exponential:study_days,,,,,
HILn_TF4,lin,study_days,-1.0,0.0,lin:study_days,,,,,
HILn_TF4,squared_exponential,age,-4.8,0.0,squared_exponential:age,,,,,
HILn_TF4,lin,age,-1.0,0.0,lin:age,,,,,
HILn_TF4,squared_exponential,time_from_max,-4.8,0.0,squared_exponential:time_from_max,0.5,1.0,-4.804454567062294,1.970249474033135e-06,120.0
HILn_TF4,lin,time_from_max,-1.0,0.0,lin:time_from_max,0.5,1.0,-0.9675281957770494,1.4975611637303725e-06,120.0
HILn_QI30,categorical,participant_id,-1.0,0.0,categorical:participant_id,,,,,
HILn_QI30,categorical,site_name,-1.0,0.0,categorical:site_name,,,,,
HILn_QI30,categorical,race,-1.0,0.0,categorical:race,,,,,
HILn_QI30,categorical,sex,-1.7,0.665,categorical:sex,,,,,
HILn_QI30,categorical,general_wellbeing,-1.0,0.0,categorical:general_wellbeing,,,,,
HILn_QI30,squared_exponential,hbi,-4.8,0.0,squared_exponential:hbi,0.5,1.0,-4.80445323686854,1.01710217874613e-05,60.0
HILn_QI30,lin,hbi,-1.7,0.511,lin:hbi,0.5,1.0,-0.967685922291821,0.3961810802628378,60.0
HILn_QI30,squared_exponential,study_days,-4.8,0.0,squared_exponential:study_days,,,,,
HILn_QI30,lin,study_days,-1.0,0.0,lin:study_days,,,,,
HILn_QI30,squared_exponential,age,-4.8,0.0,squared_exponential:age,,,,,
HILn_QI30,lin,age,-1.0,0.0,lin:age,,,,,
HILn_QI30,squared_exponential,time_from_max,-4.8,0.0,squared_exponential:time_from_max,1.0,1.0,-4.804454938667277,2.414188624840612e-07,10.0
HILn_QI30,lin,time_from_max,-1.0,0.0,lin:time_from_max,1.0,1.0,-0.9675255146009932,3.42661861592924e-07,10.0
HILn_QI31,categorical,participant_id,-1.0,1.0,categorical:participant_id,,,,,
HILn_QI31,categorical,site_name,-1.0,1.0,categorical:site_name,,,,,
HILn_QI31,categorical,race,-1.0,1.0,categorical:race,,,,,
HILn_QI31,categorical,sex,-1.0,1.0,categorical:sex,,,,,
HILn_QI31,categorical,general_wellbeing,-1.0,1.0,categorical:general_wellbeing,,,,,
HILn_QI31,squared_exponential,hbi,-4.8,1.0,squared_exponential:hbi,1.0,1.0,-4.804451973624737,8.098508786852398e-10,10.0
HILn_QI31,lin,hbi,-1.0,1.0,lin:hbi,1.0,1.0,-0.9675252844673424,2.026771639427185e-09,10.0
HILn_QI31,squared_exponential,study_days,-4.8,1.0,squared_exponential:study_days,,,,,
HILn_QI31,lin,study_days,-1.0,1.0,lin:study_days,,,,,
HILn_QI31,squared_exponential,age,-4.8,1.0,squared_exponential:age,,,,,
HILn_QI31,lin,age,-1.0,1.0,lin:age,,,,,
HILn_QI31,squared_exponential,time_from_max,-4.8,1.0,squared_exponential:time_from_max,1.0,1.0,-4.804453223045812,8.258950865216561e-10,10.0
HILn_QI31,lin,time_from_max,-1.0,1.0,lin:time_from_max,1.0,1.0,-0.9675252861628678,6.865044002429218e-10,10.0
HILn_QI32,categorical,participant_id,-1.0,0.0,categorical:participant_id,,,,,
HILn_QI32,categorical,site_name,-1.0,0.0,categorical:site_name,,,,,
HILn_QI32,categorical,race,-1.0,0.0,categorical:race,,,,,
HILn_QI32,categorical,sex,-1.0,0.0,categorical:sex,,,,,
HILn_QI32,categorical,general_wellbeing,-1.0,0.0,categorical:general_wellbeing,,,,,
HILn_QI32,squared_exponential,hbi,-4.8,0.0,squared_exponential:hbi,1.0,1.0,-4.80447026802608,1.4654830336235586e-07,60.0
HILn_QI32,lin,hbi,-1.0,0.0,lin:hbi,0.5,1.0,-0.9675412659112226,1.263330406557136e-06,60.0
HILn_QI32,squared_exponential,study_days,-4.2,0.662,squared_exponential:study_days,,,,,
HILn_QI32,lin,study_days,-1.0,0.0,lin:study_days,,,,,
HILn_QI32,squared_exponential,age,-4.8,0.0,squared_exponential:age,,,,,
HILn_QI32,lin,age,-0.7,0.167,lin:age,,,,,
HILn_QI32,squared_exponential,time_from_max,-4.8,0.0,squared_exponential:time_from_max,0.5,1.0,-4.804453524519204,2.033461104582256e-05,120.0
HILn_QI32,lin,time_from_max,-1.1,0.172,lin:time_from_max,0.5,1.0,-0.9682221224470594,0.3592059113237926,120.0
HILn_QI33,categorical,participant_id,-1.0,0.0,categorical:participant_id,,,,,
HILn_QI33,categorical,site_name,-1.0,0.159,categorical:site_name,,,,,
HILn_QI33,categorical,race,-1.0,0.0,categorical:race,,,,,
HILn_QI33,categorical,sex,-0.9,0.075,categorical:sex,,,,,
HILn_QI33,categorical,general_wellbeing,-1.0,0.0,categorical:general_wellbeing,,,,,
HILn_QI33,squared_exponential,hbi,-4.8,0.0,squared_exponential:hbi,0.5,1.0,-4.804470222650707,4.830116696255313e-05,60.0
HILn_QI33,lin,hbi,-1.6,0.066,lin:hbi,0.5,1.0,-0.9677883766848936,0.1468627645280805,60.0
HILn_QI33,squared_exponential,study_days,-4.8,0.0,squared_exponential:study_days,,,,,
HILn_QI33,lin,study_days,-1.0,0.0,lin:study_days,,,,,
HILn_QI33,squared_exponential,age,-5.3,0.208,squared_exponential:age,,,,,
HILn_QI33,lin,age,-1.0,0.0,lin:age,,,,,
HILn_QI33,squared_exponential,time_from_max,-4.8,0.0,squared_exponential:time_from_max,1.0,1.0,-4.804523184455775,3.0199758668702794e-08,10.0
HILn_QI33,lin,time_from_max,-1.0,0.0,lin:time_from_max,1.0,1.0,-0.9676369148955928,4.1806989488228644e-08,10.0
HILn_QI36,categorical,participant_id,-1.0,0.9,categorical:participant_id,,,,,
HILn_QI36,categorical,site_name,-1.0,0.975,categorical:site_name,,,,,
HILn_QI36,categorical,race,-1.0,0.906,categorical:race,,,,,
HILn_QI36,categorical,sex,-1.0,0.837,categorical:sex,,,,,
HILn_QI36,categorical,general_wellbeing,-1.0,0.987,categorical:general_wellbeing,,,,,
HILn_QI36,squared_exponential,hbi,-4.8,1.0,squared_exponential:hbi,1.0,1.0,-4.804458379824155,3.7073458627198265e-07,10.0
HILn_QI36,lin,hbi,-1.0,0.981,lin:hbi,1.0,1.0,-0.9675250626189608,2.4047219387466453e-07,10.0
HILn_QI36,squared_exponential,study_days,-4.8,1.0,squared_exponential:study_days,,,,,
HILn_QI36,lin,study_days,-1.0,0.999,lin:study_days,,,,,
HILn_QI36,squared_exponential,age,-4.8,0.972,squared_exponential:age,,,,,
HILn_QI36,lin,age,-1.0,0.797,lin:age,,,,,
HILn_QI36,squared_exponential,time_from_max,-4.8,0.714,squared_exponential:time_from_max,1.0,1.0,-4.804452332759411,3.652944511968454e-07,10.0
HILn_QI36,lin,time_from_max,-1.0,1.0,lin:time_from_max,1.0,1.0,-0.967525270467604,3.569785449680832e-07,10.0
HILn_QI37,categorical,participant_id,82.6,1.0,categorical:participant_id,,,,,
HILn_QI37,categorical,site_name,-1.0,0.0,categorical:site_name,,,,,
HILn_QI37,categorical,race,-1.0,0.0,categorical:race,,,,,
HILn_QI37,categorical,sex,-1.0,0.0,categorical:sex,,,,,
HILn_QI37,categorical,general_wellbeing,-1.0,0.0,categorical:general_wellbeing,,,,,
HILn_QI37,squared_exponential,hbi,-4.8,0.0,squared_exponential:hbi,0.5,1.0,-4.804454639101095,2.8293911885389933e-05,60.0
HILn_QI37,lin,hbi,-0.6,0.017,lin:hbi,0.1061538461538461,0.3585076001842469,-0.9676125782200417,1.0401771149461694,60.0
HILn_QI37,squared_exponential,study_days,-4.8,0.0,squared_exponential:study_days,,,,,
HILn_QI37,lin,study_days,-1.0,0.0,lin:study_days,,,,,
HILn_QI37,squared_exponential,age,-4.8,0.0,squared_exponential:age,,,,,
HILn_QI37,lin,age,-1.0,0.0,lin:age,,,,,
HILn_QI37,squared_exponential,time_from_max,-4.8,0.0,squared_exponential:time_from_max,1.0,1.0,-4.804452170675177,5.777015799727533e-08,10.0
HILn_QI37,lin,time_from_max,-1.0,0.0,lin:time_from_max,1.0,1.0,-0.9675256884138436,4.9035350205536443e-08,10.0
HILn_QI38,categorical,participant_id,73.1,0.969,categorical:participant_id,,,,,
HILn_QI38,categorical,site_name,-1.0,0.0,categorical:site_name,,,,,
HILn_QI38,categorical,race,-1.0,0.0,categorical:race,,,,,
HILn_QI38,categorical,sex,-1.0,0.0,categorical:sex,,,,,
HILn_QI38,categorical,general_wellbeing,-1.0,0.0,categorical:general_wellbeing,,,,,
HILn_QI38,squared_exponential,hbi,-4.8,0.0,squared_exponential:hbi,0.5,1.0,-4.804454338959886,5.680043511199749e-06,60.0
HILn_QI38,lin,hbi,-1.8,0.005,lin:hbi,0.5,1.0,-0.9676300172441188,0.4399178641183792,60.0
HILn_QI38,squared_exponential,study_days,-4.8,0.0,squared_exponential:study_days,,,,,
HILn_QI38,lin,study_days,-1.0,0.0,lin:study_days,,,,,
HILn_QI38,squared_exponential,age,-4.8,0.0,squared_exponential:age,,,,,
HILn_QI38,lin,age,-1.0,0.0,lin:age,,,,,
HILn_QI38,squared_exponential,time_from_max,-4.8,0.0,squared_exponential:time_from_max,1.0,1.0,-4.804453737776839,3.5300655329321856e-08,10.0
HILn_QI38,lin,time_from_max,-1.0,0.0,lin:time_from_max,1.0,1.0,-0.9675267361303668,3.1200163362234206e-08,10.0
HILn_QI40,categorical,participant_id,56.9,1.0,categorical:participant_id,,,,,
HILn_QI40,categorical,site_name,-1.0,0.0,categorical:site_name,,,,,
HILn_QI40,categorical,race,-1.0,0.0,categorical:race,,,,,
HILn_QI40,categorical,sex,-1.0,0.0,categorical:sex,,,,,
HILn_QI40,categorical,general_wellbeing,-1.0,0.0,categorical:general_wellbeing,,,,,
HILn_QI40,squared_exponential,hbi,-4.8,0.0,squared_exponential:hbi,0.5,1.0,-4.804475447584537,1.074904966093395e-06,60.0
HILn_QI40,lin,hbi,-1.0,0.0,lin:hbi,0.5,1.0,-0.9675763713216838,1.029483726456614e-06,60.0
HILn_QI40,squared_exponential,study_days,-4.8,0.0,squared_exponential:study_days,,,,,
HILn_QI40,lin,study_days,-1.0,0.0,lin:study_days,,,,,
HILn_QI40,squared_exponential,age,-4.8,0.0,squared_exponential:age,,,,,
HILn_QI40,lin,age,-1.0,0.0,lin:age,,,,,
HILn_QI40,squared_exponential,time_from_max,-4.8,0.0,squared_exponential:time_from_max,0.5,1.0,-4.80447746861546,6.12056377700581e-06,120.0
HILn_QI40,lin,time_from_max,-1.0,0.0,lin:time_from_max,0.5,1.0,-0.9675671027193856,1.232475259924166e-06,120.0
HILn_QI41,categorical,participant_id,-1.0,0.875,categorical:participant_id,,,,,
HILn_QI41,categorical,site_name,-1.0,0.871,categorical:site_name,,,,,
HILn_QI41,categorical,race,-1.0,0.878,categorical:race,,,,,
HILn_QI41,categorical,sex,-1.0,0.876,categorical:sex,,,,,
HILn_QI41,categorical,general_wellbeing,-1.0,0.874,categorical:general_wellbeing,,,,,
HILn_QI41,squared_exponential,hbi,-4.8,0.876,squared_exponential:hbi,1.0,1.0,-4.804454132264596,3.9449763044341055e-10,10.0
HILn_QI41,lin,hbi,-1.0,0.891,lin:hbi,1.0,1.0,-0.9675249913174184,1.0559966243950723e-09,10.0
HILn_QI41,squared_exponential,study_days,-4.8,0.877,squared_exponential:study_days,,,,,
HILn_QI41,lin,study_days,-1.0,0.879,lin:study_days,,,,,
HILn_QI41,squared_exponential,age,-4.8,0.878,squared_exponential:age,,,,,
HILn_QI41,lin,age,-1.0,0.885,lin:age,,,,,
HILn_QI41,squared_exponential,time_from_max,-4.8,0.877,squared_exponential:time_from_max,1.0,1.0,-4.804451818688108,3.6452493468688816e-10,10.0
HILn_QI41,lin,time_from_max,-1.0,0.875,lin:time_from_max,1.0,1.0,-0.9675249913134394,2.886984029790457e-10,10.0
HILn_QI42,categorical,participant_id,41.4,0.955,categorical:participant_id,,,,,
HILn_QI42,categorical,site_name,-1.0,0.0,categorical:site_name,,,,,
HILn_QI42,categorical,race,-1.0,0.0,categorical:race,,,,,
HILn_QI42,categorical,sex,-1.0,0.0,categorical:sex,,,,,
HILn_QI42,categorical,general_wellbeing,-1.0,0.0,categorical:general_wellbeing,,,,,
HILn_QI42,squared_exponential,hbi,-4.8,0.0,squared_exponential:hbi,0.5,1.0,-4.804475079449048,1.0064048128064358e-05,60.0
HILn_QI42,lin,hbi,2.3,0.049,lin:hbi,0.0108411329231711,0.0536350786725308,-0.9675910364160244,0.7884310404561401,60.0
HILn_QI42,squared_exponential,study_days,-4.8,0.0,squared_exponential:study_days,,,,,
HILn_QI42,lin,study_days,-1.0,0.0,lin:study_days,,,,,
HILn_QI42,squared_exponential,age,-4.8,0.0,squared_exponential:age,,,,,
HILn_QI42,lin,age,-1.0,0.0,lin:age,,,,,
HILn_QI42,squared_exponential,time_from_max,-4.8,0.0,squared_exponential:time_from_max,1.0,1.0,-4.804464583276968,4.059929978858527e-09,10.0
HILn_QI42,lin,time_from_max,-1.0,0.0,lin:time_from_max,1.0,1.0,-0.9675532582657524,6.510236477789437e-09,10.0
HILn_TF5,categorical,participant_id,-1.0,0.0,categorical:participant_id,,,,,
HILn_TF5,categorical,site_name,-1.0,0.0,categorical:site_name,,,,,
HILn_TF5,categorical,race,-1.0,0.0,categorical:race,,,,,
HILn_TF5,categorical,sex,-1.0,0.0,categorical:sex,,,,,
HILn_TF5,categorical,general_wellbeing,-1.0,0.0,categorical:general_wellbeing,,,,,
HILn_TF5,squared_exponential,hbi,-4.8,0.0,squared_exponential:hbi,0.5,1.0,-4.80445510434447,3.565364780244693e-06,60.0
HILn_TF5,lin,hbi,-1.0,0.0,lin:hbi,0.5,1.0,-0.9675290225673052,2.1413945144937725e-06,60.0
HILn_TF5,squared_exponential,study_days,-4.8,0.0,squared_exponential:study_days,,,,,
HILn_TF5,lin,study_days,-1.3,0.244,lin:study_days,,,,,
HILn_TF5,squared_exponential,age,-4.8,0.0,squared_exponential:age,,,,,
HILn_TF5,lin,age,1.9,0.711,lin:age,,,,,
HILn_TF5,squared_exponential,time_from_max,-4.8,0.0,squared_exponential:time_from_max,0.5,1.0,-4.8044609751441385,1.2980530564832932e-06,120.0
HILn_TF5,lin,time_from_max,-1.0,0.0,lin:time_from_max,0.5,1.0,-0.9675293342775148,1.1123508871555809e-06,120.0
HILn_QI44,categorical,participant_id,-1.0,0.0,categorical:participant_id,,,,,
HILn_QI44,categorical,site_name,-0.6,0.138,categorical:site_name,,,,,
HILn_QI44,categorical,race,-1.0,0.0,categorical:race,,,,,
HILn_QI44,categorical,sex,-1.0,0.0,categorical:sex,,,,,
HILn_QI44,categorical,general_wellbeing,-1.0,0.0,categorical:general_wellbeing,,,,,
HILn_QI44,squared_exponential,hbi,-4.8,0.0,squared_exponential:hbi,1.0,1.0,-4.804453462711535,3.558263488799549e-09,10.0
HILn_QI44,lin,hbi,-1.0,0.0,lin:hbi,1.0,1.0,-0.9675260975984656,4.474765199595888e-09,10.0
HILn_QI44,squared_exponential,study_days,-4.8,0.0,squared_exponential:study_days,,,,,
HILn_QI44,lin,study_days,-1.0,0.0,lin:study_days,,,,,
HILn_QI44,squared_exponential,age,-4.8,0.0,squared_exponential:age,,,,,
HILn_QI44,lin,age,0.7,0.044,lin:age,,,,,
HILn_QI44,squared_exponential,time_from_max,-4.8,0.0,squared_exponential:time_from_max,1.0,1.0,-4.804452788560866,6.307234198447578e-09,10.0
HILn_QI44,lin,time_from_max,-1.0,0.0,lin:time_from_max,1.0,1.0,-0.9675261003226296,6.0828650620313575e-09,10.0
HILn_TF7,categorical,participant_id,-1.0,0.902,categorical:participant_id,,,,,
HILn_TF7,categorical,site_name,-1.0,0.9,categorical:site_name,,,,,
HILn_TF7,categorical,race,-1.0,0.902,categorical:race,,,,,
HILn_TF7,categorical,sex,-1.0,0.902,categorical:sex,,,,,
HILn_TF7,categorical,general_wellbeing,-1.0,0.902,categorical:general_wellbeing,,,,,
HILn_TF7,squared_exponential,hbi,-4.8,0.896,squared_exponential:hbi,1.0,1.0,-4.80445400462736,3.7054103207312616e-08,10.0
HILn_TF7,lin,hbi,-1.0,0.899,lin:hbi,1.0,1.0,-0.967526278473315,4.711435911179772e-08,10.0
HILn_TF7,squared_exponential,study_days,-4.8,0.901,squared_exponential:study_days,,,,,
HILn_TF7,lin,study_days,-1.0,0.902,lin:study_days,,,,,
HILn_TF7,squared_exponential,age,-4.8,0.893,squared_exponential:age,,,,,
HILn_TF7,lin,age,-1.0,0.903,lin:age,,,,,
HILn_TF7,squared_exponential,time_from_max,-4.8,0.899,squared_exponential:time_from_max,1.0,1.0,-4.804453459401429,3.904449135832579e-08,10.0
HILn_TF7,lin,time_from_max,-1.0,0.9,lin:time_from_max,1.0,1.0,-0.9675262763657884,3.637403525594512e-08,10.0
HILn_QI48,categorical,participant_id,66.5,1.0,categorical:participant_id,,,,,
HILn_QI48,categorical,site_name,-1.0,0.0,categorical:site_name,,,,,
HILn_QI48,categorical,race,-1.0,0.0,categorical:race,,,,,
HILn_QI48,categorical,sex,-1.0,0.0,categorical:sex,,,,,
HILn_QI48,categorical,general_wellbeing,-1.0,0.0,categorical:general_wellbeing,,,,,
HILn_QI48,squared_exponential,hbi,-4.8,0.0,squared_exponential:hbi,1.0,1.0,-4.804452851058159,1.5266252259616776e-07,10.0
HILn_QI48,lin,hbi,-1.0,0.0,lin:hbi,1.0,1.0,-0.9676676873423276,1.67546952371708e-07,10.0
HILn_QI48,squared_exponential,study_days,-4.8,0.0,squared_exponential:study_days,,,,,
HILn_QI48,lin,study_days,-1.0,0.0,lin:study_days,,,,,
HILn_QI48,squared_exponential,age,-4.8,0.0,squared_exponential:age,,,,,
HILn_QI48,lin,age,-1.0,0.0,lin:age,,,,,
HILn_QI48,squared_exponential,time_from_max,-4.8,0.0,squared_exponential:time_from_max,1.0,1.0,-4.804455620633689,1.0896459544090845e-07,10.0
HILn_QI48,lin,time_from_max,-1.0,0.0,lin:time_from_max,1.0,1.0,-0.9675565360505516,1.5212234194069852e-07,10.0
HILn_QI49,categorical,participant_id,-1.0,0.0,categorical:participant_id,,,,,
HILn_QI49,categorical,site_name,-1.0,0.0,categorical:site_name,,,,,
HILn_QI49,categorical,race,-1.0,0.0,categorical:race,,,,,
HILn_QI49,categorical,sex,-1.0,0.0,categorical:sex,,,,,
HILn_QI49,categorical,general_wellbeing,-1.0,0.0,categorical:general_wellbeing,,,,,
HILn_QI49,squared_exponential,hbi,-4.8,0.0,squared_exponential:hbi,1.0,1.0,-4.804452084843092,4.3255255777447775e-10,10.0
HILn_QI49,lin,hbi,-1.0,0.0,lin:hbi,1.0,1.0,-0.967525285395368,5.720806466713675e-10,10.0
HILn_QI49,squared_exponential,study_days,-4.8,0.0,squared_exponential:study_days,,,,,
HILn_QI49,lin,study_days,-1.0,0.0,lin:study_days,,,,,
HILn_QI49,squared_exponential,age,-4.8,0.0,squared_exponential:age,,,,,
HILn_QI49,lin,age,-1.6,1.0,lin:age,,,,,
HILn_QI49,squared_exponential,time_from_max,-4.8,0.0,squared_exponential:time_from_max,1.0,1.0,-4.804452084188938,5.216481748156914e-10,10.0
HILn_QI49,lin,time_from_max,-1.0,0.0,lin:time_from_max,1.0,1.0,-0.9675252765366622,2.1669854851127437e-09,10.0
HILn_QI50,categorical,participant_id,-1.0,0.0,categorical:participant_id,,,,,
HILn_QI50,categorical,site_name,-1.3,0.042,categorical:site_name,,,,,
HILn_QI50,categorical,race,-1.0,0.0,categorical:race,,,,,
HILn_QI50,categorical,sex,7.9,0.143,categorical:sex,,,,,
HILn_QI50,categorical,general_wellbeing,-1.0,0.0,categorical:general_wellbeing,,,,,
HILn_QI50,squared_exponential,hbi,-4.8,0.0,squared_exponential:hbi,0.5,1.0,-4.80445463956039,8.007306631516573e-06,60.0
HILn_QI50,lin,hbi,1.0,0.054,lin:hbi,0.0323076923076923,0.1248050579557431,-0.9681247603430164,0.9945070167668602,60.0
HILn_QI50,squared_exponential,study_days,-4.8,0.0,squared_exponential:study_days,,,,,
HILn_QI50,lin,study_days,-1.0,0.0,lin:study_days,,,,,
HILn_QI50,squared_exponential,age,-4.8,0.0,squared_exponential:age,,,,,
HILn_QI50,lin,age,2.9,0.035,lin:age,,,,,
HILn_QI50,squared_exponential,time_from_max,-4.8,0.0,squared_exponential:time_from_max,0.5,1.0,-4.8044554490354585,4.341148720892201e-05,120.0
HILn_QI50,lin,time_from_max,-0.8,0.022,lin:time_from_max,0.0938461538461539,1.0,-0.9685393257548184,0.3852263732371949,120.0
HILn_QI51,categorical,participant_id,28.5,0.947,categorical:participant_id,,,,,
HILn_QI51,categorical,site_name,-1.0,0.0,categorical:site_name,,,,,
HILn_QI51,categorical,race,-1.0,0.0,categorical:race,,,,,
HILn_QI51,categorical,sex,-1.0,0.0,categorical:sex,,,,,
HILn_QI51,categorical,general_wellbeing,-1.0,0.0,categorical:general_wellbeing,,,,,
HILn_QI51,squared_exponential,hbi,-4.8,0.0,squared_exponential:hbi,0.5,1.0,-4.804588877522292,0.000134021799375,60.0
HILn_QI51,lin,hbi,-0.8,0.014,lin:hbi,0.0938461538461539,0.3267236467236469,-0.967528500926619,0.2876020853523778,60.0
HILn_QI51,squared_exponential,study_days,-4.8,0.0,squared_exponential:study_days,,,,,
HILn_QI51,lin,study_days,-1.0,0.0,lin:study_days,,,,,
HILn_QI51,squared_exponential,age,-4.8,0.0,squared_exponential:age,,,,,
HILn_QI51,lin,age,-1.0,0.0,lin:age,,,,,
HILn_QI51,squared_exponential,time_from_max,-4.8,0.0,squared_exponential:time_from_max,1.0,1.0,-4.8044544506904,5.077392844101711e-08,10.0
HILn_QI51,lin,time_from_max,-1.0,0.0,lin:time_from_max,1.0,1.0,-0.9684797236143368,4.873350510833552e-08,10.0
HILn_QI52,categorical,participant_id,-1.0,0.57,categorical:participant_id,,,,,
HILn_QI52,categorical,site_name,-1.0,0.579,categorical:site_name,,,,,
HILn_QI52,categorical,race,-1.0,0.53,categorical:race,,,,,
HILn_QI52,categorical,sex,-1.0,0.59,categorical:sex,,,,,
HILn_QI52,categorical,general_wellbeing,-1.0,0.6,categorical:general_wellbeing,,,,,
HILn_QI52,squared_exponential,hbi,-4.8,0.609,squared_exponential:hbi,1.0,1.0,-4.804454437768754,3.3408299032489176e-08,10.0
HILn_QI52,lin,hbi,-1.0,0.585,lin:hbi,1.0,1.0,-0.9675252301401542,3.587296694074451e-08,10.0
HILn_QI52,squared_exponential,study_days,-4.8,0.633,squared_exponential:study_days,,,,,
HILn_QI52,lin,study_days,-1.0,0.573,lin:study_days,,,,,
HILn_QI52,squared_exponential,age,-4.8,0.551,squared_exponential:age,,,,,
HILn_QI52,lin,age,-1.0,0.623,lin:age,,,,,
HILn_QI52,squared_exponential,time_from_max,-4.8,0.595,squared_exponential:time_from_max,1.0,1.0,-4.804452057476055,3.70288388903196e-08,10.0
HILn_QI52,lin,time_from_max,-1.0,0.574,lin:time_from_max,1.0,1.0,-0.9675252231481865,4.4405960447875435e-08,10.0
HILn_QI53,categorical,participant_id,-1.0,0.0,categorical:participant_id,,,,,
HILn_QI53,categorical,site_name,-1.0,0.0,categorical:site_name,,,,,
HILn_QI53,categorical,race,-1.0,0.0,categorical:race,,,,,
HILn_QI53,categorical,sex,-1.3,0.065,categorical:sex,,,,,
HILn_QI53,categorical,general_wellbeing,-1.0,0.0,categorical:general_wellbeing,,,,,
HILn_QI53,squared_exponential,hbi,-4.8,0.0,squared_exponential:hbi,0.5,1.0,-4.804454599799101,2.658251317839015e-05,60.0
HILn_QI53,lin,hbi,3.0,0.251,lin:hbi,5.104645227160809e-05,0.0003998638761275,-0.9675325802550104,0.2521587918430064,60.0
HILn_QI53,squared_exponential,study_days,-4.8,0.0,squared_exponential:study_days,,,,,
HILn_QI53,lin,study_days,-1.0,0.0,lin:study_days,,,,,
HILn_QI53,squared_exponential,age,6.1,0.749,squared_exponential:age,,,,,
HILn_QI53,lin,age,-1.0,0.0,lin:age,,,,,
HILn_QI53,squared_exponential,time_from_max,-4.8,0.0,squared_exponential:time_from_max,1.0,1.0,-4.8044573692900485,3.3168901322738345e-07,10.0
HILn_QI53,lin,time_from_max,-1.0,0.0,lin:time_from_max,1.0,1.0,-0.9675300979968142,3.529342009720599e-07,10.0
HILn_QI54,categorical,participant_id,16.2,0.704,categorical:participant_id,,,,,
HILn_QI54,categorical,site_name,-0.3,0.0,categorical:site_name,,,,,
HILn_QI54,categorical,race,-1.0,0.0,categorical:race,,,,,
HILn_QI54,categorical,sex,-1.0,0.0,categorical:sex,,,,,
HILn_QI54,categorical,general_wellbeing,-1.0,0.0,categorical:general_wellbeing,,,,,
HILn_QI54,squared_exponential,hbi,-4.8,0.0,squared_exponential:hbi,0.5,1.0,-4.804543752502696,2.440922757251975e-05,60.0
HILn_QI54,lin,hbi,-0.4,0.041,lin:hbi,0.0569230769230768,0.207126550868486,-0.967943493636767,0.4115942403165097,60.0
HILn_QI54,squared_exponential,study_days,-4.8,0.0,squared_exponential:study_days,,,,,
HILn_QI54,lin,study_days,-1.0,0.0,lin:study_days,,,,,
HILn_QI54,squared_exponential,age,-4.8,0.0,squared_exponential:age,,,,,
HILn_QI54,lin,age,-1.0,0.0,lin:age,,,,,
HILn_QI54,squared_exponential,time_from_max,-4.8,0.0,squared_exponential:time_from_max,1.0,1.0,-4.8045052693619255,4.344242087817171e-08,10.0
HILn_QI54,lin,time_from_max,-1.0,0.0,lin:time_from_max,1.0,1.0,-0.967545434159092,4.5674977355931966e-08,10.0
HILn_QI55,categorical,participant_id,-1.0,0.0,categorical:participant_id,,,,,
HILn_QI55,categorical,site_name,-1.0,0.0,categorical:site_name,,,,,
HILn_QI55,categorical,race,-1.0,0.0,categorical:race,,,,,
HILn_QI55,categorical,sex,-1.0,0.0,categorical:sex,,,,,
HILn_QI55,categorical,general_wellbeing,-1.0,0.0,categorical:general_wellbeing,,,,,
HILn_QI55,squared_exponential,hbi,-4.8,0.0,squared_exponential:hbi,0.5,1.0,-4.804453115835713,3.581967360354825e-05,60.0
HILn_QI55,lin,hbi,5.6,1.0,lin:hbi,5.104645227160809e-05,0.0003998638761275,-0.967558715480436,0.4693587576250395,60.0
HILn_QI55,squared_exponential,study_days,-4.8,0.0,squared_exponential:study_days,,,,,
HILn_QI55,lin,study_days,-1.0,0.0,lin:study_days,,,,,
HILn_QI55,squared_exponential,age,-4.8,0.0,squared_exponential:age,,,,,
HILn_QI55,lin,age,-1.0,0.0,lin:age,,,,,
HILn_QI55,squared_exponential,time_from_max,-4.8,0.0,squared_exponential:time_from_max,1.0,1.0,-4.804458752317942,4.108577399652932e-09,10.0
HILn_QI55,lin,time_from_max,-1.0,0.0,lin:time_from_max,1.0,1.0,-0.967687903199021,2.1061881801152324e-08,10.0
HILn_QI57,categorical,participant_id,-1.0,0.0,categorical:participant_id,,,,,
HILn_QI57,categorical,site_name,9.6,1.0,categorical:site_name,,,,,
HILn_QI57,categorical,race,-1.0,0.0,categorical:race,,,,,
HILn_QI57,categorical,sex,-1.0,0.0,categorical:sex,,,,,
HILn_QI57,categorical,general_wellbeing,-1.0,0.0,categorical:general_wellbeing,,,,,
HILn_QI57,squared_exponential,hbi,-4.8,0.0,squared_exponential:hbi,1.0,1.0,-4.804453286289345,3.002940283534739e-09,10.0
HILn_QI57,lin,hbi,-1.0,0.0,lin:hbi,1.0,1.0,-0.9675264171778508,4.120421285470072e-09,10.0
HILn_QI57,squared_exponential,study_days,-4.8,0.0,squared_exponential:study_days,,,,,
HILn_QI57,lin,study_days,-1.0,0.0,lin:study_days,,,,,
HILn_QI57,squared_exponential,age,-4.8,0.0,squared_exponential:age,,,,,
HILn_QI57,lin,age,-1.0,0.0,lin:age,,,,,
HILn_QI57,squared_exponential,time_from_max,-4.8,0.0,squared_exponential:time_from_max,1.0,1.0,-4.804458027855617,2.3775360930889044e-09,10.0
HILn_QI57,lin,time_from_max,-1.0,0.0,lin:time_from_max,1.0,1.0,-0.9675264148891074,3.6060355901626147e-09,10.0
HILn_QI58,categorical,participant_id,-1.0,0.0,categorical:participant_id,,,,,
HILn_QI58,categorical,site_name,-0.9,0.217,categorical:site_name,,,,,
HILn_QI58,categorical,race,-1.0,0.0,categorical:race,,,,,
HILn_QI58,categorical,sex,-1.0,0.0,categorical:sex,,,,,
HILn_QI58,categorical,general_wellbeing,-1.0,0.0,categorical:general_wellbeing,,,,,
HILn_QI58,squared_exponential,hbi,-4.8,0.0,squared_exponential:hbi,0.5,1.0,-4.805106029063609,2.281419817379688e-05,60.0
HILn_QI58,lin,hbi,-1.1,0.153,lin:hbi,0.5,1.0,-0.968118294346823,0.1735615394817833,60.0
HILn_QI58,squared_exponential,study_days,-1.2,0.593,squared_exponential:study_days,,,,,
HILn_QI58,lin,study_days,-1.0,0.0,lin:study_days,,,,,
HILn_QI58,squared_exponential,age,-4.8,0.0,squared_exponential:age,,,,,
HILn_QI58,lin,age,-1.0,0.0,lin:age,,,,,
HILn_QI58,squared_exponential,time_from_max,-4.8,0.0,squared_exponential:time_from_max,1.0,1.0,-4.804453137202472,2.9426396177502883e-08,10.0
HILn_QI58,lin,time_from_max,-1.0,0.0,lin:time_from_max,1.0,1.0,-0.9675262798111816,5.682308412294557e-08,10.0
HILn_QI59,categorical,participant_id,-1.0,0.0,categorical:participant_id,,,,,
HILn_QI59,categorical,site_name,-1.0,0.0,categorical:site_name,,,,,
HILn_QI59,categorical,race,-1.0,0.0,categorical:race,,,,,
HILn_QI59,categorical,sex,-0.6,1.0,categorical:sex,,,,,
HILn_QI59,categorical,general_wellbeing,-1.0,0.0,categorical:general_wellbeing,,,,,
HILn_QI59,squared_exponential,hbi,-4.8,0.0,squared_exponential:hbi,1.0,1.0,-4.804453567514884,4.718115726191588e-07,10.0
HILn_QI59,lin,hbi,-1.0,0.0,lin:hbi,1.0,1.0,-0.9675258510974344,5.614303972536766e-07,10.0
HILn_QI59,squared_exponential,study_days,-4.8,0.0,squared_exponential:study_days,,,,,
HILn_QI59,lin,study_days,-1.0,0.0,lin:study_days,,,,,
HILn_QI59,squared_exponential,age,-4.8,0.0,squared_exponential:age,,,,,
HILn_QI59,lin,age,-1.0,0.0,lin:age,,,,,
HILn_QI59,squared_exponential,time_from_max,-4.8,0.0,squared_exponential:time_from_max,1.0,1.0,-4.804452993879295,6.830100677009479e-07,10.0
HILn_QI59,lin,time_from_max,-1.0,0.0,lin:time_from_max,1.0,1.0,-0.9675258748748092,4.563852686989399e-07,10.0
HILn_QI61,categorical,participant_id,-1.0,0.0,categorical:participant_id,,,,,
HILn_QI61,categorical,site_name,-1.0,0.0,categorical:site_name,,,,,
HILn_QI61,categorical,race,-1.0,0.0,categorical:race,,,,,
HILn_QI61,categorical,sex,-1.8,1.0,categorical:sex,,,,,
HILn_QI61,categorical,general_wellbeing,-1.0,0.0,categorical:general_wellbeing,,,,,
HILn_QI61,squared_exponential,hbi,-4.8,0.0,squared_exponential:hbi,1.0,1.0,-4.804459261729789,1.3065225337312298e-08,10.0
HILn_QI61,lin,hbi,-1.0,0.0,lin:hbi,1.0,1.0,-0.967525573764533,2.831004210411799e-08,10.0
HILn_QI61,squared_exponential,study_days,-4.8,0.0,squared_exponential:study_days,,,,,
HILn_QI61,lin,study_days,-1.0,0.0,lin:study_days,,,,,
HILn_QI61,squared_exponential,age,-4.8,0.0,squared_exponential:age,,,,,
HILn_QI61,lin,age,-1.0,0.0,lin:age,,,,,
HILn_QI61,squared_exponential,time_from_max,-4.8,0.0,squared_exponential:time_from_max,1.0,1.0,-4.804464090057763,2.6871530688747788e-08,10.0
HILn_QI61,lin,time_from_max,-1.0,0.0,lin:time_from_max,1.0,1.0,-0.9675255465328974,3.3896973676808445e-08,10.0
HILn_QI63,categorical,participant_id,70.2,0.623,categorical:participant_id,,,,,
HILn_QI63,categorical,site_name,-1.0,0.0,categorical:site_name,,,,,
HILn_QI63,categorical,race,-1.0,0.0,categorical:race,,,,,
HILn_QI63,categorical,sex,-1.0,0.0,categorical:sex,,,,,
HILn_QI63,categorical,general_wellbeing,-1.8,0.008,categorical:general_wellbeing,,,,,
HILn_QI63,squared_exponential,hbi,-4.8,0.0,squared_exponential:hbi,0.5,1.0,-4.805854264112895,0.0002861959528283,60.0
HILn_QI63,lin,hbi,4.2,0.018,lin:hbi,5.104645227160809e-05,0.0003998638761275,-0.9694259714353848,0.3934316482420304,60.0
HILn_QI63,squared_exponential,study_days,-4.6,0.026,squared_exponential:study_days,,,,,
HILn_QI63,lin,study_days,-1.0,0.0,lin:study_days,,,,,
HILn_QI63,squared_exponential,age,-4.8,0.0,squared_exponential:age,,,,,
HILn_QI63,lin,age,-1.0,0.0,lin:age,,,,,
HILn_QI63,squared_exponential,time_from_max,-4.8,0.0,squared_exponential:time_from_max,1.0,1.0,-4.805643962089562,3.678480375651558e-07,10.0
HILn_QI63,lin,time_from_max,-1.0,0.0,lin:time_from_max,1.0,1.0,-0.9679903021728932,7.133335461831627e-08,10.0
HILn_QI65,categorical,participant_id,-1.0,0.0,categorical:participant_id,,,,,
HILn_QI65,categorical,site_name,-1.0,0.0,categorical:site_name,,,,,
HILn_QI65,categorical,race,-1.0,0.0,categorical:race,,,,,
HILn_QI65,categorical,sex,-1.0,0.0,categorical:sex,,,,,
HILn_QI65,categorical,general_wellbeing,-1.0,0.0,categorical:general_wellbeing,,,,,
HILn_QI65,squared_exponential,hbi,-4.8,0.0,squared_exponential:hbi,1.0,1.0,-4.804452590392657,4.3746195153558865e-09,10.0
HILn_QI65,lin,hbi,-1.0,0.0,lin:hbi,1.0,1.0,-0.967525859188072,1.4835329129604206e-08,10.0
HILn_QI65,squared_exponential,study_days,-4.8,0.0,squared_exponential:study_days,,,,,
HILn_QI65,lin,study_days,-1.3,0.349,lin:study_days,,,,,
HILn_QI65,squared_exponential,age,-4.8,0.0,squared_exponential:age,,,,,
HILn_QI65,lin,age,0.0,0.625,lin:age,,,,,
HILn_QI65,squared_exponential,time_from_max,-4.8,0.0,squared_exponential:time_from_max,1.0,1.0,-4.804456880705402,3.599737992497074e-09,10.0
HILn_QI65,lin,time_from_max,-1.0,0.0,lin:time_from_max,1.0,1.0,-0.9675258817728718,8.334431806711367e-09,10.0
HILn_QI66,categorical,participant_id,-1.0,0.794,categorical:participant_id,,,,,
HILn_QI66,categorical,site_name,-1.0,0.796,categorical:site_name,,,,,
HILn_QI66,categorical,race,-1.0,0.805,categorical:race,,,,,
HILn_QI66,categorical,sex,-1.0,0.799,categorical:sex,,,,,
HILn_QI66,categorical,general_wellbeing,-1.0,0.792,categorical:general_wellbeing,,,,,
HILn_QI66,squared_exponential,hbi,-4.8,0.799,squared_exponential:hbi,1.0,1.0,-4.804452238869999,7.51228890294315e-09,10.0
HILn_QI66,lin,hbi,-1.0,0.801,lin:hbi,1.0,1.0,-0.9675254287863028,5.300400990921275e-09,10.0
HILn_QI66,squared_exponential,study_days,-4.8,0.821,squared_exponential:study_days,,,,,
HILn_QI66,lin,study_days,-1.0,0.821,lin:study_days,,,,,
HILn_QI66,squared_exponential,age,-4.8,0.799,squared_exponential:age,,,,,
HILn_QI66,lin,age,-1.0,0.796,lin:age,,,,,
HILn_QI66,squared_exponential,time_from_max,-4.8,0.799,squared_exponential:time_from_max,1.0,1.0,-4.804453723829056,7.002175509006361e-09,10.0
HILn_QI66,lin,time_from_max,-1.0,0.787,lin:time_from_max,1.0,1.0,-0.9675254209978448,1.0729615552024241e-08,10.0
HILn_QI67,categorical,participant_id,-1.0,1.0,categorical:participant_id,,,,,
HILn_QI67,categorical,site_name,-1.0,1.0,categorical:site_name,,,,,
HILn_QI67,categorical,race,-1.0,1.0,categorical:race,,,,,
HILn_QI67,categorical,sex,-1.0,1.0,categorical:sex,,,,,
HILn_QI67,categorical,general_wellbeing,-1.0,1.0,categorical:general_wellbeing,,,,,
HILn_QI67,squared_exponential,hbi,-4.8,1.0,squared_exponential:hbi,1.0,1.0,-4.804452140418789,7.247883657119579e-08,10.0
HILn_QI67,lin,hbi,-1.0,1.0,lin:hbi,1.0,1.0,-0.9675366857550216,6.269298596825378e-08,10.0
HILn_QI67,squared_exponential,study_days,-4.8,1.0,squared_exponential:study_days,,,,,
HILn_QI67,lin,study_days,-1.0,0.994,lin:study_days,,,,,
HILn_QI67,squared_exponential,age,-4.8,0.967,squared_exponential:age,,,,,
HILn_QI67,lin,age,-1.0,1.0,lin:age,,,,,
HILn_QI67,squared_exponential,time_from_max,-4.8,0.95,squared_exponential:time_from_max,1.0,1.0,-4.804454894795981,4.1579430351003964e-08,10.0
HILn_QI67,lin,time_from_max,-1.0,1.0,lin:time_from_max,1.0,1.0,-0.9675252192400876,5.6834362596391723e-08,10.0
HILn_QI69,categorical,participant_id,-1.0,0.0,categorical:participant_id,,,,,
HILn_QI69,categorical,site_name,-1.0,0.0,categorical:site_name,,,,,
HILn_QI69,categorical,race,-2.8,1.0,categorical:race,,,,,
HILn_QI69,categorical,sex,-1.0,0.0,categorical:sex,,,,,
HILn_QI69,categorical,general_wellbeing,-1.0,0.0,categorical:general_wellbeing,,,,,
HILn_QI69,squared_exponential,hbi,-4.8,0.0,squared_exponential:hbi,1.0,1.0,-4.804454666818174,7.75774786648258e-09,10.0
HILn_QI69,lin,hbi,-1.0,0.0,lin:hbi,1.0,1.0,-0.967527947978624,1.2346888025067244e-08,10.0
HILn_QI69,squared_exponential,study_days,-4.8,0.0,squared_exponential:study_days,,,,,
HILn_QI69,lin,study_days,-1.0,0.0,lin:study_days,,,,,
HILn_QI69,squared_exponential,age,-4.8,0.0,squared_exponential:age,,,,,
HILn_QI69,lin,age,-1.0,0.0,lin:age,,,,,
HILn_QI69,squared_exponential,time_from_max,-4.8,0.0,squared_exponential:time_from_max,1.0,1.0,-4.804454647535977,8.005460767665137e-09,10.0
HILn_QI69,lin,time_from_max,-1.0,0.0,lin:time_from_max,1.0,1.0,-0.9675279454481824,7.812965507350756e-09,10.0
HILn_QI71,categorical,participant_id,82.2,1.0,categorical:participant_id,,,,,
HILn_QI71,categorical,site_name,-1.0,0.0,categorical:site_name,,,,,
HILn_QI71,categorical,race,-1.0,0.0,categorical:race,,,,,
HILn_QI71,categorical,sex,-1.0,0.0,categorical:sex,,,,,
HILn_QI71,categorical,general_wellbeing,-1.0,0.0,categorical:general_wellbeing,,,,,
HILn_QI71,squared_exponential,hbi,-4.8,0.0,squared_exponential:hbi,1.0,1.0,-4.804452605085999,1.5218502905566426e-07,10.0
HILn_QI71,lin,hbi,-1.0,0.0,lin:hbi,1.0,1.0,-0.9675259622304112,1.0750671052552647e-07,10.0
HILn_QI71,squared_exponential,study_days,-4.8,0.0,squared_exponential:study_days,,,,,
HILn_QI71,lin,study_days,-1.0,0.0,lin:study_days,,,,,
HILn_QI71,squared_exponential,age,-4.8,0.0,squared_exponential:age,,,,,
HILn_QI71,lin,age,-1.0,0.0,lin:age,,,,,
HILn_QI71,squared_exponential,time_from_max,-4.8,0.0,squared_exponential:time_from_max,1.0,1.0,-4.805254342860735,1.4573125099509645e-07,10.0
HILn_QI71,lin,time_from_max,-1.0,0.0,lin:time_from_max,1.0,1.0,-0.9675260831331798,1.475720178874193e-07,10.0
HILn_QI72,categorical,participant_id,-1.0,0.0,categorical:participant_id,,,,,
HILn_QI72,categorical,site_name,-1.6,0.354,categorical:site_name,,,,,
HILn_QI72,categorical,race,-1.0,0.0,categorical:race,,,,,
HILn_QI72,categorical,sex,-1.0,0.0,categorical:sex,,,,,
HILn_QI72,categorical,general_wellbeing,-1.0,0.0,categorical:general_wellbeing,,,,,
HILn_QI72,squared_exponential,hbi,-4.8,0.0,squared_exponential:hbi,1.0,1.0,-4.8044544802248765,1.5121860429387702e-08,10.0
HILn_QI72,lin,hbi,-1.0,0.0,lin:hbi,1.0,1.0,-0.9675268559622054,2.133205030263509e-08,10.0
HILn_QI72,squared_exponential,study_days,-4.8,0.0,squared_exponential:study_days,,,,,
HILn_QI72,lin,study_days,-1.0,0.0,lin:study_days,,,,,
HILn_QI72,squared_exponential,age,-4.8,0.0,squared_exponential:age,,,,,
HILn_QI72,lin,age,-1.7,0.038,lin:age,,,,,
HILn_QI72,squared_exponential,time_from_max,-4.8,0.0,squared_exponential:time_from_max,1.0,1.0,-4.804492074077416,1.5030054868774692e-08,10.0
HILn_QI72,lin,time_from_max,-1.0,0.0,lin:time_from_max,1.0,1.0,-0.9675268563269128,1.5688987482452912e-08,10.0
HILn_QI73,categorical,participant_id,51.3,1.0,categorical:participant_id,,,,,
HILn_QI73,categorical,site_name,-1.0,0.0,categorical:site_name,,,,,
HILn_QI73,categorical,race,-1.0,0.0,categorical:race,,,,,
HILn_QI73,categorical,sex,-1.0,0.0,categorical:sex,,,,,
HILn_QI73,categorical,general_wellbeing,-1.0,0.0,categorical:general_wellbeing,,,,,
HILn_QI73,squared_exponential,hbi,-4.8,0.0,squared_exponential:hbi,1.0,1.0,-4.804453960922501,5.3150408878341036e-09,10.0
HILn_QI73,lin,hbi,-1.0,0.0,lin:hbi,1.0,1.0,-0.967546871747345,7.161194312598031e-09,10.0
HILn_QI73,squared_exponential,study_days,-4.8,0.0,squared_exponential:study_days,,,,,
HILn_QI73,lin,study_days,-1.0,0.0,lin:study_days,,,,,
HILn_QI73,squared_exponential,age,-4.8,0.0,squared_exponential:age,,,,,
HILn_QI73,lin,age,-1.0,0.0,lin:age,,,,,
HILn_QI73,squared_exponential,time_from_max,-4.8,0.0,squared_exponential:time_from_max,1.0,1.0,-4.804454545234648,5.304203596483501e-09,10.0
HILn_QI73,lin,time_from_max,-1.0,0.0,lin:time_from_max,1.0,1.0,-0.9675266650419873,8.238225663406382e-09,10.0
HILn_QI74,categorical,participant_id,-1.0,0.0,categorical:participant_id,,,,,
HILn_QI74,categorical,site_name,-1.7,0.176,categorical:site_name,,,,,
HILn_QI74,categorical,race,-0.1,0.257,categorical:race,,,,,
HILn_QI74,categorical,sex,-1.0,0.0,categorical:sex,,,,,
HILn_QI74,categorical,general_wellbeing,-1.0,0.0,categorical:general_wellbeing,,,,,
HILn_QI74,squared_exponential,hbi,-4.8,0.0,squared_exponential:hbi,1.0,1.0,-4.8044547675474405,1.0898237161468508e-08,10.0
HILn_QI74,lin,hbi,-1.0,0.0,lin:hbi,1.0,1.0,-0.967526923195237,1.2560675020332471e-08,10.0
HILn_QI74,squared_exponential,study_days,-4.8,0.0,squared_exponential:study_days,,,,,
HILn_QI74,lin,study_days,-1.0,0.0,lin:study_days,,,,,
HILn_QI74,squared_exponential,age,-4.8,0.0,squared_exponential:age,,,,,
HILn_QI74,lin,age,-1.8,0.048,lin:age,,,,,
HILn_QI74,squared_exponential,time_from_max,-4.8,0.0,squared_exponential:time_from_max,1.0,1.0,-4.804463197721134,8.686111097323071e-09,10.0
HILn_QI74,lin,time_from_max,-1.0,0.0,lin:time_from_max,1.0,1.0,-0.9675268928724564,1.1472212298750777e-08,10.0
HILn_QI76,categorical,participant_id,-1.0,0.0,categorical:participant_id,,,,,
HILn_QI76,categorical,site_name,-1.0,0.0,categorical:site_name,,,,,
HILn_QI76,categorical,race,-1.0,0.0,categorical:race,,,,,
HILn_QI76,categorical,sex,-1.0,0.0,categorical:sex,,,,,
HILn_QI76,categorical,general_wellbeing,-1.0,0.0,categorical:general_wellbeing,,,,,
HILn_QI76,squared_exponential,hbi,-4.8,0.0,squared_exponential:hbi,1.0,1.0,-4.804452364939152,1.4712410479560124e-08,10.0
HILn_QI76,lin,hbi,-1.0,0.0,lin:hbi,1.0,1.0,-0.9675287003899484,1.6356773742886e-08,10.0
HILn_QI76,squared_exponential,study_days,-6.1,1.0,squared_exponential:study_days,,,,,
HILn_QI76,lin,study_days,-1.0,0.0,lin:study_days,,,,,
HILn_QI76,squared_exponential,age,-4.8,0.0,squared_exponential:age,,,,,
HILn_QI76,lin,age,-1.0,0.0,lin:age,,,,,
HILn_QI76,squared_exponential,time_from_max,-4.8,0.0,squared_exponential:time_from_max,1.0,1.0,-4.804452148988275,1.9050801041968516e-08,10.0
HILn_QI76,lin,time_from_max,-1.0,0.0,lin:time_from_max,1.0,1.0,-0.9675254466953902,3.675764090631992e-08,10.0
HILn_QI77,categorical,participant_id,70.1,0.8,categorical:participant_id,,,,,
HILn_QI77,categorical,site_name,-1.0,0.0,categorical:site_name,,,,,
HILn_QI77,categorical,race,-1.0,0.0,categorical:race,,,,,
HILn_QI77,categorical,sex,-1.0,0.0,categorical:sex,,,,,
HILn_QI77,categorical,general_wellbeing,-1.0,0.0,categorical:general_wellbeing,,,,,
HILn_QI77,squared_exponential,hbi,-4.8,0.0,squared_exponential:hbi,0.5,1.0,-4.804454940910773,8.276230474179224e-06,60.0
HILn_QI77,lin,hbi,20.7,0.103,lin:hbi,5.104645227160809e-05,0.0003998638761275,-0.9678426821542416,0.4513488585260716,60.0
HILn_QI77,squared_exponential,study_days,-4.8,0.0,squared_exponential:study_days,,,,,
HILn_QI77,lin,study_days,-1.0,0.0,lin:study_days,,,,,
HILn_QI77,squared_exponential,age,-4.8,0.0,squared_exponential:age,,,,,
HILn_QI77,lin,age,-1.0,0.0,lin:age,,,,,
HILn_QI77,squared_exponential,time_from_max,-4.8,0.0,squared_exponential:time_from_max,1.0,1.0,-4.804718527115256,2.451644295885778e-07,10.0
HILn_QI77,lin,time_from_max,-1.0,0.0,lin:time_from_max,1.0,1.0,-0.9675283594669964,1.3916891828995514e-07,10.0
HILn_QI78,categorical,participant_id,-1.0,0.0,categorical:participant_id,,,,,
HILn_QI78,categorical,site_name,-1.9,0.124,categorical:site_name,,,,,
HILn_QI78,categorical,race,-1.0,0.0,categorical:race,,,,,
HILn_QI78,categorical,sex,-1.0,0.0,categorical:sex,,,,,
HILn_QI78,categorical,general_wellbeing,-1.0,0.0,categorical:general_wellbeing,,,,,
HILn_QI78,squared_exponential,hbi,-4.8,0.0,squared_exponential:hbi,0.5,1.0,-4.804453916869534,1.4550868619332557e-05,60.0
HILn_QI78,lin,hbi,0.3,0.437,lin:hbi,0.0323076923076923,0.1248050579557431,-0.9675271521668948,0.6184686608167116,60.0
HILn_QI78,squared_exponential,study_days,-4.8,0.0,squared_exponential:study_days,,,,,
HILn_QI78,lin,study_days,-1.0,0.0,lin:study_days,,,,,
HILn_QI78,squared_exponential,age,-4.8,0.0,squared_exponential:age,,,,,
HILn_QI78,lin,age,0.1,0.044,lin:age,,,,,
HILn_QI78,squared_exponential,time_from_max,-4.8,0.0,squared_exponential:time_from_max,1.0,1.0,-4.804456452658087,2.55449094457946e-07,10.0
HILn_QI78,lin,time_from_max,-1.0,0.0,lin:time_from_max,1.0,1.0,-0.967533054418027,4.052801725352305e-07,10.0
HILn_QI79,categorical,participant_id,29.8,0.87,categorical:participant_id,,,,,
HILn_QI79,categorical,site_name,-1.0,0.0,categorical:site_name,,,,,
HILn_QI79,categorical,race,-1.0,0.0,categorical:race,,,,,
HILn_QI79,categorical,sex,-1.0,0.0,categorical:sex,,,,,
HILn_QI79,categorical,general_wellbeing,-1.0,0.0,categorical:general_wellbeing,,,,,
HILn_QI79,squared_exponential,hbi,-4.8,0.0,squared_exponential:hbi,0.5,1.0,-4.804463530854264,3.1226838985669555e-05,60.0
HILn_QI79,lin,hbi,6.4,0.076,lin:hbi,5.104645227160809e-05,0.0003998638761275,-0.9677944417567232,0.6846258672085517,60.0
HILn_QI79,squared_exponential,study_days,-4.8,0.0,squared_exponential:study_days,,,,,
HILn_QI79,lin,study_days,-1.0,0.0,lin:study_days,,,,,
HILn_QI79,squared_exponential,age,-4.8,0.0,squared_exponential:age,,,,,
HILn_QI79,lin,age,-1.0,0.0,lin:age,,,,,
HILn_QI79,squared_exponential,time_from_max,-4.8,0.0,squared_exponential:time_from_max,1.0,1.0,-4.804452499799936,4.574193844427328e-07,10.0
HILn_QI79,lin,time_from_max,-1.0,0.0,lin:time_from_max,1.0,1.0,-0.9675353144116342,7.527323830429053e-07,10.0
HILn_QI81,categorical,participant_id,46.7,0.941,categorical:participant_id,,,,,
HILn_QI81,categorical,site_name,-1.0,0.0,categorical:site_name,,,,,
HILn_QI81,categorical,race,-1.0,0.0,categorical:race,,,,,
HILn_QI81,categorical,sex,-0.9,0.0,categorical:sex,,,,,
HILn_QI81,categorical,general_wellbeing,-1.0,0.0,categorical:general_wellbeing,,,,,
HILn_QI81,squared_exponential,hbi,-4.8,0.0,squared_exponential:hbi,1.0,1.0,-4.804460371486812,8.407526168315687e-08,10.0
HILn_QI81,lin,hbi,-1.0,0.0,lin:hbi,1.0,1.0,-0.9675280386024953,7.443503018853481e-08,10.0
HILn_QI81,squared_exponential,study_days,-4.8,0.0,squared_exponential:study_days,,,,,
HILn_QI81,lin,study_days,-1.0,0.0,lin:study_days,,,,,
HILn_QI81,squared_exponential,age,-4.8,0.0,squared_exponential:age,,,,,
HILn_QI81,lin,age,-1.0,0.0,lin:age,,,,,
HILn_QI81,squared_exponential,time_from_max,-4.8,0.0,squared_exponential:time_from_max,1.0,1.0,-4.804454906648743,2.6303704520791448e-08,10.0
HILn_QI81,lin,time_from_max,-1.0,0.0,lin:time_from_max,1.0,1.0,-0.9675280719422972,4.594238097109889e-08,10.0
HILn_QI82,categorical,participant_id,-1.0,0.0,categorical:participant_id,,,,,
HILn_QI82,categorical,site_name,-1.0,0.0,categorical:site_name,,,,,
HILn_QI82,categorical,race,-1.0,0.0,categorical:race,,,,,
HILn_QI82,categorical,sex,-1.0,0.0,categorical:sex,,,,,
HILn_QI82,categorical,general_wellbeing,-1.0,0.0,categorical:general_wellbeing,,,,,
HILn_QI82,squared_exponential,hbi,-4.8,0.0,squared_exponential:hbi,1.0,1.0,-4.804451586264804,3.188589928702686e-07,60.0
HILn_QI82,lin,hbi,-1.0,0.0,lin:hbi,1.0,1.0,-0.967562798686231,5.713771943232607e-07,60.0
HILn_QI82,squared_exponential,study_days,-4.8,0.0,squared_exponential:study_days,,,,,
HILn_QI82,lin,study_days,-1.0,0.0,lin:study_days,,,,,
HILn_QI82,squared_exponential,age,-4.8,0.0,squared_exponential:age,,,,,
HILn_QI82,lin,age,-2.0,1.0,lin:age,,,,,
HILn_QI82,squared_exponential,time_from_max,-4.8,0.0,squared_exponential:time_from_max,1.0,1.0,-4.80445634804164,3.8952064643330084e-07,10.0
HILn_QI82,lin,time_from_max,-1.0,0.0,lin:time_from_max,1.0,1.0,-0.9675252460019692,7.555929602831562e-07,10.0
HILn_QI84,categorical,participant_id,47.1,0.812,categorical:participant_id,,,,,
HILn_QI84,categorical,site_name,-1.0,0.0,categorical:site_name,,,,,
HILn_QI84,categorical,race,-1.0,0.0,categorical:race,,,,,
HILn_QI84,categorical,sex,-1.0,0.0,categorical:sex,,,,,
HILn_QI84,categorical,general_wellbeing,-1.0,0.0,categorical:general_wellbeing,,,,,
HILn_QI84,squared_exponential,hbi,-4.8,0.0,squared_exponential:hbi,0.5,1.0,-4.805781943814964,0.0006275996620926,60.0
HILn_QI84,lin,hbi,14.3,0.118,lin:hbi,5.104645227160809e-05,0.0003998638761275,-0.967738900058066,1.7702708555458475,60.0
HILn_QI84,squared_exponential,study_days,-5.7,0.02,squared_exponential:study_days,,,,,
HILn_QI84,lin,study_days,-1.0,0.0,lin:study_days,,,,,
HILn_QI84,squared_exponential,age,-4.8,0.0,squared_exponential:age,,,,,
HILn_QI84,lin,age,-1.0,0.0,lin:age,,,,,
HILn_QI84,squared_exponential,time_from_max,-4.8,0.0,squared_exponential:time_from_max,1.0,1.0,-4.804453079283348,8.398795496019697e-09,10.0
HILn_QI84,lin,time_from_max,-1.0,0.0,lin:time_from_max,1.0,1.0,-0.9683062480462468,3.4554753758403593e-08,10.0
HILn_QI85,categorical,participant_id,-1.0,0.0,categorical:participant_id,,,,,
HILn_QI85,categorical,site_name,-1.0,0.0,categorical:site_name,,,,,
HILn_QI85,categorical,race,-0.7,0.275,categorical:race,,,,,
HILn_QI85,categorical,sex,1.9,0.376,categorical:sex,,,,,
HILn_QI85,categorical,general_wellbeing,-1.0,0.0,categorical:general_wellbeing,,,,,
HILn_QI85,squared_exponential,hbi,-4.8,0.0,squared_exponential:hbi,0.5,1.0,-4.804454896298466,7.773143826418833e-06,60.0
HILn_QI85,lin,hbi,1.0,0.198,lin:hbi,0.0058765081528933,0.0321781611478818,-0.9677882366772792,0.4075263410164887,60.0
HILn_QI85,squared_exponential,study_days,-4.8,0.0,squared_exponential:study_days,,,,,
HILn_QI85,lin,study_days,-1.0,0.0,lin:study_days,,,,,
HILn_QI85,squared_exponential,age,-3.5,0.354,squared_exponential:age,,,,,
HILn_QI85,lin,age,-1.0,0.0,lin:age,,,,,
HILn_QI85,squared_exponential,time_from_max,-4.8,0.0,squared_exponential:time_from_max,1.0,1.0,-4.804453696836617,4.6528543193433525e-09,10.0
HILn_QI85,lin,time_from_max,-1.0,0.0,lin:time_from_max,1.0,1.0,-0.9675258908719117,7.659880092527515e-09,10.0
HILn_QI86,categorical,participant_id,-1.0,0.0,categorical:participant_id,,,,,
HILn_QI86,categorical,site_name,-0.4,0.271,categorical:site_name,,,,,
HILn_QI86,categorical,race,-1.0,0.0,categorical:race,,,,,
HILn_QI86,categorical,sex,-1.0,0.0,categorical:sex,,,,,
HILn_QI86,categorical,general_wellbeing,-1.0,0.0,categorical:general_wellbeing,,,,,
HILn_QI86,squared_exponential,hbi,-4.8,0.0,squared_exponential:hbi,0.5,1.0,-4.804454381260939,1.2057227533602807e-05,60.0
HILn_QI86,lin,hbi,2.1,0.25,lin:hbi,0.02,0.0805714285714286,-0.968026337310448,1.0654632694466264,60.0
HILn_QI86,squared_exponential,study_days,-4.8,0.0,squared_exponential:study_days,,,,,
HILn_QI86,lin,study_days,0.6,0.182,lin:study_days,,,,,
HILn_QI86,squared_exponential,age,-4.8,0.0,squared_exponential:age,,,,,
HILn_QI86,lin,age,-0.3,0.095,lin:age,,,,,
HILn_QI86,squared_exponential,time_from_max,-4.8,0.0,squared_exponential:time_from_max,1.0,1.0,-4.804454856228176,6.062980948234917e-08,10.0
HILn_QI86,lin,time_from_max,-1.0,0.0,lin:time_from_max,1.0,1.0,-0.9675278734348466,3.2396778854799185e-08,10.0
HILn_TF12,categorical,participant_id,-1.0,0.0,categorical:participant_id,,,,,
HILn_TF12,categorical,site_name,-1.0,0.0,categorical:site_name,,,,,
HILn_TF12,categorical,race,-1.0,0.0,categorical:race,,,,,
HILn_TF12,categorical,sex,-1.8,0.106,categorical:sex,,,,,
HILn_TF12,categorical,general_wellbeing,-1.4,0.326,categorical:general_wellbeing,,,,,
HILn_TF12,squared_exponential,hbi,-4.8,0.0,squared_exponential:hbi,0.5,1.0,-4.804454300590805,6.933103457986072e-05,60.0
HILn_TF12,lin,hbi,-1.5,0.068,lin:hbi,0.5,1.0,-0.9683122223977988,0.3821791312343418,60.0
HILn_TF12,squared_exponential,study_days,-4.8,0.0,squared_exponential:study_days,,,,,
HILn_TF12,lin,study_days,-1.0,0.0,lin:study_days,,,,,
HILn_TF12,squared_exponential,age,-4.8,0.0,squared_exponential:age,,,,,
HILn_TF12,lin,age,2.7,0.371,lin:age,,,,,
HILn_TF12,squared_exponential,time_from_max,-4.8,0.0,squared_exponential:time_from_max,0.5,1.0,-4.804456463618408,1.2509620927805674e-06,120.0
HILn_TF12,lin,time_from_max,-1.0,0.0,lin:time_from_max,0.5,1.0,-0.9675257395206244,1.227311144316789e-06,120.0
HILn_QI90,categorical,participant_id,-1.0,0.0,categorical:participant_id,,,,,
HILn_QI90,categorical,site_name,-1.0,0.0,categorical:site_name,,,,,
HILn_QI90,categorical,race,-1.0,0.0,categorical:race,,,,,
HILn_QI90,categorical,sex,-1.0,0.0,categorical:sex,,,,,
HILn_QI90,categorical,general_wellbeing,-1.0,0.0,categorical:general_wellbeing,,,,,
HILn_QI90,squared_exponential,hbi,-4.8,0.0,squared_exponential:hbi,1.0,1.0,-4.804453710931512,3.613215027204939e-08,10.0
HILn_QI90,lin,hbi,-1.0,0.0,lin:hbi,1.0,1.0,-0.9675270223235656,4.5465811428261963e-08,10.0
HILn_QI90,squared_exponential,study_days,-5.5,0.529,squared_exponential:study_days,,,,,
HILn_QI90,lin,study_days,-1.0,0.0,lin:study_days,,,,,
HILn_QI90,squared_exponential,age,-4.8,0.0,squared_exponential:age,,,,,
HILn_QI90,lin,age,-1.2,0.209,lin:age,,,,,
HILn_QI90,squared_exponential,time_from_max,-4.8,0.0,squared_exponential:time_from_max,1.0,1.0,-4.804453742646956,3.1294304324879685e-08,10.0
HILn_QI90,lin,time_from_max,-1.0,0.0,lin:time_from_max,1.0,1.0,-0.9675269784052034,4.402424576504232e-08,10.0
HILn_QI91,categorical,participant_id,-1.0,0.0,categorical:participant_id,,,,,
HILn_QI91,categorical,site_name,-1.0,0.0,categorical:site_name,,,,,
HILn_QI91,categorical,race,-1.0,0.0,categorical:race,,,,,
HILn_QI91,categorical,sex,-1.0,0.0,categorical:sex,,,,,
HILn_QI91,categorical,general_wellbeing,-1.0,0.0,categorical:general_wellbeing,,,,,
HILn_QI91,squared_exponential,hbi,-4.8,0.0,squared_exponential:hbi,0.5,1.0,-4.804452831277331,2.180457819816341e-06,60.0
HILn_QI91,lin,hbi,-0.1,0.352,lin:hbi,0.0569230769230768,0.207126550868486,-0.9676692762120638,0.6839831859710703,60.0
HILn_QI91,squared_exponential,study_days,-4.8,0.0,squared_exponential:study_days,,,,,
HILn_QI91,lin,study_days,-1.0,0.0,lin:study_days,,,,,
HILn_QI91,squared_exponential,age,-4.8,0.0,squared_exponential:age,,,,,
HILn_QI91,lin,age,1.5,0.525,lin:age,,,,,
HILn_QI91,squared_exponential,time_from_max,-4.8,0.0,squared_exponential:time_from_max,1.0,1.0,-4.804457578895153,3.477811305209361e-08,10.0
HILn_QI91,lin,time_from_max,-1.0,0.0,lin:time_from_max,1.0,1.0,-0.9676745620956808,3.2473530062631786e-08,10.0
HILn_QI92,categorical,participant_id,-1.0,0.0,categorical:participant_id,,,,,
HILn_QI92,categorical,site_name,-1.0,0.0,categorical:site_name,,,,,
HILn_QI92,categorical,race,-1.0,0.0,categorical:race,,,,,
HILn_QI92,categorical,sex,-1.1,1.0,categorical:sex,,,,,
HILn_QI92,categorical,general_wellbeing,-1.0,0.0,categorical:general_wellbeing,,,,,
HILn_QI92,squared_exponential,hbi,-4.8,0.0,squared_exponential:hbi,1.0,1.0,-4.8044918326393145,3.0836681811021103e-09,10.0
HILn_QI92,lin,hbi,-1.0,0.0,lin:hbi,1.0,1.0,-0.9675873299304384,3.598777606625106e-09,10.0
HILn_QI92,squared_exponential,study_days,-4.8,0.0,squared_exponential:study_days,,,,,
HILn_QI92,lin,study_days,-1.0,0.0,lin:study_days,,,,,
HILn_QI92,squared_exponential,age,-4.8,0.0,squared_exponential:age,,,,,
HILn_QI92,lin,age,-1.0,0.0,lin:age,,,,,
HILn_QI92,squared_exponential,time_from_max,-4.8,0.0,squared_exponential:time_from_max,1.0,1.0,-4.804493988451895,2.964595630797463e-09,10.0
HILn_QI92,lin,time_from_max,-1.0,0.0,lin:time_from_max,1.0,1.0,-0.967565012852674,4.164679752978784e-09,10.0
HILn_QI93,categorical,participant_id,-1.0,0.0,categorical:participant_id,,,,,
HILn_QI93,categorical,site_name,-1.0,0.0,categorical:site_name,,,,,
HILn_QI93,categorical,race,-1.0,0.0,categorical:race,,,,,
HILn_QI93,categorical,sex,-1.0,0.0,categorical:sex,,,,,
HILn_QI93,categorical,general_wellbeing,-1.0,0.0,categorical:general_wellbeing,,,,,
HILn_QI93,squared_exponential,hbi,-4.8,0.0,squared_exponential:hbi,1.0,1.0,-4.804453316227637,8.899863526957512e-09,10.0
HILn_QI93,lin,hbi,-1.0,0.0,lin:hbi,1.0,1.0,-0.9675259418993392,1.0394752149835544e-08,10.0
HILn_QI93,squared_exponential,study_days,-4.8,0.0,squared_exponential:study_days,,,,,
HILn_QI93,lin,study_days,-0.5,0.101,lin:study_days,,,,,
HILn_QI93,squared_exponential,age,-4.8,0.0,squared_exponential:age,,,,,
HILn_QI93,lin,age,20.0,0.805,lin:age,,,,,
HILn_QI93,squared_exponential,time_from_max,-4.8,0.0,squared_exponential:time_from_max,1.0,1.0,-4.804452637899885,1.4519329063506654e-08,10.0
HILn_QI93,lin,time_from_max,-1.0,0.0,lin:time_from_max,1.0,1.0,-0.9675259578684744,1.7806601351077598e-08,10.0
HILn_TF13,categorical,participant_id,35.9,0.893,categorical:participant_id,,,,,
HILn_TF13,categorical,site_name,-1.0,0.0,categorical:site_name,,,,,
HILn_TF13,categorical,race,-1.0,0.0,categorical:race,,,,,
HILn_TF13,categorical,sex,-1.0,0.0,categorical:sex,,,,,
HILn_TF13,categorical,general_wellbeing,-1.0,0.0,categorical:general_wellbeing,,,,,
HILn_TF13,squared_exponential,hbi,-4.8,0.0,squared_exponential:hbi,0.5,1.0,-4.804455725556636,1.0734990624285008e-06,60.0
HILn_TF13,lin,hbi,-1.0,0.0,lin:hbi,0.5,1.0,-0.967529095649752,1.2414154622592074e-06,60.0
HILn_TF13,squared_exponential,study_days,-4.8,0.0,squared_exponential:study_days,,,,,
HILn_TF13,lin,study_days,-1.0,0.0,lin:study_days,,,,,
HILn_TF13,squared_exponential,age,-4.8,0.0,squared_exponential:age,,,,,
HILn_TF13,lin,age,-1.0,0.0,lin:age,,,,,
HILn_TF13,squared_exponential,time_from_max,-5.3,0.037,squared_exponential:time_from_max,0.5,1.0,-4.804729667207084,0.3868247644592659,120.0
HILn_TF13,lin,time_from_max,-1.0,0.0,lin:time_from_max,0.5,1.0,-0.967529612895305,8.670934767682548e-06,120.0
HILn_QI95,categorical,participant_id,-1.0,0.741,categorical:participant_id,,,,,
HILn_QI95,categorical,site_name,-1.0,1.0,categorical:site_name,,,,,
HILn_QI95,categorical,race,-1.0,0.0,categorical:race,,,,,
HILn_QI95,categorical,sex,-1.0,1.0,categorical:sex,,,,,
HILn_QI95,categorical,general_wellbeing,-1.0,1.0,categorical:general_wellbeing,,,,,
HILn_QI95,squared_exponential,hbi,-4.8,0.737,squared_exponential:hbi,0.5,1.0,-4.804452274463301,7.995539966138123e-06,60.0
HILn_QI95,lin,hbi,-1.0,1.0,lin:hbi,0.5,1.0,-0.9675254532310192,8.332302685362407e-06,60.0
HILn_QI95,squared_exponential,study_days,-4.8,1.0,squared_exponential:study_days,,,,,
HILn_QI95,lin,study_days,-1.0,1.0,lin:study_days,,,,,
HILn_QI95,squared_exponential,age,-4.8,0.444,squared_exponential:age,,,,,
HILn_QI95,lin,age,-1.0,1.0,lin:age,,,,,
HILn_QI95,squared_exponential,time_from_max,-4.8,1.0,squared_exponential:time_from_max,0.5,1.0,-4.804452440876503,4.556853572376798e-06,120.0
HILn_QI95,lin,time_from_max,-1.0,0.709,lin:time_from_max,0.5,1.0,-0.9675251960748028,4.643638929049473e-06,120.0
HILn_TF14,categorical,participant_id,-1.0,0.321,categorical:participant_id,,,,,
HILn_TF14,categorical,site_name,-1.0,0.328,categorical:site_name,,,,,
HILn_TF14,categorical,race,-1.0,0.317,categorical:race,,,,,
HILn_TF14,categorical,sex,-1.0,0.331,categorical:sex,,,,,
HILn_TF14,categorical,general_wellbeing,-1.0,0.327,categorical:general_wellbeing,,,,,
HILn_TF14,squared_exponential,hbi,-4.8,0.321,squared_exponential:hbi,1.0,1.0,-4.804451753726653,3.806949588124388e-09,10.0
HILn_TF14,lin,hbi,-1.0,0.349,lin:hbi,1.0,1.0,-0.9675250758052698,6.633015161829772e-09,10.0
HILn_TF14,squared_exponential,study_days,-4.8,0.31,squared_exponential:study_days,,,,,
HILn_TF14,lin,study_days,-1.0,0.321,lin:study_days,,,,,
HILn_TF14,squared_exponential,age,-4.8,0.325,squared_exponential:age,,,,,
HILn_TF14,lin,age,-1.0,0.348,lin:age,,,,,
HILn_TF14,squared_exponential,time_from_max,-4.8,0.446,squared_exponential:time_from_max,1.0,1.0,-4.80445184950122,1.4100194337378202e-08,10.0
HILn_TF14,lin,time_from_max,-1.0,0.334,lin:time_from_max,1.0,1.0,-0.9675251069063506,5.829693646597173e-09,10.0
HILn_QI97,categorical,participant_id,-1.0,0.0,categorical:participant_id,,,,,
HILn_QI97,categorical,site_name,-1.0,0.0,categorical:site_name,,,,,
HILn_QI97,categorical,race,-1.0,0.0,categorical:race,,,,,
HILn_QI97,categorical,sex,-1.0,0.0,categorical:sex,,,,,
HILn_QI97,categorical,general_wellbeing,-1.0,0.0,categorical:general_wellbeing,,,,,
HILn_QI97,squared_exponential,hbi,-4.8,0.0,squared_exponential:hbi,0.5,1.0,-4.804452778651694,1.83918861732597e-05,60.0
HILn_QI97,lin,hbi,-1.0,1.0,lin:hbi,0.5,1.0,-0.967526146307364,0.3537952744677292,60.0
HILn_QI97,squared_exponential,study_days,-4.8,0.0,squared_exponential:study_days,,,,,
HILn_QI97,lin,study_days,-1.0,0.0,lin:study_days,,,,,
HILn_QI97,squared_exponential,age,-4.8,0.0,squared_exponential:age,,,,,
HILn_QI97,lin,age,-1.7,0.327,lin:age,,,,,
HILn_QI97,squared_exponential,time_from_max,-4.8,0.0,squared_exponential:time_from_max,1.0,1.0,-4.804452405727716,2.7017119720014303e-08,10.0
HILn_QI97,lin,time_from_max,-1.0,0.0,lin:time_from_max,1.0,1.0,-0.9675256244054252,3.9289771163798615e-08,10.0
HILn_QI98,categorical,participant_id,29.7,0.968,categorical:participant_id,,,,,
HILn_QI98,categorical,site_name,-1.0,0.0,categorical:site_name,,,,,
HILn_QI98,categorical,race,-1.0,0.0,categorical:race,,,,,
HILn_QI98,categorical,sex,-1.0,0.0,categorical:sex,,,,,
HILn_QI98,categorical,general_wellbeing,-1.0,0.0,categorical:general_wellbeing,,,,,
HILn_QI98,squared_exponential,hbi,-4.8,0.0,squared_exponential:hbi,0.5,1.0,-4.804453989329886,1.890186422729147e-05,60.0
HILn_QI98,lin,hbi,-1.8,0.011,lin:hbi,0.5,1.0,-0.9675660851396516,0.4094930747287237,60.0
HILn_QI98,squared_exponential,study_days,-4.8,0.0,squared_exponential:study_days,,,,,
HILn_QI98,lin,study_days,-1.0,0.0,lin:study_days,,,,,
HILn_QI98,squared_exponential,age,-4.8,0.0,squared_exponential:age,,,,,
HILn_QI98,lin,age,-1.0,0.0,lin:age,,,,,
HILn_QI98,squared_exponential,time_from_max,-4.8,0.0,squared_exponential:time_from_max,1.0,1.0,-4.804454076219372,7.962403090060596e-09,10.0
HILn_QI98,lin,time_from_max,-1.0,0.0,lin:time_from_max,1.0,1.0,-0.9675258539562036,7.070287328787646e-09,10.0
HILn_QI99,categorical,participant_id,31.7,0.87,categorical:participant_id,,,,,
HILn_QI99,categorical,site_name,-1.0,0.0,categorical:site_name,,,,,
HILn_QI99,categorical,race,-1.0,0.0,categorical:race,,,,,
HILn_QI99,categorical,sex,-1.0,0.0,categorical:sex,,,,,
HILn_QI99,categorical,general_wellbeing,-1.0,0.0,categorical:general_wellbeing,,,,,
HILn_QI99,squared_exponential,hbi,-4.8,0.0,squared_exponential:hbi,0.5,1.0,-4.804464283870402,8.975582803027888e-06,60.0
HILn_QI99,lin,hbi,5.5,0.067,lin:hbi,5.104645227160809e-05,0.0003998638761275,-0.9678321240544392,0.5713017877398002,60.0
HILn_QI99,squared_exponential,study_days,-4.8,0.0,squared_exponential:study_days,,,,,
HILn_QI99,lin,study_days,-1.0,0.0,lin:study_days,,,,,
HILn_QI99,squared_exponential,age,-4.8,0.0,squared_exponential:age,,,,,
HILn_QI99,lin,age,-1.0,0.0,lin:age,,,,,
HILn_QI99,squared_exponential,time_from_max,-4.8,0.0,squared_exponential:time_from_max,1.0,1.0,-4.804464537984586,2.1321880927872683e-07,10.0
HILn_QI99,lin,time_from_max,-1.0,0.0,lin:time_from_max,1.0,1.0,-0.9675495760341164,3.526040115785814e-07,10.0
HILn_QI101,categorical,participant_id,42.1,0.879,categorical:participant_id,,,,,
HILn_QI101,categorical,site_name,-1.0,0.0,categorical:site_name,,,,,
HILn_QI101,categorical,race,-1.0,0.0,categorical:race,,,,,
HILn_QI101,categorical,sex,-1.0,0.0,categorical:sex,,,,,
HILn_QI101,categorical,general_wellbeing,-1.0,0.0,categorical:general_wellbeing,,,,,
HILn_QI101,squared_exponential,hbi,-4.8,0.0,squared_exponential:hbi,0.5,1.0,-4.804492325265528,1.3442409195961431e-05,60.0
HILn_QI101,lin,hbi,3.4,0.053,lin:hbi,5.104645227160809e-05,0.0003998638761275,-0.967976803202646,0.3285870356435541,60.0
HILn_QI101,squared_exponential,study_days,-4.8,0.0,squared_exponential:study_days,,,,,
HILn_QI101,lin,study_days,-1.0,0.0,lin:study_days,,,,,
HILn_QI101,squared_exponential,age,-4.8,0.0,squared_exponential:age,,,,,
HILn_QI101,lin,age,-1.2,0.0,lin:age,,,,,
HILn_QI101,squared_exponential,time_from_max,-4.8,0.0,squared_exponential:time_from_max,1.0,1.0,-4.8044572639921626,7.157772148522306e-08,10.0
HILn_QI101,lin,time_from_max,-1.0,0.0,lin:time_from_max,1.0,1.0,-0.9676542491072267,9.420059683397776e-08,10.0
HILn_QI28433,categorical,participant_id,-1.0,0.0,categorical:participant_id,,,,,
HILn_QI28433,categorical,site_name,-1.0,0.0,categorical:site_name,,,,,
HILn_QI28433,categorical,race,-1.9,0.15,categorical:race,,,,,
HILn_QI28433,categorical,sex,-1.4,0.129,categorical:sex,,,,,
HILn_QI28433,categorical,general_wellbeing,-1.6,0.377,categorical:general_wellbeing,,,,,
HILn_QI28433,squared_exponential,hbi,-4.8,0.0,squared_exponential:hbi,1.0,1.0,-4.804457857435409,5.835581159416736e-08,10.0
HILn_QI28433,lin,hbi,-1.0,0.0,lin:hbi,1.0,1.0,-0.9675293213044824,4.030213610881027e-08,10.0
HILn_QI28433,squared_exponential,study_days,-4.8,0.0,squared_exponential:study_days,,,,,
HILn_QI28433,lin,study_days,-1.0,0.0,lin:study_days,,,,,
HILn_QI28433,squared_exponential,age,-4.8,0.0,squared_exponential:age,,,,,
HILn_QI28433,lin,age,-1.0,0.0,lin:age,,,,,
HILn_QI28433,squared_exponential,time_from_max,-4.9,0.319,squared_exponential:time_from_max,0.5,1.0,-4.804925672204263,0.4645447799653422,120.0
HILn_QI28433,lin,time_from_max,-1.0,0.0,lin:time_from_max,0.5,1.0,-0.9702257088410988,0.0007473885126201,120.0
HILn_QI102,categorical,participant_id,51.0,0.946,categorical:participant_id,,,,,
HILn_QI102,categorical,site_name,-1.0,0.0,categorical:site_name,,,,,
HILn_QI102,categorical,race,-1.0,0.0,categorical:race,,,,,
HILn_QI102,categorical,sex,-1.0,0.0,categorical:sex,,,,,
HILn_QI102,categorical,general_wellbeing,-1.0,0.0,categorical:general_wellbeing,,,,,
HILn_QI102,squared_exponential,hbi,-4.8,0.0,squared_exponential:hbi,0.5,1.0,-4.804471150941254,6.20212831626914e-06,60.0
HILn_QI102,lin,hbi,1.6,0.032,lin:hbi,5.104645227160809e-05,0.0003998638761275,-0.967649694162219,0.3042037809105942,60.0
HILn_QI102,squared_exponential,study_days,-4.8,0.0,squared_exponential:study_days,,,,,
HILn_QI102,lin,study_days,-1.0,0.0,lin:study_days,,,,,
HILn_QI102,squared_exponential,age,-4.8,0.0,squared_exponential:age,,,,,
HILn_QI102,lin,age,-1.0,0.0,lin:age,,,,,
HILn_QI102,squared_exponential,time_from_max,-4.8,0.0,squared_exponential:time_from_max,1.0,1.0,-4.804453404396099,1.8674437222124847e-08,10.0
HILn_QI102,lin,time_from_max,-1.0,0.0,lin:time_from_max,1.0,1.0,-0.9675282113689718,1.5718001748020052e-08,10.0
HILn_QI103,categorical,participant_id,-1.0,0.0,categorical:participant_id,,,,,
HILn_QI103,categorical,site_name,-1.7,0.072,categorical:site_name,,,,,
HILn_QI103,categorical,race,6.5,0.351,categorical:race,,,,,
HILn_QI103,categorical,sex,-0.1,0.206,categorical:sex,,,,,
HILn_QI103,categorical,general_wellbeing,-1.0,0.0,categorical:general_wellbeing,,,,,
HILn_QI103,squared_exponential,hbi,-4.8,0.0,squared_exponential:hbi,1.0,1.0,-4.804455574445228,3.2711986326013225e-08,10.0
HILn_QI103,lin,hbi,-1.0,0.0,lin:hbi,1.0,1.0,-0.96752884193711,4.434326018345861e-08,10.0
HILn_QI103,squared_exponential,study_days,-2.5,0.25,squared_exponential:study_days,,,,,
HILn_QI103,lin,study_days,-1.0,0.0,lin:study_days,,,,,
HILn_QI103,squared_exponential,age,-4.8,0.0,squared_exponential:age,,,,,
HILn_QI103,lin,age,-1.0,0.0,lin:age,,,,,
HILn_QI103,squared_exponential,time_from_max,-4.8,0.0,squared_exponential:time_from_max,1.0,1.0,-4.804458937527215,3.168793729904352e-08,10.0
HILn_QI103,lin,time_from_max,-1.0,0.0,lin:time_from_max,1.0,1.0,-0.967588706677816,2.9324885326143964e-08,10.0
HILn_QI105,categorical,participant_id,-1.0,1.0,categorical:participant_id,,,,,
HILn_QI105,categorical,site_name,-1.0,1.0,categorical:site_name,,,,,
HILn_QI105,categorical,race,-1.0,1.0,categorical:race,,,,,
HILn_QI105,categorical,sex,-1.0,1.0,categorical:sex,,,,,
HILn_QI105,categorical,general_wellbeing,-1.0,1.0,categorical:general_wellbeing,,,,,
HILn_QI105,squared_exponential,hbi,-4.8,1.0,squared_exponential:hbi,1.0,1.0,-4.804458771056716,6.954532364417287e-09,10.0
HILn_QI105,lin,hbi,-1.0,1.0,lin:hbi,1.0,1.0,-0.9675300595454246,8.131298311389548e-09,10.0
HILn_QI105,squared_exponential,study_days,-4.8,1.0,squared_exponential:study_days,,,,,
HILn_QI105,lin,study_days,-1.0,1.0,lin:study_days,,,,,
HILn_QI105,squared_exponential,age,-4.8,1.0,squared_exponential:age,,,,,
HILn_QI105,lin,age,-1.0,1.0,lin:age,,,,,
HILn_QI105,squared_exponential,time_from_max,-4.8,1.0,squared_exponential:time_from_max,1.0,1.0,-4.804458573153397,8.843321383892233e-09,10.0
HILn_QI105,lin,time_from_max,-1.0,1.0,lin:time_from_max,1.0,1.0,-0.9676171267863082,1.1621347853058897e-08,10.0
HILn_QI106,categorical,participant_id,-1.0,0.0,categorical:participant_id,,,,,
HILn_QI106,categorical,site_name,-1.0,0.0,categorical:site_name,,,,,
HILn_QI106,categorical,race,-1.9,0.162,categorical:race,,,,,
HILn_QI106,categorical,sex,1.0,0.37,categorical:sex,,,,,
HILn_QI106,categorical,general_wellbeing,-1.0,0.0,categorical:general_wellbeing,,,,,
HILn_QI106,squared_exponential,hbi,-4.8,0.0,squared_exponential:hbi,1.0,1.0,-4.804456709432998,5.028989883087054e-09,10.0
HILn_QI106,lin,hbi,-1.0,0.0,lin:hbi,1.0,1.0,-0.9675291368430408,1.515429558977231e-08,10.0
HILn_QI106,squared_exponential,study_days,-4.0,0.384,squared_exponential:study_days,,,,,
HILn_QI106,lin,study_days,-1.0,0.0,lin:study_days,,,,,
HILn_QI106,squared_exponential,age,-4.8,0.0,squared_exponential:age,,,,,
HILn_QI106,lin,age,-1.0,0.0,lin:age,,,,,
HILn_QI106,squared_exponential,time_from_max,-4.3,0.338,squared_exponential:time_from_max,0.0446153846153846,1.0,-4.804932033789555,0.3803492915712183,120.0
HILn_QI106,lin,time_from_max,-1.0,0.0,lin:time_from_max,0.5,1.0,-0.9675295276497308,9.723868991084787e-06,120.0
HILn_QI107,categorical,participant_id,71.6,0.888,categorical:participant_id,,,,,
HILn_QI107,categorical,site_name,-1.0,0.0,categorical:site_name,,,,,
HILn_QI107,categorical,race,-1.0,0.0,categorical:race,,,,,
HILn_QI107,categorical,sex,-1.0,0.0,categorical:sex,,,,,
HILn_QI107,categorical,general_wellbeing,-1.0,0.0,categorical:general_wellbeing,,,,,
HILn_QI107,squared_exponential,hbi,-4.8,0.0,squared_exponential:hbi,0.5,1.0,-4.804453910914617,6.924493327463869e-06,60.0
HILn_QI107,lin,hbi,-0.3,0.019,lin:hbi,0.1061538461538461,0.3585076001842469,-0.9677845919757146,1.4262280477505085,60.0
HILn_QI107,squared_exponential,study_days,-4.8,0.0,squared_exponential:study_days,,,,,
HILn_QI107,lin,study_days,-1.2,0.01,lin:study_days,,,,,
HILn_QI107,squared_exponential,age,-4.8,0.0,squared_exponential:age,,,,,
HILn_QI107,lin,age,-1.0,0.0,lin:age,,,,,
HILn_QI107,squared_exponential,time_from_max,-4.8,0.0,squared_exponential:time_from_max,1.0,1.0,-4.804452109531439,3.583055215066592e-09,10.0
HILn_QI107,lin,time_from_max,-1.0,0.0,lin:time_from_max,1.0,1.0,-0.9675255163695056,5.032811547628474e-09,10.0
HILn_QI108,categorical,participant_id,44.8,0.885,categorical:participant_id,,,,,
HILn_QI108,categorical,site_name,-1.0,0.0,categorical:site_name,,,,,
HILn_QI108,categorical,race,-1.0,0.0,categorical:race,,,,,
HILn_QI108,categorical,sex,-2.1,0.0,categorical:sex,,,,,
HILn_QI108,categorical,general_wellbeing,-1.0,0.0,categorical:general_wellbeing,,,,,
HILn_QI108,squared_exponential,hbi,-4.8,0.0,squared_exponential:hbi,1.0,1.0,-4.805101426873762,1.2804698559123574e-08,10.0
HILn_QI108,lin,hbi,-1.0,0.0,lin:hbi,1.0,1.0,-0.968776842693842,1.1265385051331658e-08,10.0
HILn_QI108,squared_exponential,study_days,-6.4,0.048,squared_exponential:study_days,,,,,
HILn_QI108,lin,study_days,-1.0,0.0,lin:study_days,,,,,
HILn_QI108,squared_exponential,age,-4.8,0.0,squared_exponential:age,,,,,
HILn_QI108,lin,age,-1.0,0.0,lin:age,,,,,
HILn_QI108,squared_exponential,time_from_max,-4.8,0.0,squared_exponential:time_from_max,1.0,1.0,-4.804600184880428,1.03539415292139e-08,10.0
HILn_QI108,lin,time_from_max,-1.0,0.0,lin:time_from_max,1.0,1.0,-0.9683791783409106,1.4194620453540778e-08,10.0
HILn_QI109,categorical,participant_id,63.1,0.954,categorical:participant_id,,,,,
HILn_QI109,categorical,site_name,-1.0,0.0,categorical:site_name,,,,,
HILn_QI109,categorical,race,-1.0,0.0,categorical:race,,,,,
HILn_QI109,categorical,sex,-1.0,0.0,categorical:sex,,,,,
HILn_QI109,categorical,general_wellbeing,-1.0,0.0,categorical:general_wellbeing,,,,,
HILn_QI109,squared_exponential,hbi,-4.8,0.0,squared_exponential:hbi,0.5,1.0,-4.80445381501886,1.1939376184189124e-05,60.0
HILn_QI109,lin,hbi,0.4,0.02,lin:hbi,0.0126346582956811,0.0593828939897012,-0.9677477002655904,0.3778336405954196,60.0
HILn_QI109,squared_exponential,study_days,-4.8,0.0,squared_exponential:study_days,,,,,
HILn_QI109,lin,study_days,-1.0,0.0,lin:study_days,,,,,
HILn_QI109,squared_exponential,age,-4.8,0.0,squared_exponential:age,,,,,
HILn_QI109,lin,age,-1.0,0.0,lin:age,,,,,
HILn_QI109,squared_exponential,time_from_max,-4.8,0.0,squared_exponential:time_from_max,1.0,1.0,-4.804457988544982,2.307272349795237e-08,10.0
HILn_QI109,lin,time_from_max,-1.0,0.0,lin:time_from_max,1.0,1.0,-0.9675259554433068,1.1133135216123004e-08,10.0
HILn_QI110,categorical,participant_id,-1.0,0.0,categorical:participant_id,,,,,
HILn_QI110,categorical,site_name,-1.0,0.0,categorical:site_name,,,,,
HILn_QI110,categorical,race,-1.0,0.0,categorical:race,,,,,
HILn_QI110,categorical,sex,-1.0,0.0,categorical:sex,,,,,
HILn_QI110,categorical,general_wellbeing,-1.0,0.0,categorical:general_wellbeing,,,,,
HILn_QI110,squared_exponential,hbi,-4.8,0.0,squared_exponential:hbi,0.5,1.0,-4.80445419964758,8.543059471494726e-06,60.0
HILn_QI110,lin,hbi,-1.0,0.125,lin:hbi,0.5,1.0,-0.9677547299934304,0.3123148915732338,60.0
HILn_QI110,squared_exponential,study_days,-4.8,0.0,squared_exponential:study_days,,,,,
HILn_QI110,lin,study_days,1.0,0.294,lin:study_days,,,,,
HILn_QI110,squared_exponential,age,-4.8,0.0,squared_exponential:age,,,,,
HILn_QI110,lin,age,3.6,0.331,lin:age,,,,,
HILn_QI110,squared_exponential,time_from_max,-4.8,0.0,squared_exponential:time_from_max,0.5,1.0,-4.804453471473607,7.5707921556474525e-06,120.0
HILn_QI110,lin,time_from_max,0.9,0.274,lin:time_from_max,5.3937432578199385e-05,0.0101402373247014,-0.9677936289492663,0.1980727221762359,120.0
HILn_QI111,categorical,participant_id,55.7,0.735,categorical:participant_id,,,,,
HILn_QI111,categorical,site_name,-1.0,0.0,categorical:site_name,,,,,
HILn_QI111,categorical,race,-1.0,0.0,categorical:race,,,,,
HILn_QI111,categorical,sex,-1.0,0.0,categorical:sex,,,,,
HILn_QI111,categorical,general_wellbeing,-1.0,0.0,categorical:general_wellbeing,,,,,
HILn_QI111,squared_exponential,hbi,-4.8,0.0,squared_exponential:hbi,0.5,1.0,-4.804455349724321,2.1583958565301177e-05,60.0
HILn_QI111,lin,hbi,0.4,0.024,lin:hbi,0.02,0.0805714285714286,-0.9684528648440393,0.4611547708698627,60.0
HILn_QI111,squared_exponential,study_days,-4.8,0.0,squared_exponential:study_days,,,,,
HILn_QI111,lin,study_days,-1.0,0.0,lin:study_days,,,,,
HILn_QI111,squared_exponential,age,-2.4,0.0,squared_exponential:age,,,,,
HILn_QI111,lin,age,-1.0,0.0,lin:age,,,,,
HILn_QI111,squared_exponential,time_from_max,-4.8,0.0,squared_exponential:time_from_max,1.0,1.0,-4.804453263302548,6.450048099057639e-09,10.0
HILn_QI111,lin,time_from_max,-1.0,0.0,lin:time_from_max,1.0,1.0,-0.9675255462798305,2.3152600296604462e-08,10.0
HILn_QI112,categorical,participant_id,32.8,0.538,categorical:participant_id,,,,,
HILn_QI112,categorical,site_name,-1.0,0.0,categorical:site_name,,,,,
HILn_QI112,categorical,race,-2.0,0.0,categorical:race,,,,,
HILn_QI112,categorical,sex,-1.0,0.0,categorical:sex,,,,,
HILn_QI112,categorical,general_wellbeing,-1.0,0.0,categorical:general_wellbeing,,,,,
HILn_QI112,squared_exponential,hbi,-4.8,0.0,squared_exponential:hbi,0.5,1.0,-4.804454787990153,3.693996498618816e-05,60.0
HILn_QI112,lin,hbi,25.3,0.157,lin:hbi,5.104645227160809e-05,0.0003998638761275,-0.9675271614064512,2.683712226713052,60.0
HILn_QI112,squared_exponential,study_days,-4.8,0.0,squared_exponential:study_days,,,,,
HILn_QI112,lin,study_days,-1.0,0.0,lin:study_days,,,,,
HILn_QI112,squared_exponential,age,-4.8,0.0,squared_exponential:age,,,,,
HILn_QI112,lin,age,-1.0,0.0,lin:age,,,,,
HILn_QI112,squared_exponential,time_from_max,-4.8,0.0,squared_exponential:time_from_max,1.0,1.0,-4.804466742318027,2.205696141411025e-07,10.0
HILn_QI112,lin,time_from_max,-1.0,0.0,lin:time_from_max,1.0,1.0,-0.9675294954388391,1.8068140595024094e-07,10.0
HILn_TF16,categorical,participant_id,-1.0,0.0,categorical:participant_id,,,,,
HILn_TF16,categorical,site_name,-1.0,0.0,categorical:site_name,,,,,
HILn_TF16,categorical,race,-1.0,0.0,categorical:race,,,,,
HILn_TF16,categorical,sex,1.6,0.666,categorical:sex,,,,,
HILn_TF16,categorical,general_wellbeing,-1.0,0.0,categorical:general_wellbeing,,,,,
HILn_TF16,squared_exponential,hbi,-4.8,0.0,squared_exponential:hbi,0.5,1.0,-4.804454121449453,2.231465442395173e-06,60.0
HILn_TF16,lin,hbi,0.4,0.433,lin:hbi,0.0171609436036381,0.076815652321047,-0.9678149836172452,0.4460411123155242,60.0
HILn_TF16,squared_exponential,study_days,-4.8,0.0,squared_exponential:study_days,,,,,
HILn_TF16,lin,study_days,-1.0,0.0,lin:study_days,,,,,
HILn_TF16,squared_exponential,age,-4.8,0.0,squared_exponential:age,,,,,
HILn_TF16,lin,age,-1.0,0.0,lin:age,,,,,
HILn_TF16,squared_exponential,time_from_max,-4.8,0.0,squared_exponential:time_from_max,0.5,1.0,-4.80445348843341,1.6890597057549991e-06,120.0
HILn_TF16,lin,time_from_max,-1.0,0.0,lin:time_from_max,0.5,1.0,-0.9675266155709324,1.140958483918795e-06,120.0
HILn_QI114,categorical,participant_id,30.9,0.778,categorical:participant_id,,,,,
HILn_QI114,categorical,site_name,-1.0,0.0,categorical:site_name,,,,,
HILn_QI114,categorical,race,-1.0,0.0,categorical:race,,,,,
HILn_QI114,categorical,sex,-1.0,0.0,categorical:sex,,,,,
HILn_QI114,categorical,general_wellbeing,-1.0,0.0,categorical:general_wellbeing,,,,,
HILn_QI114,squared_exponential,hbi,-4.8,0.0,squared_exponential:hbi,0.5,1.0,-4.804455657768585,1.1771648769396186e-05,60.0
HILn_QI114,lin,hbi,13.0,0.163,lin:hbi,5.104645227160809e-05,0.0003998638761275,-0.9678061277509188,0.4585115381853344,60.0
HILn_QI114,squared_exponential,study_days,-4.8,0.0,squared_exponential:study_days,,,,,
HILn_QI114,lin,study_days,-1.0,0.0,lin:study_days,,,,,
HILn_QI114,squared_exponential,age,-4.8,0.0,squared_exponential:age,,,,,
HILn_QI114,lin,age,0.6,0.0,lin:age,,,,,
HILn_QI114,squared_exponential,time_from_max,-4.8,0.0,squared_exponential:time_from_max,1.0,1.0,-4.804454211468055,1.0770822651315033e-07,10.0
HILn_QI114,lin,time_from_max,-1.0,0.0,lin:time_from_max,1.0,1.0,-0.9675342553375684,1.1304921420072742e-07,10.0
HILn_TF17,categorical,participant_id,26.9,0.918,categorical:participant_id,,,,,
HILn_TF17,categorical,site_name,-1.0,0.0,categorical:site_name,,,,,
HILn_TF17,categorical,race,-1.0,0.0,categorical:race,,,,,
HILn_TF17,categorical,sex,-1.0,0.0,categorical:sex,,,,,
HILn_TF17,categorical,general_wellbeing,-1.0,0.0,categorical:general_wellbeing,,,,,
HILn_TF17,squared_exponential,hbi,-4.8,0.0,squared_exponential:hbi,0.5,1.0,-4.804456060270695,1.2786120208847934e-05,60.0
HILn_TF17,lin,hbi,-1.6,0.025,lin:hbi,0.5,1.0,-0.96759019939077,0.2415177692155198,60.0
HILn_TF17,squared_exponential,study_days,-4.8,0.0,squared_exponential:study_days,,,,,
HILn_TF17,lin,study_days,-1.0,0.0,lin:study_days,,,,,
HILn_TF17,squared_exponential,age,-4.8,0.0,squared_exponential:age,,,,,
HILn_TF17,lin,age,-1.0,0.0,lin:age,,,,,
HILn_TF17,squared_exponential,time_from_max,-4.8,0.0,squared_exponential:time_from_max,1.0,1.0,-4.804459009249285,8.603920268071696e-07,10.0
HILn_TF17,lin,time_from_max,-1.0,0.0,lin:time_from_max,1.0,1.0,-0.9675254574783594,2.088556009599342e-08,10.0
HILn_QI116,categorical,participant_id,-1.0,0.0,categorical:participant_id,,,,,
HILn_QI116,categorical,site_name,-1.0,0.0,categorical:site_name,,,,,
HILn_QI116,categorical,race,-1.0,0.0,categorical:race,,,,,
HILn_QI116,categorical,sex,-1.0,0.0,categorical:sex,,,,,
HILn_QI116,categorical,general_wellbeing,-1.0,0.0,categorical:general_wellbeing,,,,,
HILn_QI116,squared_exponential,hbi,-4.8,0.0,squared_exponential:hbi,0.5,1.0,-4.804453897827216,2.0820927564613224e-06,60.0
HILn_QI116,lin,hbi,-0.3,0.538,lin:hbi,0.0569230769230768,0.207126550868486,-0.9677647396788416,0.4573770149354606,60.0
HILn_QI116,squared_exponential,study_days,-4.8,0.0,squared_exponential:study_days,,,,,
HILn_QI116,lin,study_days,-1.6,0.306,lin:study_days,,,,,
HILn_QI116,squared_exponential,age,-4.8,0.0,squared_exponential:age,,,,,
HILn_QI116,lin,age,-1.0,0.0,lin:age,,,,,
HILn_QI116,squared_exponential,time_from_max,-4.8,0.0,squared_exponential:time_from_max,1.0,1.0,-4.804465246814061,1.388306156067357e-07,10.0
HILn_QI116,lin,time_from_max,-1.0,0.0,lin:time_from_max,1.0,1.0,-0.9675309866852332,1.597665450602661e-07,10.0
HILn_QI119,categorical,participant_id,-1.0,0.0,categorical:participant_id,,,,,
HILn_QI119,categorical,site_name,-0.0,0.239,categorical:site_name,,,,,
HILn_QI119,categorical,race,-1.0,0.0,categorical:race,,,,,
HILn_QI119,categorical,sex,-1.0,0.0,categorical:sex,,,,,
HILn_QI119,categorical,general_wellbeing,-1.0,0.0,categorical:general_wellbeing,,,,,
HILn_QI119,squared_exponential,hbi,-4.8,0.0,squared_exponential:hbi,0.5,1.0,-4.804454827597738,1.919385228246424e-05,60.0
HILn_QI119,lin,hbi,-1.8,0.038,lin:hbi,0.5,1.0,-0.9676954219103208,0.3278260327254632,60.0
HILn_QI119,squared_exponential,study_days,-4.8,0.0,squared_exponential:study_days,,,,,
HILn_QI119,lin,study_days,-1.0,0.0,lin:study_days,,,,,
HILn_QI119,squared_exponential,age,-4.1,0.192,squared_exponential:age,,,,,
HILn_QI119,lin,age,-1.0,0.0,lin:age,,,,,
HILn_QI119,squared_exponential,time_from_max,-4.8,0.0,squared_exponential:time_from_max,1.0,1.0,-4.804452335412861,1.2828311890323449e-08,10.0
HILn_QI119,lin,time_from_max,-1.0,0.0,lin:time_from_max,1.0,1.0,-0.9675253032887668,1.3448349133355982e-08,10.0
HILn_QI120,categorical,participant_id,42.4,0.92,categorical:participant_id,,,,,
HILn_QI120,categorical,site_name,-1.0,0.0,categorical:site_name,,,,,
HILn_QI120,categorical,race,-1.0,0.0,categorical:race,,,,,
HILn_QI120,categorical,sex,-1.0,0.0,categorical:sex,,,,,
HILn_QI120,categorical,general_wellbeing,-1.0,0.0,categorical:general_wellbeing,,,,,
HILn_QI120,squared_exponential,hbi,-4.8,0.0,squared_exponential:hbi,0.5,1.0,-4.804453762148796,6.816763734309866e-06,60.0
HILn_QI120,lin,hbi,7.7,0.092,lin:hbi,5.104645227160809e-05,0.0003998638761275,-0.967680548997123,0.5406602340618831,60.0
HILn_QI120,squared_exponential,study_days,-4.8,0.0,squared_exponential:study_days,,,,,
HILn_QI120,lin,study_days,-1.0,0.0,lin:study_days,,,,,
HILn_QI120,squared_exponential,age,-4.8,0.0,squared_exponential:age,,,,,
HILn_QI120,lin,age,-1.0,0.0,lin:age,,,,,
HILn_QI120,squared_exponential,time_from_max,-4.8,0.0,squared_exponential:time_from_max,1.0,1.0,-4.804453999608768,3.6769584928507886e-08,10.0
HILn_QI120,lin,time_from_max,-1.0,0.0,lin:time_from_max,1.0,1.0,-0.9675273399955132,6.39951160313604e-08,10.0
HILn_QI121,categorical,participant_id,-1.0,0.0,categorical:participant_id,,,,,
HILn_QI121,categorical,site_name,-1.0,0.0,categorical:site_name,,,,,
HILn_QI121,categorical,race,-1.0,0.0,categorical:race,,,,,
HILn_QI121,categorical,sex,-1.0,0.0,categorical:sex,,,,,
HILn_QI121,categorical,general_wellbeing,-1.0,0.0,categorical:general_wellbeing,,,,,
HILn_QI121,squared_exponential,hbi,-4.8,0.0,squared_exponential:hbi,1.0,1.0,-4.804453326253224,4.9531366269171876e-08,10.0
HILn_QI121,lin,hbi,-1.0,0.0,lin:hbi,1.0,1.0,-0.9675258371403288,5.75655951773896e-08,10.0
HILn_QI121,squared_exponential,study_days,-4.8,0.0,squared_exponential:study_days,,,,,
HILn_QI121,lin,study_days,1.5,0.184,lin:study_days,,,,,
HILn_QI121,squared_exponential,age,-1.8,0.562,squared_exponential:age,,,,,
HILn_QI121,lin,age,-1.0,0.0,lin:age,,,,,
HILn_QI121,squared_exponential,time_from_max,-3.7,0.172,squared_exponential:time_from_max,0.02,1.0,-4.805671990441169,0.5188158354332003,120.0
HILn_QI121,lin,time_from_max,-1.0,0.0,lin:time_from_max,0.5,1.0,-0.9675283437793496,3.907981868130288e-05,120.0
HILn_QI123,categorical,participant_id,38.0,0.946,categorical:participant_id,,,,,
HILn_QI123,categorical,site_name,-1.0,0.0,categorical:site_name,,,,,
HILn_QI123,categorical,race,-1.0,0.0,categorical:race,,,,,
HILn_QI123,categorical,sex,-1.0,0.0,categorical:sex,,,,,
HILn_QI123,categorical,general_wellbeing,-1.0,0.0,categorical:general_wellbeing,,,,,
HILn_QI123,squared_exponential,hbi,-4.8,0.0,squared_exponential:hbi,0.5,1.0,-4.804454814563314,4.841066561036356e-06,60.0
HILn_QI123,lin,hbi,0.6,0.03,lin:hbi,0.0079817295124312,0.0412999582111121,-0.9676581309174708,0.3694235233608953,60.0
HILn_QI123,squared_exponential,study_days,-4.8,0.0,squared_exponential:study_days,,,,,
HILn_QI123,lin,study_days,-1.0,0.0,lin:study_days,,,,,
HILn_QI123,squared_exponential,age,-4.8,0.0,squared_exponential:age,,,,,
HILn_QI123,lin,age,-1.0,0.0,lin:age,,,,,
HILn_QI123,squared_exponential,time_from_max,-4.8,0.0,squared_exponential:time_from_max,1.0,1.0,-4.804453418856383,7.842302242997232e-08,10.0
HILn_QI123,lin,time_from_max,-1.0,0.0,lin:time_from_max,1.0,1.0,-0.967568977593828,5.868569352083972e-08,10.0
HILn_QI124,categorical,participant_id,-1.0,0.0,categorical:participant_id,,,,,
HILn_QI124,categorical,site_name,-0.4,0.285,categorical:site_name,,,,,
HILn_QI124,categorical,race,-1.0,0.0,categorical:race,,,,,
HILn_QI124,categorical,sex,-1.0,0.0,categorical:sex,,,,,
HILn_QI124,categorical,general_wellbeing,-1.0,0.0,categorical:general_wellbeing,,,,,
HILn_QI124,squared_exponential,hbi,-4.6,0.121,squared_exponential:hbi,0.1799999999999999,1.0,-4.805463706734372,0.4434184620502435,60.0
HILn_QI124,lin,hbi,-1.0,0.0,lin:hbi,0.5,1.0,-0.96773264123658,1.3513098980398214e-05,60.0
HILn_QI124,squared_exponential,study_days,-4.8,0.0,squared_exponential:study_days,,,,,
HILn_QI124,lin,study_days,-1.0,0.0,lin:study_days,,,,,
HILn_QI124,squared_exponential,age,-2.5,0.475,squared_exponential:age,,,,,
HILn_QI124,lin,age,-1.0,0.0,lin:age,,,,,
HILn_QI124,squared_exponential,time_from_max,-4.8,0.0,squared_exponential:time_from_max,1.0,1.0,-4.8046623855395865,1.3010400092325698e-07,10.0
HILn_QI124,lin,time_from_max,-1.0,0.0,lin:time_from_max,1.0,1.0,-0.9677631285721872,1.1943625230913553e-07,10.0
HILn_QI126,categorical,participant_id,-1.0,0.0,categorical:participant_id,,,,,
HILn_QI126,categorical,site_name,-1.0,0.0,categorical:site_name,,,,,
HILn_QI126,categorical,race,-1.0,0.0,categorical:race,,,,,
HILn_QI126,categorical,sex,-1.0,0.0,categorical:sex,,,,,
HILn_QI126,categorical,general_wellbeing,-1.0,0.0,categorical:general_wellbeing,,,,,
HILn_QI126,squared_exponential,hbi,-4.8,0.0,squared_exponential:hbi,0.5,1.0,-4.804452160122082,5.6519220849060365e-05,60.0
HILn_QI126,lin,hbi,-1.8,1.0,lin:hbi,0.5,1.0,-0.9675412202827828,0.3007520227256194,60.0
HILn_QI126,squared_exponential,study_days,-4.8,0.0,squared_exponential:study_days,,,,,
HILn_QI126,lin,study_days,-1.0,0.0,lin:study_days,,,,,
HILn_QI126,squared_exponential,age,-4.8,0.0,squared_exponential:age,,,,,
HILn_QI126,lin,age,-1.0,0.0,lin:age,,,,,
HILn_QI126,squared_exponential,time_from_max,-4.8,0.0,squared_exponential:time_from_max,1.0,1.0,-4.804451943268532,1.376227643077339e-07,10.0
HILn_QI126,lin,time_from_max,-1.0,0.0,lin:time_from_max,1.0,1.0,-0.9675250750792658,1.4512423768326538e-07,10.0
HILn_TF18,categorical,participant_id,-1.0,0.0,categorical:participant_id,,,,,
HILn_TF18,categorical,site_name,-1.0,0.0,categorical:site_name,,,,,
HILn_TF18,categorical,race,-1.5,0.053,categorical:race,,,,,
HILn_TF18,categorical,sex,-1.0,0.0,categorical:sex,,,,,
HILn_TF18,categorical,general_wellbeing,-1.7,0.062,categorical:general_wellbeing,,,,,
HILn_TF18,squared_exponential,hbi,-4.8,0.0,squared_exponential:hbi,0.5,1.0,-4.804459521528315,2.6579704447311896e-05,60.0
HILn_TF18,lin,hbi,6.7,0.409,lin:hbi,0.0068487005011163,0.0364402554965056,-0.9675299138675656,1.6468366694431715,60.0
HILn_TF18,squared_exponential,study_days,-5.9,0.039,squared_exponential:study_days,,,,,
HILn_TF18,lin,study_days,-1.0,0.0,lin:study_days,,,,,
HILn_TF18,squared_exponential,age,-4.8,0.0,squared_exponential:age,,,,,
HILn_TF18,lin,age,1.9,0.239,lin:age,,,,,
HILn_TF18,squared_exponential,time_from_max,-7.5,0.165,squared_exponential:time_from_max,0.5,1.0,-4.804481081775066,1.2193861423648993,120.0
HILn_TF18,lin,time_from_max,-1.0,0.0,lin:time_from_max,0.5,1.0,-0.967531514566872,3.6663268783573365e-05,120.0
HILn_QI128,categorical,participant_id,-1.0,0.0,categorical:participant_id,,,,,
HILn_QI128,categorical,site_name,-2.7,0.816,categorical:site_name,,,,,
HILn_QI128,categorical,race,-1.6,0.284,categorical:race,,,,,
HILn_QI128,categorical,sex,-2.4,0.792,categorical:sex,,,,,
HILn_QI128,categorical,general_wellbeing,-1.0,0.0,categorical:general_wellbeing,,,,,
HILn_QI128,squared_exponential,hbi,-4.8,0.0,squared_exponential:hbi,1.0,1.0,-4.804463500807515,2.461436306855637e-07,10.0
HILn_QI128,lin,hbi,-1.0,0.0,lin:hbi,1.0,1.0,-0.9675295501874644,9.096742148027144e-08,10.0
HILn_QI128,squared_exponential,study_days,-4.8,0.0,squared_exponential:study_days,,,,,
HILn_QI128,lin,study_days,-1.0,0.0,lin:study_days,,,,,
HILn_QI128,squared_exponential,age,-4.8,0.0,squared_exponential:age,,,,,
HILn_QI128,lin,age,-1.0,0.0,lin:age,,,,,
HILn_QI128,squared_exponential,time_from_max,-5.3,0.35,squared_exponential:time_from_max,0.5,1.0,-4.804461348820951,0.4058343817593897,120.0
HILn_QI128,lin,time_from_max,-1.0,0.0,lin:time_from_max,0.5,1.0,-0.967526929938458,6.516424428292608e-06,120.0
HILn_QI22769,categorical,participant_id,-1.0,0.0,categorical:participant_id,,,,,
HILn_QI22769,categorical,site_name,-1.0,0.0,categorical:site_name,,,,,
HILn_QI22769,categorical,race,-1.0,0.0,categorical:race,,,,,
HILn_QI22769,categorical,sex,-1.0,0.0,categorical:sex,,,,,
HILn_QI22769,categorical,general_wellbeing,-1.0,0.0,categorical:general_wellbeing,,,,,
HILn_QI22769,squared_exponential,hbi,-4.8,0.0,squared_exponential:hbi,1.0,1.0,-4.80445946928603,6.789586283738718e-07,10.0
HILn_QI22769,lin,hbi,-1.0,0.0,lin:hbi,1.0,1.0,-0.967526629657641,5.66809249093513e-07,10.0
HILn_QI22769,squared_exponential,study_days,-4.8,0.0,squared_exponential:study_days,,,,,
HILn_QI22769,lin,study_days,-1.0,0.0,lin:study_days,,,,,
HILn_QI22769,squared_exponential,age,-4.8,0.0,squared_exponential:age,,,,,
HILn_QI22769,lin,age,-1.6,1.0,lin:age,,,,,
HILn_QI22769,squared_exponential,time_from_max,-4.8,0.0,squared_exponential:time_from_max,1.0,1.0,-4.804453820530625,4.371444504346639e-07,10.0
HILn_QI22769,lin,time_from_max,-1.0,0.0,lin:time_from_max,1.0,1.0,-0.9677030182026556,5.440490366835794e-07,10.0
HILn_QI130,categorical,participant_id,-1.0,0.0,categorical:participant_id,,,,,
HILn_QI130,categorical,site_name,-1.0,0.0,categorical:site_name,,,,,
HILn_QI130,categorical,race,-1.0,0.0,categorical:race,,,,,
HILn_QI130,categorical,sex,-1.0,0.0,categorical:sex,,,,,
HILn_QI130,categorical,general_wellbeing,-1.0,0.0,categorical:general_wellbeing,,,,,
HILn_QI130,squared_exponential,hbi,-4.8,0.0,squared_exponential:hbi,1.0,1.0,-4.804813661397475,2.2303400972441362e-07,10.0
HILn_QI130,lin,hbi,-1.0,0.0,lin:hbi,1.0,1.0,-0.9675285814432756,2.1650870677906606e-07,10.0
HILn_QI130,squared_exponential,study_days,-4.8,0.0,squared_exponential:study_days,,,,,
HILn_QI130,lin,study_days,-1.0,0.0,lin:study_days,,,,,
HILn_QI130,squared_exponential,age,-4.8,0.0,squared_exponential:age,,,,,
HILn_QI130,lin,age,1.8,1.0,lin:age,,,,,
HILn_QI130,squared_exponential,time_from_max,-4.8,0.0,squared_exponential:time_from_max,1.0,1.0,-4.804479357449509,2.4727844000608575e-07,10.0
HILn_QI130,lin,time_from_max,-1.0,0.0,lin:time_from_max,1.0,1.0,-0.9675287156719604,2.2175018987940425e-07,10.0
HILn_TF19,categorical,participant_id,-1.0,0.71,categorical:participant_id,,,,,
HILn_TF19,categorical,site_name,-1.0,0.714,categorical:site_name,,,,,
HILn_TF19,categorical,race,-1.0,0.719,categorical:race,,,,,
HILn_TF19,categorical,sex,-1.0,0.72,categorical:sex,,,,,
HILn_TF19,categorical,general_wellbeing,-1.0,0.719,categorical:general_wellbeing,,,,,
HILn_TF19,squared_exponential,hbi,-4.8,0.615,squared_exponential:hbi,1.0,1.0,-4.804456356137052,5.3182769359099575e-08,10.0
HILn_TF19,lin,hbi,-1.0,0.731,lin:hbi,1.0,1.0,-0.9675250329889876,2.637838779918524e-08,10.0
HILn_TF19,squared_exponential,study_days,-4.8,0.605,squared_exponential:study_days,,,,,
HILn_TF19,lin,study_days,-1.0,0.717,lin:study_days,,,,,
HILn_TF19,squared_exponential,age,-4.8,0.658,squared_exponential:age,,,,,
HILn_TF19,lin,age,-1.0,0.728,lin:age,,,,,
HILn_TF19,squared_exponential,time_from_max,-4.8,0.263,squared_exponential:time_from_max,1.0,1.0,-4.804452839665373,1.8910000470690054e-07,10.0
HILn_TF19,lin,time_from_max,-1.0,0.708,lin:time_from_max,1.0,1.0,-0.9675253214661552,2.3992426907856065e-08,10.0
HILn_QI132,categorical,participant_id,-1.0,0.0,categorical:participant_id,,,,,
HILn_QI132,categorical,site_name,0.4,0.287,categorical:site_name,,,,,
HILn_QI132,categorical,race,1.2,0.323,categorical:race,,,,,
HILn_QI132,categorical,sex,-1.2,0.114,categorical:sex,,,,,
HILn_QI132,categorical,general_wellbeing,-1.0,0.0,categorical:general_wellbeing,,,,,
HILn_QI132,squared_exponential,hbi,-4.8,0.0,squared_exponential:hbi,0.5,1.0,-4.804454004458421,3.367441874125069e-05,60.0
HILn_QI132,lin,hbi,0.3,0.187,lin:hbi,5.104645227160809e-05,0.0003998638761275,-0.9679734659762288,0.147843511813693,60.0
HILn_QI132,squared_exponential,study_days,-4.8,0.0,squared_exponential:study_days,,,,,
HILn_QI132,lin,study_days,-1.0,0.0,lin:study_days,,,,,
HILn_QI132,squared_exponential,age,-4.8,0.0,squared_exponential:age,,,,,
HILn_QI132,lin,age,-1.4,0.042,lin:age,,,,,
HILn_QI132,squared_exponential,time_from_max,-4.8,0.0,squared_exponential:time_from_max,1.0,1.0,-4.804453622891515,6.571352650725046e-08,10.0
HILn_QI132,lin,time_from_max,-1.0,0.0,lin:time_from_max,1.0,1.0,-0.9675263595456728,5.4160575707744736e-08,10.0
HILp_QI715,categorical,participant_id,-1.0,0.0,categorical:participant_id,,,,,
HILp_QI715,categorical,site_name,-1.0,0.0,categorical:site_name,,,,,
HILp_QI715,categorical,race,-1.0,0.0,categorical:race,,,,,
HILp_QI715,categorical,sex,-1.0,0.0,categorical:sex,,,,,
HILp_QI715,categorical,general_wellbeing,-1.0,0.0,categorical:general_wellbeing,,,,,
HILp_QI715,squared_exponential,hbi,-3.3,0.169,squared_exponential:hbi,0.0108411329231711,1.0,-4.804971367950884,0.527567403438816,60.0
HILp_QI715,lin,hbi,-1.0,0.0,lin:hbi,0.5,1.0,-0.9678369704515716,6.66280449692497e-06,60.0
HILp_QI715,squared_exponential,study_days,-4.8,0.0,squared_exponential:study_days,,,,,
HILp_QI715,lin,study_days,-1.0,0.0,lin:study_days,,,,,
HILp_QI715,squared_exponential,age,-4.8,0.0,squared_exponential:age,,,,,
HILp_QI715,lin,age,35.0,0.89,lin:age,,,,,
HILp_QI715,squared_exponential,time_from_max,-4.8,0.0,squared_exponential:time_from_max,1.0,1.0,-4.80447739458441,3.3644435337249275e-08,10.0
HILp_QI715,lin,time_from_max,-1.0,0.0,lin:time_from_max,1.0,1.0,-0.9675263329818335,3.323036508788409e-08,10.0
HILp_QI19549,categorical,participant_id,-1.0,0.0,categorical:participant_id,,,,,
HILp_QI19549,categorical,site_name,-0.2,0.319,categorical:site_name,,,,,
HILp_QI19549,categorical,race,-1.0,0.0,categorical:race,,,,,
HILp_QI19549,categorical,sex,-1.7,0.181,categorical:sex,,,,,
HILp_QI19549,categorical,general_wellbeing,-1.0,0.0,categorical:general_wellbeing,,,,,
HILp_QI19549,squared_exponential,hbi,-4.4,0.568,squared_exponential:hbi,0.0569230769230768,1.0,-4.804455957920254,0.175556228098583,60.0
HILp_QI19549,lin,hbi,-1.0,0.0,lin:hbi,0.5,1.0,-0.9675265110422516,1.1913235706533824e-05,60.0
HILp_QI19549,squared_exponential,study_days,-4.8,0.0,squared_exponential:study_days,,,,,
HILp_QI19549,lin,study_days,-1.0,0.0,lin:study_days,,,,,
HILp_QI19549,squared_exponential,age,-4.8,0.0,squared_exponential:age,,,,,
HILp_QI19549,lin,age,-1.0,0.0,lin:age,,,,,
HILp_QI19549,squared_exponential,time_from_max,-4.8,0.0,squared_exponential:time_from_max,0.5,1.0,-4.804454222520008,9.038980789258558e-06,120.0
HILp_QI19549,lin,time_from_max,-1.6,0.131,lin:time_from_max,0.5,1.0,-0.9683300830747612,0.4175813277502671,120.0
HILp_TF11,categorical,participant_id,-1.0,0.0,categorical:participant_id,,,,,
HILp_TF11,categorical,site_name,-1.0,0.0,categorical:site_name,,,,,
HILp_TF11,categorical,race,-1.0,0.0,categorical:race,,,,,
HILp_TF11,categorical,sex,-1.0,0.0,categorical:sex,,,,,
HILp_TF11,categorical,general_wellbeing,-1.0,0.0,categorical:general_wellbeing,,,,,
HILp_TF11,squared_exponential,hbi,-4.8,0.0,squared_exponential:hbi,1.0,1.0,-4.804461472309413,8.267295629016363e-08,10.0
HILp_TF11,lin,hbi,-1.0,0.0,lin:hbi,1.0,1.0,-0.9677086153383244,1.8607585260910962e-07,10.0
HILp_TF11,squared_exponential,study_days,-4.8,0.0,squared_exponential:study_days,,,,,
HILp_TF11,lin,study_days,-1.0,0.0,lin:study_days,,,,,
HILp_TF11,squared_exponential,age,-4.8,0.0,squared_exponential:age,,,,,
HILp_TF11,lin,age,-0.5,1.0,lin:age,,,,,
HILp_TF11,squared_exponential,time_from_max,-4.8,0.0,squared_exponential:time_from_max,1.0,1.0,-4.8044599314685,7.058970319433821e-07,10.0
HILp_TF11,lin,time_from_max,-1.0,0.0,lin:time_from_max,1.0,1.0,-0.9675282938028432,2.951719472256768e-07,10.0
HILp_QI3107,categorical,participant_id,19.1,0.919,categorical:participant_id,,,,,
HILp_QI3107,categorical,site_name,-1.0,0.0,categorical:site_name,,,,,
HILp_QI3107,categorical,race,-1.0,0.0,categorical:race,,,,,
HILp_QI3107,categorical,sex,-1.0,0.0,categorical:sex,,,,,
HILp_QI3107,categorical,general_wellbeing,-1.0,0.0,categorical:general_wellbeing,,,,,
HILp_QI3107,squared_exponential,hbi,-4.8,0.0,squared_exponential:hbi,0.5,1.0,-4.804971078085146,2.323014320874753e-05,60.0
HILp_QI3107,lin,hbi,-1.2,0.026,lin:hbi,0.5,1.0,-0.9686681831897204,0.3876092103313333,60.0
HILp_QI3107,squared_exponential,study_days,-4.8,0.0,squared_exponential:study_days,,,,,
HILp_QI3107,lin,study_days,-2.0,0.009,lin:study_days,,,,,
HILp_QI3107,squared_exponential,age,-4.8,0.0,squared_exponential:age,,,,,
HILp_QI3107,lin,age,-0.1,0.002,lin:age,,,,,
HILp_QI3107,squared_exponential,time_from_max,-4.8,0.0,squared_exponential:time_from_max,1.0,1.0,-4.804456200487948,1.5093805236764202e-09,10.0
HILp_QI3107,lin,time_from_max,-1.0,0.0,lin:time_from_max,1.0,1.0,-0.9675408719242568,1.1370992720895753e-08,10.0
HILp_QI1303,categorical,participant_id,-1.0,0.0,categorical:participant_id,,,,,
HILp_QI1303,categorical,site_name,11.0,1.0,categorical:site_name,,,,,
HILp_QI1303,categorical,race,-1.0,0.0,categorical:race,,,,,
HILp_QI1303,categorical,sex,-1.4,0.113,categorical:sex,,,,,
HILp_QI1303,categorical,general_wellbeing,-1.0,0.0,categorical:general_wellbeing,,,,,
HILp_QI1303,squared_exponential,hbi,-4.8,0.0,squared_exponential:hbi,1.0,1.0,-4.804454363938476,4.452682798829511e-07,10.0
HILp_QI1303,lin,hbi,-1.0,0.0,lin:hbi,1.0,1.0,-0.9675809615309844,5.678781554449977e-07,10.0
HILp_QI1303,squared_exponential,study_days,-4.8,0.0,squared_exponential:study_days,,,,,
HILp_QI1303,lin,study_days,-1.0,0.0,lin:study_days,,,,,
HILp_QI1303,squared_exponential,age,-4.8,0.0,squared_exponential:age,,,,,
HILp_QI1303,lin,age,-1.0,0.0,lin:age,,,,,
HILp_QI1303,squared_exponential,time_from_max,-4.8,0.0,squared_exponential:time_from_max,1.0,1.0,-4.804453946364447,4.253205820620834e-07,10.0
HILp_QI1303,lin,time_from_max,-1.0,0.0,lin:time_from_max,1.0,1.0,-0.9675274271426132,4.641261594706399e-07,10.0
HILp_QI7107,categorical,participant_id,-1.0,0.0,categorical:participant_id,,,,,
HILp_QI7107,categorical,site_name,0.5,1.0,categorical:site_name,,,,,
HILp_QI7107,categorical,race,-1.0,0.0,categorical:race,,,,,
HILp_QI7107,categorical,sex,-1.0,0.0,categorical:sex,,,,,
HILp_QI7107,categorical,general_wellbeing,-1.0,0.0,categorical:general_wellbeing,,,,,
HILp_QI7107,squared_exponential,hbi,-4.8,0.0,squared_exponential:hbi,1.0,1.0,-4.80445381474442,5.99562082820005e-08,10.0
HILp_QI7107,lin,hbi,-1.0,0.0,lin:hbi,1.0,1.0,-0.9675267782329228,8.092142301007957e-08,10.0
HILp_QI7107,squared_exponential,study_days,-4.8,0.0,squared_exponential:study_days,,,,,
HILp_QI7107,lin,study_days,-1.0,0.0,lin:study_days,,,,,
HILp_QI7107,squared_exponential,age,-4.8,0.0,squared_exponential:age,,,,,
HILp_QI7107,lin,age,-1.0,0.0,lin:age,,,,,
HILp_QI7107,squared_exponential,time_from_max,-4.8,0.0,squared_exponential:time_from_max,1.0,1.0,-4.80447525173372,5.8176920067541454e-08,10.0
HILp_QI7107,lin,time_from_max,-1.0,0.0,lin:time_from_max,1.0,1.0,-0.967526720794922,6.58622846163427e-08,10.0
HILp_QI4902,categorical,participant_id,-1.0,1.0,categorical:participant_id,,,,,
HILp_QI4902,categorical,site_name,-1.0,1.0,categorical:site_name,,,,,
HILp_QI4902,categorical,race,-1.0,1.0,categorical:race,,,,,
HILp_QI4902,categorical,sex,-1.0,1.0,categorical:sex,,,,,
HILp_QI4902,categorical,general_wellbeing,-1.0,1.0,categorical:general_wellbeing,,,,,
HILp_QI4902,squared_exponential,hbi,-4.8,0.955,squared_exponential:hbi,0.5,1.0,-4.804454475727198,1.1302236642041844e-06,60.0
HILp_QI4902,lin,hbi,-1.0,1.0,lin:hbi,1.0,1.0,-0.9675994026133594,7.682713949483685e-07,60.0
HILp_QI4902,squared_exponential,study_days,-4.8,0.535,squared_exponential:study_days,,,,,
HILp_QI4902,lin,study_days,-1.0,1.0,lin:study_days,,,,,
HILp_QI4902,squared_exponential,age,-4.8,1.0,squared_exponential:age,,,,,
HILp_QI4902,lin,age,-1.0,1.0,lin:age,,,,,
HILp_QI4902,squared_exponential,time_from_max,-4.8,1.0,squared_exponential:time_from_max,0.5,1.0,-4.804454609743971,1.612516799528019e-06,120.0
HILp_QI4902,lin,time_from_max,-1.0,0.515,lin:time_from_max,0.5,1.0,-0.967526765990442,1.3384994047394366e-06,120.0
HILp_QI29,categorical,participant_id,59.0,0.893,categorical:participant_id,,,,,
HILp_QI29,categorical,site_name,-1.0,0.0,categorical:site_name,,,,,
HILp_QI29,categorical,race,-1.0,0.0,categorical:race,,,,,
HILp_QI29,categorical,sex,-1.0,0.0,categorical:sex,,,,,
HILp_QI29,categorical,general_wellbeing,-1.3,0.026,categorical:general_wellbeing,,,,,
HILp_QI29,squared_exponential,hbi,-4.8,0.0,squared_exponential:hbi,0.5,1.0,-4.804454255388464,8.435733109541413e-06,60.0
HILp_QI29,lin,hbi,3.3,0.069,lin:hbi,5.104645227160809e-05,0.0003998638761275,-0.967528767963131,0.4129385811327331,60.0
HILp_QI29,squared_exponential,study_days,-4.8,0.0,squared_exponential:study_days,,,,,
HILp_QI29,lin,study_days,-1.0,0.0,lin:study_days,,,,,
HILp_QI29,squared_exponential,age,-4.8,0.0,squared_exponential:age,,,,,
HILp_QI29,lin,age,-1.0,0.0,lin:age,,,,,
HILp_QI29,squared_exponential,time_from_max,-4.8,0.0,squared_exponential:time_from_max,1.0,1.0,-4.804453493187111,2.1946031043093608e-09,10.0
HILp_QI29,lin,time_from_max,-1.0,0.0,lin:time_from_max,1.0,1.0,-0.967526079516574,7.067212909907327e-09,10.0
HILp_QI168,categorical,participant_id,-1.0,0.0,categorical:participant_id,,,,,
HILp_QI168,categorical,site_name,-0.4,0.306,categorical:site_name,,,,,
HILp_QI168,categorical,race,-1.0,0.0,categorical:race,,,,,
HILp_QI168,categorical,sex,-0.5,0.145,categorical:sex,,,,,
HILp_QI168,categorical,general_wellbeing,-1.0,0.0,categorical:general_wellbeing,,,,,
HILp_QI168,squared_exponential,hbi,-4.8,0.0,squared_exponential:hbi,0.5,1.0,-4.804453227644444,1.0622404773712902e-05,60.0
HILp_QI168,lin,hbi,6.0,0.604,lin:hbi,0.0008030905812286,0.0056617885976618,-0.967557331819762,1.0459920149257995,60.0
HILp_QI168,squared_exponential,study_days,-4.8,0.0,squared_exponential:study_days,,,,,
HILp_QI168,lin,study_days,-0.6,0.162,lin:study_days,,,,,
HILp_QI168,squared_exponential,age,-4.8,0.0,squared_exponential:age,,,,,
HILp_QI168,lin,age,-1.0,0.0,lin:age,,,,,
HILp_QI168,squared_exponential,time_from_max,-4.8,0.0,squared_exponential:time_from_max,1.0,1.0,-4.804452314183891,3.3817090333186094e-08,10.0
HILp_QI168,lin,time_from_max,-1.0,0.0,lin:time_from_max,1.0,1.0,-0.9675255692013708,2.5717418424462373e-08,10.0
HILp_QI352,categorical,participant_id,-1.0,0.0,categorical:participant_id,,,,,
HILp_QI352,categorical,site_name,-1.0,0.0,categorical:site_name,,,,,
HILp_QI352,categorical,race,-1.0,0.0,categorical:race,,,,,
HILp_QI352,categorical,sex,-1.0,0.0,categorical:sex,,,,,
HILp_QI352,categorical,general_wellbeing,-1.0,0.0,categorical:general_wellbeing,,,,,
HILp_QI352,squared_exponential,hbi,-4.8,0.0,squared_exponential:hbi,0.5,1.0,-4.804452777157394,2.930975557155034e-06,60.0
HILp_QI352,lin,hbi,2.5,0.339,lin:hbi,5.104645227160809e-05,0.0003998638761275,-0.9677002397570504,0.4326997740067471,60.0
HILp_QI352,squared_exponential,study_days,-4.8,0.0,squared_exponential:study_days,,,,,
HILp_QI352,lin,study_days,1.2,0.254,lin:study_days,,,,,
HILp_QI352,squared_exponential,age,-4.8,0.0,squared_exponential:age,,,,,
HILp_QI352,lin,age,4.3,0.406,lin:age,,,,,
HILp_QI352,squared_exponential,time_from_max,-4.8,0.0,squared_exponential:time_from_max,1.0,1.0,-4.804461647181824,1.9340729944470504e-09,10.0
HILp_QI352,lin,time_from_max,-1.0,0.0,lin:time_from_max,1.0,1.0,-0.9675257263313596,2.3273495760557717e-09,10.0
HILp_QI1890,categorical,participant_id,-1.0,0.0,categorical:participant_id,,,,,
HILp_QI1890,categorical,site_name,0.4,0.3,categorical:site_name,,,,,
HILp_QI1890,categorical,race,-1.0,0.0,categorical:race,,,,,
HILp_QI1890,categorical,sex,-1.5,0.078,categorical:sex,,,,,
HILp_QI1890,categorical,general_wellbeing,-1.0,0.0,categorical:general_wellbeing,,,,,
HILp_QI1890,squared_exponential,hbi,-4.8,0.0,squared_exponential:hbi,0.5,1.0,-4.804453906333038,8.950257731165623e-06,60.0
HILp_QI1890,lin,hbi,2.6,0.291,lin:hbi,0.02,0.0805714285714286,-0.9675291526421006,1.1591178996384763,60.0
HILp_QI1890,squared_exponential,study_days,-4.8,0.0,squared_exponential:study_days,,,,,
HILp_QI1890,lin,study_days,1.2,0.228,lin:study_days,,,,,
HILp_QI1890,squared_exponential,age,-4.8,0.0,squared_exponential:age,,,,,
HILp_QI1890,lin,age,-1.0,0.091,lin:age,,,,,
HILp_QI1890,squared_exponential,time_from_max,-4.8,0.0,squared_exponential:time_from_max,1.0,1.0,-4.804453504868661,8.448060728175474e-08,10.0
HILp_QI1890,lin,time_from_max,-1.0,0.0,lin:time_from_max,1.0,1.0,-0.9675267177224214,7.71065640116686e-08,10.0
HILp_TF38,categorical,participant_id,-1.0,1.0,categorical:participant_id,,,,,
HILp_TF38,categorical,site_name,-1.0,0.964,categorical:site_name,,,,,
HILp_TF38,categorical,race,-1.0,0.855,categorical:race,,,,,
HILp_TF38,categorical,sex,-1.0,0.773,categorical:sex,,,,,
HILp_TF38,categorical,general_wellbeing,-1.0,0.683,categorical:general_wellbeing,,,,,
HILp_TF38,squared_exponential,hbi,-4.8,1.0,squared_exponential:hbi,1.0,1.0,-4.804452276314805,7.492983602348642e-07,60.0
HILp_TF38,lin,hbi,-1.0,0.774,lin:hbi,1.0,1.0,-0.9675266854601432,8.012334154656485e-07,60.0
HILp_TF38,squared_exponential,study_days,-4.8,0.755,squared_exponential:study_days,,,,,
HILp_TF38,lin,study_days,-1.0,1.0,lin:study_days,,,,,
HILp_TF38,squared_exponential,age,-4.8,1.0,squared_exponential:age,,,,,
HILp_TF38,lin,age,-1.0,0.763,lin:age,,,,,
HILp_TF38,squared_exponential,time_from_max,-4.8,0.69,squared_exponential:time_from_max,1.0,1.0,-4.804452103716358,6.506304982815592e-07,60.0
HILp_TF38,lin,time_from_max,-1.0,0.81,lin:time_from_max,1.0,1.0,-0.9675251552948794,6.947360758675881e-07,60.0
HILp_QI1810,categorical,participant_id,51.1,1.0,categorical:participant_id,,,,,
HILp_QI1810,categorical,site_name,-1.0,0.0,categorical:site_name,,,,,
HILp_QI1810,categorical,race,-1.0,0.0,categorical:race,,,,,
HILp_QI1810,categorical,sex,-1.0,0.0,categorical:sex,,,,,
HILp_QI1810,categorical,general_wellbeing,-1.0,0.0,categorical:general_wellbeing,,,,,
HILp_QI1810,squared_exponential,hbi,-4.8,0.0,squared_exponential:hbi,1.0,1.0,-4.804452792551729,2.9773471023647773e-08,10.0
HILp_QI1810,lin,hbi,-1.0,0.0,lin:hbi,1.0,1.0,-0.9675765318502272,6.043665034588498e-08,10.0
HILp_QI1810,squared_exponential,study_days,-4.8,0.0,squared_exponential:study_days,,,,,
HILp_QI1810,lin,study_days,-1.0,0.0,lin:study_days,,,,,
HILp_QI1810,squared_exponential,age,-4.8,0.0,squared_exponential:age,,,,,
HILp_QI1810,lin,age,-1.0,0.0,lin:age,,,,,
HILp_QI1810,squared_exponential,time_from_max,-4.8,0.0,squared_exponential:time_from_max,1.0,1.0,-4.804476922756521,4.489694232367003e-08,10.0
HILp_QI1810,lin,time_from_max,-1.0,0.0,lin:time_from_max,1.0,1.0,-0.9675258900283552,3.6828460335667575e-08,10.0
HILp_QI1788,categorical,participant_id,54.0,0.903,categorical:participant_id,,,,,
HILp_QI1788,categorical,site_name,-1.0,0.0,categorical:site_name,,,,,
HILp_QI1788,categorical,race,-1.0,0.0,categorical:race,,,,,
HILp_QI1788,categorical,sex,-1.0,0.0,categorical:sex,,,,,
HILp_QI1788,categorical,general_wellbeing,-1.0,0.0,categorical:general_wellbeing,,,,,
HILp_QI1788,squared_exponential,hbi,-4.8,0.0,squared_exponential:hbi,0.5,1.0,-4.804455125419736,1.9223410578486244e-05,60.0
HILp_QI1788,lin,hbi,8.9,0.077,lin:hbi,5.104645227160809e-05,0.0003998638761275,-0.9677437481448125,0.9501433825391126,60.0
HILp_QI1788,squared_exponential,study_days,-4.8,0.0,squared_exponential:study_days,,,,,
HILp_QI1788,lin,study_days,-1.0,0.0,lin:study_days,,,,,
HILp_QI1788,squared_exponential,age,-4.8,0.0,squared_exponential:age,,,,,
HILp_QI1788,lin,age,-1.0,0.0,lin:age,,,,,
HILp_QI1788,squared_exponential,time_from_max,-4.8,0.0,squared_exponential:time_from_max,1.0,1.0,-4.804457382954752,1.9580442067049708e-08,10.0
HILp_QI1788,lin,time_from_max,-1.0,0.0,lin:time_from_max,1.0,1.0,-0.967527912433752,1.692421118366713e-08,10.0
HILp_QI2162,categorical,participant_id,70.2,0.951,categorical:participant_id,,,,,
HILp_QI2162,categorical,site_name,-1.0,0.0,categorical:site_name,,,,,
HILp_QI2162,categorical,race,-1.0,0.0,categorical:race,,,,,
HILp_QI2162,categorical,sex,-1.0,0.0,categorical:sex,,,,,
HILp_QI2162,categorical,general_wellbeing,-1.0,0.0,categorical:general_wellbeing,,,,,
HILp_QI2162,squared_exponential,hbi,-4.8,0.0,squared_exponential:hbi,0.5,1.0,-4.8044612628968935,6.782713191468498e-06,60.0
HILp_QI2162,lin,hbi,3.1,0.033,lin:hbi,5.104645227160809e-05,0.0003998638761275,-0.9676421731742266,0.4818089467585125,60.0
HILp_QI2162,squared_exponential,study_days,-4.8,0.0,squared_exponential:study_days,,,,,
HILp_QI2162,lin,study_days,-1.0,0.0,lin:study_days,,,,,
HILp_QI2162,squared_exponential,age,-4.8,0.0,squared_exponential:age,,,,,
HILp_QI2162,lin,age,-1.0,0.0,lin:age,,,,,
HILp_QI2162,squared_exponential,time_from_max,-4.8,0.0,squared_exponential:time_from_max,1.0,1.0,-4.804479834480162,1.4309641461718489e-08,10.0
HILp_QI2162,lin,time_from_max,-1.0,0.0,lin:time_from_max,1.0,1.0,-0.9675589076468896,1.18651240159444e-08,10.0
HILp_QI2979,categorical,participant_id,-1.0,0.0,categorical:participant_id,,,,,
HILp_QI2979,categorical,site_name,-1.0,0.0,categorical:site_name,,,,,
HILp_QI2979,categorical,race,-1.0,0.0,categorical:race,,,,,
HILp_QI2979,categorical,sex,-1.4,0.095,categorical:sex,,,,,
HILp_QI2979,categorical,general_wellbeing,-1.0,0.0,categorical:general_wellbeing,,,,,
HILp_QI2979,squared_exponential,hbi,-4.8,0.0,squared_exponential:hbi,0.5,1.0,-4.804454607697608,1.712027045369715e-05,60.0
HILp_QI2979,lin,hbi,3.6,0.335,lin:hbi,0.0037123836241795,0.0225138103659923,-0.9675295659619678,0.8438313810775453,60.0
HILp_QI2979,squared_exponential,study_days,-2.7,0.401,squared_exponential:study_days,,,,,
HILp_QI2979,lin,study_days,-1.0,0.0,lin:study_days,,,,,
HILp_QI2979,squared_exponential,age,-4.8,0.0,squared_exponential:age,,,,,
HILp_QI2979,lin,age,-1.0,0.0,lin:age,,,,,
HILp_QI2979,squared_exponential,time_from_max,-4.8,0.0,squared_exponential:time_from_max,1.0,1.0,-4.804457138406406,1.99060517525964e-07,10.0
HILp_QI2979,lin,time_from_max,-1.0,0.0,lin:time_from_max,1.0,1.0,-0.967525660514184,2.827075895134119e-07,10.0
HILp_QI1794,categorical,participant_id,-1.0,0.0,categorical:participant_id,,,,,
HILp_QI1794,categorical,site_name,-1.0,0.0,categorical:site_name,,,,,
HILp_QI1794,categorical,race,-1.0,0.0,categorical:race,,,,,
HILp_QI1794,categorical,sex,2.3,0.237,categorical:sex,,,,,
HILp_QI1794,categorical,general_wellbeing,-1.6,0.108,categorical:general_wellbeing,,,,,
HILp_QI1794,squared_exponential,hbi,-4.8,0.0,squared_exponential:hbi,0.5,1.0,-4.8044534071964335,6.525472613636302e-06,60.0
HILp_QI1794,lin,hbi,3.1,0.417,lin:hbi,0.0093022035347043,0.0472652503925518,-0.9675267091188288,0.9776555645324532,60.0
HILp_QI1794,squared_exponential,study_days,-4.8,0.0,squared_exponential:study_days,,,,,
HILp_QI1794,lin,study_days,5.9,0.387,lin:study_days,,,,,
HILp_QI1794,squared_exponential,age,-4.8,0.0,squared_exponential:age,,,,,
HILp_QI1794,lin,age,-1.0,0.0,lin:age,,,,,
HILp_QI1794,squared_exponential,time_from_max,-4.8,0.0,squared_exponential:time_from_max,1.0,1.0,-4.804456195941839,5.1419760311265917e-08,10.0
HILp_QI1794,lin,time_from_max,-1.0,0.0,lin:time_from_max,1.0,1.0,-0.9675285550208628,3.4161024066032225e-08,10.0
HILp_TF58,categorical,participant_id,44.4,0.883,categorical:participant_id,,,,,
HILp_TF58,categorical,site_name,-1.0,0.0,categorical:site_name,,,,,
HILp_TF58,categorical,race,-1.0,0.0,categorical:race,,,,,
HILp_TF58,categorical,sex,-1.4,0.0,categorical:sex,,,,,
HILp_TF58,categorical,general_wellbeing,-1.0,0.0,categorical:general_wellbeing,,,,,
HILp_TF58,squared_exponential,hbi,-4.8,0.0,squared_exponential:hbi,0.5,1.0,-4.804665629502324,9.30880013491838e-05,60.0
HILp_TF58,lin,hbi,3.6,0.044,lin:hbi,5.104645227160809e-05,0.0003998638761275,-0.9675251622229551,0.4088374643156872,60.0
HILp_TF58,squared_exponential,study_days,-4.8,0.0,squared_exponential:study_days,,,,,
HILp_TF58,lin,study_days,-1.0,0.0,lin:study_days,,,,,
HILp_TF58,squared_exponential,age,-4.8,0.0,squared_exponential:age,,,,,
HILp_TF58,lin,age,-1.0,0.0,lin:age,,,,,
HILp_TF58,squared_exponential,time_from_max,-4.8,0.0,squared_exponential:time_from_max,1.0,1.0,-4.804457562730022,8.034699577369508e-08,10.0
HILp_TF58,lin,time_from_max,-1.0,0.0,lin:time_from_max,1.0,1.0,-0.9676548313941566,1.1362160164558624e-07,10.0
HILp_TF54,categorical,participant_id,37.5,0.88,categorical:participant_id,,,,,
HILp_TF54,categorical,site_name,-1.0,0.0,categorical:site_name,,,,,
HILp_TF54,categorical,race,-1.0,0.0,categorical:race,,,,,
HILp_TF54,categorical,sex,-1.0,0.0,categorical:sex,,,,,
HILp_TF54,categorical,general_wellbeing,-1.0,0.0,categorical:general_wellbeing,,,,,
HILp_TF54,squared_exponential,hbi,-4.8,0.0,squared_exponential:hbi,0.5,1.0,-4.804691066515261,0.000100218653518,60.0
HILp_TF54,lin,hbi,8.6,0.082,lin:hbi,5.104645227160809e-05,0.0003998638761275,-0.968745667164967,0.51970357984536,60.0
HILp_TF54,squared_exponential,study_days,-4.8,0.0,squared_exponential:study_days,,,,,
HILp_TF54,lin,study_days,-1.0,0.0,lin:study_days,,,,,
HILp_TF54,squared_exponential,age,-4.8,0.0,squared_exponential:age,,,,,
HILp_TF54,lin,age,-1.0,0.0,lin:age,,,,,
HILp_TF54,squared_exponential,time_from_max,-4.8,0.0,squared_exponential:time_from_max,0.5,1.0,-4.80445694445325,7.933301208370114e-05,120.0
HILp_TF54,lin,time_from_max,-1.0,0.0,lin:time_from_max,0.5,1.0,-0.9680413398227756,7.859082771310401e-05,120.0
HILp_TF53,categorical,participant_id,45.6,0.92,categorical:participant_id,,,,,
HILp_TF53,categorical,site_name,-1.0,0.0,categorical:site_name,,,,,
HILp_TF53,categorical,race,-1.0,0.0,categorical:race,,,,,
HILp_TF53,categorical,sex,-1.0,0.0,categorical:sex,,,,,
HILp_TF53,categorical,general_wellbeing,-1.0,0.0,categorical:general_wellbeing,,,,,
HILp_TF53,squared_exponential,hbi,-4.8,0.0,squared_exponential:hbi,0.5,1.0,-4.804498000611147,0.0001412550477538,60.0
HILp_TF53,lin,hbi,6.3,0.063,lin:hbi,5.104645227160809e-05,0.0003998638761275,-0.96859898393177,0.4633291581654348,60.0
HILp_TF53,squared_exponential,study_days,-4.8,0.0,squared_exponential:study_days,,,,,
HILp_TF53,lin,study_days,-1.0,0.0,lin:study_days,,,,,
HILp_TF53,squared_exponential,age,-4.8,0.0,squared_exponential:age,,,,,
HILp_TF53,lin,age,-1.0,0.0,lin:age,,,,,
HILp_TF53,squared_exponential,time_from_max,-4.8,0.0,squared_exponential:time_from_max,0.5,1.0,-4.804487572313519,3.700271278003245e-05,120.0
HILp_TF53,lin,time_from_max,-1.0,0.0,lin:time_from_max,0.5,1.0,-0.9676287635415974,3.645945740740118e-05,120.0
HILp_TF55,categorical,participant_id,45.2,0.894,categorical:participant_id,,,,,
HILp_TF55,categorical,site_name,-1.0,0.0,categorical:site_name,,,,,
HILp_TF55,categorical,race,-1.0,0.0,categorical:race,,,,,
HILp_TF55,categorical,sex,-1.0,0.0,categorical:sex,,,,,
HILp_TF55,categorical,general_wellbeing,-1.0,0.0,categorical:general_wellbeing,,,,,
HILp_TF55,squared_exponential,hbi,-4.8,0.0,squared_exponential:hbi,0.5,1.0,-4.804641102230562,0.0002563486259635,60.0
HILp_TF55,lin,hbi,8.3,0.076,lin:hbi,5.104645227160809e-05,0.0003998638761275,-0.9687095773970212,0.4917832663653351,60.0
HILp_TF55,squared_exponential,study_days,-4.8,0.0,squared_exponential:study_days,,,,,
HILp_TF55,lin,study_days,-1.0,0.0,lin:study_days,,,,,
HILp_TF55,squared_exponential,age,-4.8,0.0,squared_exponential:age,,,,,
HILp_TF55,lin,age,-1.0,0.0,lin:age,,,,,
HILp_TF55,squared_exponential,time_from_max,-4.8,0.0,squared_exponential:time_from_max,1.0,1.0,-4.804477963573845,4.066601117866902e-08,10.0
HILp_TF55,lin,time_from_max,-1.0,0.0,lin:time_from_max,1.0,1.0,-0.967792469512915,5.380169532886025e-07,10.0
HILp_TF57,categorical,participant_id,-1.0,0.0,categorical:participant_id,,,,,
HILp_TF57,categorical,site_name,-1.0,0.0,categorical:site_name,,,,,
HILp_TF57,categorical,race,-0.3,0.341,categorical:race,,,,,
HILp_TF57,categorical,sex,-1.0,0.0,categorical:sex,,,,,
HILp_TF57,categorical,general_wellbeing,-1.0,0.0,categorical:general_wellbeing,,,,,
HILp_TF57,squared_exponential,hbi,-4.8,0.0,squared_exponential:hbi,0.5,1.0,-4.804487702592269,9.136547154641952e-05,60.0
HILp_TF57,lin,hbi,4.6,0.312,lin:hbi,5.104645227160809e-05,0.0003998638761275,-0.9698100338355288,0.5247787402375709,60.0
HILp_TF57,squared_exponential,study_days,-4.8,0.0,squared_exponential:study_days,,,,,
HILp_TF57,lin,study_days,-1.0,0.0,lin:study_days,,,,,
HILp_TF57,squared_exponential,age,-3.8,0.294,squared_exponential:age,,,,,
HILp_TF57,lin,age,-1.0,0.0,lin:age,,,,,
HILp_TF57,squared_exponential,time_from_max,-4.8,0.0,squared_exponential:time_from_max,0.5,1.0,-4.804452024633065,1.9561322274544517e-06,120.0
HILp_TF57,lin,time_from_max,-1.0,0.0,lin:time_from_max,1.0,1.0,-0.9675240672631844,6.43424690319765e-07,120.0
HILp_TF56,categorical,participant_id,53.6,0.955,categorical:participant_id,,,,,
HILp_TF56,categorical,site_name,-1.0,0.0,categorical:site_name,,,,,
HILp_TF56,categorical,race,-1.0,0.0,categorical:race,,,,,
HILp_TF56,categorical,sex,-1.0,0.0,categorical:sex,,,,,
HILp_TF56,categorical,general_wellbeing,-1.0,0.0,categorical:general_wellbeing,,,,,
HILp_TF56,squared_exponential,hbi,-4.8,0.0,squared_exponential:hbi,0.5,1.0,-4.804469573280585,3.6752716235193485e-05,60.0
HILp_TF56,lin,hbi,5.2,0.063,lin:hbi,5.104645227160809e-05,0.0003998638761275,-0.9682163351908456,0.5123150109903101,60.0
HILp_TF56,squared_exponential,study_days,-4.8,0.0,squared_exponential:study_days,,,,,
HILp_TF56,lin,study_days,-1.0,0.0,lin:study_days,,,,,
HILp_TF56,squared_exponential,age,-4.8,0.0,squared_exponential:age,,,,,
HILp_TF56,lin,age,-1.0,0.0,lin:age,,,,,
HILp_TF56,squared_exponential,time_from_max,-4.8,0.0,squared_exponential:time_from_max,0.5,1.0,-4.804461589886614,1.031932724953105e-05,120.0
HILp_TF56,lin,time_from_max,-1.0,0.0,lin:time_from_max,0.5,1.0,-0.9675686028349446,1.9005635081207365e-05,120.0
HILp_QI578,categorical,participant_id,-1.0,0.0,categorical:participant_id,,,,,
HILp_QI578,categorical,site_name,-1.0,0.0,categorical:site_name,,,,,
HILp_QI578,categorical,race,0.2,0.125,categorical:race,,,,,
HILp_QI578,categorical,sex,2.1,0.101,categorical:sex,,,,,
HILp_QI578,categorical,general_wellbeing,2.0,0.146,categorical:general_wellbeing,,,,,
HILp_QI578,squared_exponential,hbi,-4.8,0.0,squared_exponential:hbi,0.5,1.0,-4.804455033277236,1.0580276180957527e-05,60.0
HILp_QI578,lin,hbi,7.9,0.263,lin:hbi,5.104645227160809e-05,0.0003998638761275,-0.968440577614956,0.8960523682387996,60.0
HILp_QI578,squared_exponential,study_days,-4.8,0.0,squared_exponential:study_days,,,,,
HILp_QI578,lin,study_days,-1.0,0.0,lin:study_days,,,,,
HILp_QI578,squared_exponential,age,-4.8,0.0,squared_exponential:age,,,,,
HILp_QI578,lin,age,2.0,0.145,lin:age,,,,,
HILp_QI578,squared_exponential,time_from_max,-5.5,0.085,squared_exponential:time_from_max,0.5,1.0,-4.8052519598854815,1.0319454347836683,120.0
HILp_QI578,lin,time_from_max,-1.0,0.0,lin:time_from_max,0.5,1.0,-0.9675289992544548,3.078029257902519e-05,120.0
HILp_QI1106,categorical,participant_id,22.6,1.0,categorical:participant_id,,,,,
HILp_QI1106,categorical,site_name,-1.0,0.0,categorical:site_name,,,,,
HILp_QI1106,categorical,race,-1.0,0.0,categorical:race,,,,,
HILp_QI1106,categorical,sex,-1.0,0.0,categorical:sex,,,,,
HILp_QI1106,categorical,general_wellbeing,-1.0,0.0,categorical:general_wellbeing,,,,,
HILp_QI1106,squared_exponential,hbi,-4.8,0.0,squared_exponential:hbi,1.0,1.0,-4.8044530493182265,1.2468288805174444e-08,10.0
HILp_QI1106,lin,hbi,-1.0,0.0,lin:hbi,1.0,1.0,-0.9675512004268968,9.45361760743685e-09,10.0
HILp_QI1106,squared_exponential,study_days,-4.8,0.0,squared_exponential:study_days,,,,,
HILp_QI1106,lin,study_days,-1.0,0.0,lin:study_days,,,,,
HILp_QI1106,squared_exponential,age,-4.8,0.0,squared_exponential:age,,,,,
HILp_QI1106,lin,age,-1.0,0.0,lin:age,,,,,
HILp_QI1106,squared_exponential,time_from_max,-4.8,0.0,squared_exponential:time_from_max,1.0,1.0,-4.8044529007647725,7.020877641320075e-09,10.0
HILp_QI1106,lin,time_from_max,-1.0,0.0,lin:time_from_max,1.0,1.0,-0.9675261743086594,9.441339967863008e-09,10.0
HILp_QI1169,categorical,participant_id,43.9,0.984,categorical:participant_id,,,,,
HILp_QI1169,categorical,site_name,-1.0,0.0,categorical:site_name,,,,,
HILp_QI1169,categorical,race,-1.0,0.0,categorical:race,,,,,
HILp_QI1169,categorical,sex,-1.0,0.0,categorical:sex,,,,,
HILp_QI1169,categorical,general_wellbeing,-1.0,0.0,categorical:general_wellbeing,,,,,
HILp_QI1169,squared_exponential,hbi,-4.8,0.0,squared_exponential:hbi,0.5,1.0,-4.8044535415431255,6.441505432387376e-06,60.0
HILp_QI1169,lin,hbi,0.5,0.027,lin:hbi,0.0171609436036381,0.076815652321047,-0.9675864246169112,0.4545552016551921,60.0
HILp_QI1169,squared_exponential,study_days,-4.8,0.0,squared_exponential:study_days,,,,,
HILp_QI1169,lin,study_days,-1.0,0.0,lin:study_days,,,,,
HILp_QI1169,squared_exponential,age,-4.8,0.0,squared_exponential:age,,,,,
HILp_QI1169,lin,age,-1.0,0.0,lin:age,,,,,
HILp_QI1169,squared_exponential,time_from_max,-4.8,0.0,squared_exponential:time_from_max,1.0,1.0,-4.804456287380617,3.599958866234115e-09,10.0
HILp_QI1169,lin,time_from_max,-1.0,0.0,lin:time_from_max,1.0,1.0,-0.9675280635826766,2.7577781044494126e-09,10.0
HILp_QI3009,categorical,participant_id,-1.0,0.0,categorical:participant_id,,,,,
HILp_QI3009,categorical,site_name,-1.0,0.0,categorical:site_name,,,,,
HILp_QI3009,categorical,race,-2.3,0.243,categorical:race,,,,,
HILp_QI3009,categorical,sex,-1.0,0.0,categorical:sex,,,,,
HILp_QI3009,categorical,general_wellbeing,-1.6,0.228,categorical:general_wellbeing,,,,,
HILp_QI3009,squared_exponential,hbi,-4.8,0.0,squared_exponential:hbi,1.0,1.0,-4.8044565774184775,6.3272348067286e-08,10.0
HILp_QI3009,lin,hbi,-1.0,0.0,lin:hbi,1.0,1.0,-0.967529745667207,4.2365143406234406e-08,10.0
HILp_QI3009,squared_exponential,study_days,-5.3,0.192,squared_exponential:study_days,,,,,
HILp_QI3009,lin,study_days,-1.0,0.0,lin:study_days,,,,,
HILp_QI3009,squared_exponential,age,-4.8,0.0,squared_exponential:age,,,,,
HILp_QI3009,lin,age,-0.8,0.108,lin:age,,,,,
HILp_QI3009,squared_exponential,time_from_max,-4.8,0.0,squared_exponential:time_from_max,1.0,1.0,-4.804456736843349,4.321041890591959e-08,10.0
HILp_QI3009,lin,time_from_max,-1.0,0.0,lin:time_from_max,1.0,1.0,-0.9675296315590458,4.3849264423816094e-08,10.0
HILp_QI868,categorical,participant_id,34.2,0.971,categorical:participant_id,,,,,
HILp_QI868,categorical,site_name,-1.0,0.0,categorical:site_name,,,,,
HILp_QI868,categorical,race,-1.0,0.0,categorical:race,,,,,
HILp_QI868,categorical,sex,-1.0,0.0,categorical:sex,,,,,
HILp_QI868,categorical,general_wellbeing,-1.0,0.0,categorical:general_wellbeing,,,,,
HILp_QI868,squared_exponential,hbi,-4.8,0.0,squared_exponential:hbi,0.5,1.0,-4.804463898298764,1.6504005064001678e-05,60.0
HILp_QI868,lin,hbi,1.9,0.05,lin:hbi,5.104645227160809e-05,0.0003998638761275,-0.9677437472485052,0.2102230994514727,60.0
HILp_QI868,squared_exponential,study_days,-4.8,0.0,squared_exponential:study_days,,,,,
HILp_QI868,lin,study_days,-1.0,0.0,lin:study_days,,,,,
HILp_QI868,squared_exponential,age,-4.8,0.0,squared_exponential:age,,,,,
HILp_QI868,lin,age,-1.0,0.0,lin:age,,,,,
HILp_QI868,squared_exponential,time_from_max,-4.8,0.0,squared_exponential:time_from_max,1.0,1.0,-4.804457906067682,4.734850054506662e-07,10.0
HILp_QI868,lin,time_from_max,-1.0,0.0,lin:time_from_max,1.0,1.0,-0.9675491547961882,5.837825151823689e-07,10.0
HILp_QI4915,categorical,participant_id,117.5,1.0,categorical:participant_id,,,,,
HILp_QI4915,categorical,site_name,-1.0,0.0,categorical:site_name,,,,,
HILp_QI4915,categorical,race,-1.0,0.0,categorical:race,,,,,
HILp_QI4915,categorical,sex,-1.0,0.0,categorical:sex,,,,,
HILp_QI4915,categorical,general_wellbeing,-1.0,0.0,categorical:general_wellbeing,,,,,
HILp_QI4915,squared_exponential,hbi,-4.8,0.0,squared_exponential:hbi,1.0,1.0,-4.80446124199716,3.4666910942644724e-09,10.0
HILp_QI4915,lin,hbi,-1.0,0.0,lin:hbi,1.0,1.0,-0.9675364698666726,6.8479888393403775e-09,10.0
HILp_QI4915,squared_exponential,study_days,-4.8,0.0,squared_exponential:study_days,,,,,
HILp_QI4915,lin,study_days,-1.0,0.0,lin:study_days,,,,,
HILp_QI4915,squared_exponential,age,-4.8,0.0,squared_exponential:age,,,,,
HILp_QI4915,lin,age,-1.0,0.0,lin:age,,,,,
HILp_QI4915,squared_exponential,time_from_max,-4.8,0.0,squared_exponential:time_from_max,1.0,1.0,-4.804462638532186,6.679503874682401e-09,10.0
HILp_QI4915,lin,time_from_max,-1.0,0.0,lin:time_from_max,1.0,1.0,-0.9675268347377824,9.938417907070474e-09,10.0
HILp_QI3039,categorical,participant_id,20.2,1.0,categorical:participant_id,,,,,
HILp_QI3039,categorical,site_name,-1.0,0.0,categorical:site_name,,,,,
HILp_QI3039,categorical,race,-1.0,0.0,categorical:race,,,,,
HILp_QI3039,categorical,sex,-1.0,0.0,categorical:sex,,,,,
HILp_QI3039,categorical,general_wellbeing,-1.0,0.0,categorical:general_wellbeing,,,,,
HILp_QI3039,squared_exponential,hbi,-4.8,0.0,squared_exponential:hbi,1.0,1.0,-4.804453370918509,3.3224991067525803e-09,10.0
HILp_QI3039,lin,hbi,-1.0,0.0,lin:hbi,1.0,1.0,-0.967566106294953,4.472206306942725e-09,10.0
HILp_QI3039,squared_exponential,study_days,-4.8,0.0,squared_exponential:study_days,,,,,
HILp_QI3039,lin,study_days,-1.0,0.0,lin:study_days,,,,,
HILp_QI3039,squared_exponential,age,-4.8,0.0,squared_exponential:age,,,,,
HILp_QI3039,lin,age,-1.0,0.0,lin:age,,,,,
HILp_QI3039,squared_exponential,time_from_max,-4.8,0.0,squared_exponential:time_from_max,1.0,1.0,-4.804453840080896,3.394222477459844e-09,10.0
HILp_QI3039,lin,time_from_max,-1.0,0.0,lin:time_from_max,1.0,1.0,-0.9675255194410964,3.413486321459653e-09,10.0
HILp_QI322,categorical,participant_id,-1.0,0.0,categorical:participant_id,,,,,
HILp_QI322,categorical,site_name,-1.0,0.0,categorical:site_name,,,,,
HILp_QI322,categorical,race,-1.0,0.0,categorical:race,,,,,
HILp_QI322,categorical,sex,-1.0,0.0,categorical:sex,,,,,
HILp_QI322,categorical,general_wellbeing,-1.0,0.0,categorical:general_wellbeing,,,,,
HILp_QI322,squared_exponential,hbi,-4.8,0.0,squared_exponential:hbi,0.5,1.0,-4.804452323093756,2.1418109047149397e-05,60.0
HILp_QI322,lin,hbi,4.1,0.763,lin:hbi,0.0569230769230768,0.207126550868486,1.3528017028595514,1.7419122962791034,60.0
HILp_QI322,squared_exponential,study_days,-4.8,0.0,squared_exponential:study_days,,,,,
HILp_QI322,lin,study_days,-1.0,0.0,lin:study_days,,,,,
HILp_QI322,squared_exponential,age,-4.8,0.0,squared_exponential:age,,,,,
HILp_QI322,lin,age,-0.3,0.342,lin:age,,,,,
HILp_QI322,squared_exponential,time_from_max,-4.8,0.0,squared_exponential:time_from_max,1.0,1.0,-4.80445321385514,1.4744280564750326e-09,10.0
HILp_QI322,lin,time_from_max,-1.0,0.0,lin:time_from_max,1.0,1.0,-0.9675265292705716,8.014201729377122e-09,10.0
HILp_TF48,categorical,participant_id,29.6,0.947,categorical:participant_id,,,,,
HILp_TF48,categorical,site_name,-1.0,0.0,categorical:site_name,,,,,
HILp_TF48,categorical,race,-1.0,0.0,categorical:race,,,,,
HILp_TF48,categorical,sex,-1.0,0.0,categorical:sex,,,,,
HILp_TF48,categorical,general_wellbeing,-1.0,0.0,categorical:general_wellbeing,,,,,
HILp_TF48,squared_exponential,hbi,-4.8,0.0,squared_exponential:hbi,0.5,1.0,-4.804726387104438,0.0001087414396132,60.0
HILp_TF48,lin,hbi,0.2,0.027,lin:hbi,0.02,0.0805714285714286,-0.9685913733724192,0.4109802293064329,60.0
HILp_TF48,squared_exponential,study_days,-4.8,0.0,squared_exponential:study_days,,,,,
HILp_TF48,lin,study_days,-1.0,0.0,lin:study_days,,,,,
HILp_TF48,squared_exponential,age,-4.8,0.0,squared_exponential:age,,,,,
HILp_TF48,lin,age,-1.0,0.0,lin:age,,,,,
HILp_TF48,squared_exponential,time_from_max,-4.8,0.0,squared_exponential:time_from_max,0.5,1.0,-4.804468483920118,0.0001047561651825,120.0
HILp_TF48,lin,time_from_max,-1.0,0.0,lin:time_from_max,0.5,1.0,-0.9682762605302742,0.0001568673023824,120.0
HILp_QI3588,categorical,participant_id,-1.0,0.0,categorical:participant_id,,,,,
HILp_QI3588,categorical,site_name,-1.0,0.0,categorical:site_name,,,,,
HILp_QI3588,categorical,race,-1.0,0.0,categorical:race,,,,,
HILp_QI3588,categorical,sex,-1.0,0.0,categorical:sex,,,,,
HILp_QI3588,categorical,general_wellbeing,-1.0,0.0,categorical:general_wellbeing,,,,,
HILp_QI3588,squared_exponential,hbi,-4.8,0.0,squared_exponential:hbi,0.5,1.0,-4.804452462435393,1.3775467949563248e-05,60.0
HILp_QI3588,lin,hbi,-0.8,1.0,lin:hbi,0.1307692307692307,0.4338461538461537,-0.9675390004026668,1.6889875540317458,60.0
HILp_QI3588,squared_exponential,study_days,-4.8,0.0,squared_exponential:study_days,,,,,
HILp_QI3588,lin,study_days,-1.0,0.0,lin:study_days,,,,,
HILp_QI3588,squared_exponential,age,-4.8,0.0,squared_exponential:age,,,,,
HILp_QI3588,lin,age,-1.0,0.0,lin:age,,,,,
HILp_QI3588,squared_exponential,time_from_max,-4.8,0.0,squared_exponential:time_from_max,1.0,1.0,-4.804455681231502,1.4649345236130952e-08,10.0
HILp_QI3588,lin,time_from_max,-1.0,0.0,lin:time_from_max,1.0,1.0,-0.9675259478692624,1.6654972179685215e-08,10.0
HILp_TF28,categorical,participant_id,-1.0,0.0,categorical:participant_id,,,,,
HILp_TF28,categorical,site_name,-0.6,0.309,categorical:site_name,,,,,
HILp_TF28,categorical,race,-1.0,0.0,categorical:race,,,,,
HILp_TF28,categorical,sex,1.8,0.816,categorical:sex,,,,,
HILp_TF28,categorical,general_wellbeing,-1.0,0.0,categorical:general_wellbeing,,,,,
HILp_TF28,squared_exponential,hbi,-4.8,0.0,squared_exponential:hbi,0.5,1.0,-4.804457506122617,1.8847332664315512e-05,60.0
HILp_TF28,lin,hbi,-1.6,0.109,lin:hbi,0.5,1.0,-0.9683886906336738,0.9187051589866878,60.0
HILp_TF28,squared_exponential,study_days,-4.8,0.0,squared_exponential:study_days,,,,,
HILp_TF28,lin,study_days,-1.0,0.0,lin:study_days,,,,,
HILp_TF28,squared_exponential,age,-4.8,0.0,squared_exponential:age,,,,,
HILp_TF28,lin,age,-1.0,0.0,lin:age,,,,,
HILp_TF28,squared_exponential,time_from_max,-4.9,0.278,squared_exponential:time_from_max,0.5,1.0,-4.8049413492954045,1.0228276665616831,120.0
HILp_TF28,lin,time_from_max,-1.0,0.0,lin:time_from_max,0.5,1.0,-0.9675298088400268,1.239050846884585e-05,120.0
HILp_QI3608,categorical,participant_id,-1.0,0.0,categorical:participant_id,,,,,
HILp_QI3608,categorical,site_name,-1.0,0.0,categorical:site_name,,,,,
HILp_QI3608,categorical,race,-1.0,0.0,categorical:race,,,,,
HILp_QI3608,categorical,sex,-1.0,0.0,categorical:sex,,,,,
HILp_QI3608,categorical,general_wellbeing,-1.0,0.0,categorical:general_wellbeing,,,,,
HILp_QI3608,squared_exponential,hbi,-4.8,0.0,squared_exponential:hbi,1.0,1.0,-4.804457805816128,3.810866479259955e-08,10.0
HILp_QI3608,lin,hbi,-1.0,0.0,lin:hbi,1.0,1.0,-0.9675306402959905,4.92881508134846e-08,10.0
HILp_QI3608,squared_exponential,study_days,-4.8,0.0,squared_exponential:study_days,,,,,
HILp_QI3608,lin,study_days,-1.0,0.0,lin:study_days,,,,,
HILp_QI3608,squared_exponential,age,-4.8,0.0,squared_exponential:age,,,,,
HILp_QI3608,lin,age,-1.0,0.0,lin:age,,,,,
HILp_QI3608,squared_exponential,time_from_max,-4.8,0.0,squared_exponential:time_from_max,0.5,1.0,-4.804451916528706,8.281723151761267e-06,120.0
HILp_QI3608,lin,time_from_max,-1.7,1.0,lin:time_from_max,0.5,1.0,-0.9675928327726524,0.5585046083063551,120.0
HILp_QI892,categorical,participant_id,30.4,1.0,categorical:participant_id,,,,,
HILp_QI892,categorical,site_name,-1.0,0.0,categorical:site_name,,,,,
HILp_QI892,categorical,race,-1.0,0.0,categorical:race,,,,,
HILp_QI892,categorical,sex,-1.0,0.0,categorical:sex,,,,,
HILp_QI892,categorical,general_wellbeing,-1.0,0.0,categorical:general_wellbeing,,,,,
HILp_QI892,squared_exponential,hbi,-4.8,0.0,squared_exponential:hbi,1.0,1.0,-4.804452695606415,1.0769729992537272e-08,10.0
HILp_QI892,lin,hbi,-1.0,0.0,lin:hbi,1.0,1.0,-0.9675258962090538,1.1905709937206112e-08,10.0
HILp_QI892,squared_exponential,study_days,-4.8,0.0,squared_exponential:study_days,,,,,
HILp_QI892,lin,study_days,-1.0,0.0,lin:study_days,,,,,
HILp_QI892,squared_exponential,age,-4.8,0.0,squared_exponential:age,,,,,
HILp_QI892,lin,age,-1.0,0.0,lin:age,,,,,
HILp_QI892,squared_exponential,time_from_max,-4.8,0.0,squared_exponential:time_from_max,1.0,1.0,-4.80446152171362,9.353985413301118e-09,10.0
HILp_QI892,lin,time_from_max,-1.0,0.0,lin:time_from_max,1.0,1.0,-0.9675258978159036,1.7303270447531128e-08,10.0
HILp_QI484,categorical,participant_id,47.5,0.809,categorical:participant_id,,,,,
HILp_QI484,categorical,site_name,-1.0,0.0,categorical:site_name,,,,,
HILp_QI484,categorical,race,-1.0,0.0,categorical:race,,,,,
HILp_QI484,categorical,sex,-0.4,0.0,categorical:sex,,,,,
HILp_QI484,categorical,general_wellbeing,-1.0,0.0,categorical:general_wellbeing,,,,,
HILp_QI484,squared_exponential,hbi,-4.8,0.0,squared_exponential:hbi,0.5,1.0,-4.804454617267766,8.178775522392783e-06,60.0
HILp_QI484,lin,hbi,-1.2,0.015,lin:hbi,0.5,1.0,-0.967865356982884,0.2556115528415518,60.0
HILp_QI484,squared_exponential,study_days,-4.8,0.0,squared_exponential:study_days,,,,,
HILp_QI484,lin,study_days,-1.0,0.0,lin:study_days,,,,,
HILp_QI484,squared_exponential,age,-4.8,0.0,squared_exponential:age,,,,,
HILp_QI484,lin,age,-1.0,0.0,lin:age,,,,,
HILp_QI484,squared_exponential,time_from_max,-4.8,0.0,squared_exponential:time_from_max,1.0,1.0,-4.804458226975612,1.8888911746472144e-07,10.0
HILp_QI484,lin,time_from_max,-1.0,0.0,lin:time_from_max,1.0,1.0,-0.9675264332086044,2.001869978161413e-07,10.0
HILp_QI1144,categorical,participant_id,30.8,1.0,categorical:participant_id,,,,,
HILp_QI1144,categorical,site_name,-1.0,0.0,categorical:site_name,,,,,
HILp_QI1144,categorical,race,-1.0,0.0,categorical:race,,,,,
HILp_QI1144,categorical,sex,-1.0,0.0,categorical:sex,,,,,
HILp_QI1144,categorical,general_wellbeing,-1.0,0.0,categorical:general_wellbeing,,,,,
HILp_QI1144,squared_exponential,hbi,-4.8,0.0,squared_exponential:hbi,1.0,1.0,-4.804452819147628,6.343927768206444e-09,10.0
HILp_QI1144,lin,hbi,-1.0,0.0,lin:hbi,1.0,1.0,-0.9675536469487724,1.0021975126318012e-08,10.0
HILp_QI1144,squared_exponential,study_days,-4.8,0.0,squared_exponential:study_days,,,,,
HILp_QI1144,lin,study_days,-1.0,0.0,lin:study_days,,,,,
HILp_QI1144,squared_exponential,age,-4.8,0.0,squared_exponential:age,,,,,
HILp_QI1144,lin,age,-1.0,0.0,lin:age,,,,,
HILp_QI1144,squared_exponential,time_from_max,-4.8,0.0,squared_exponential:time_from_max,1.0,1.0,-4.804452907302448,5.886658975071403e-09,10.0
HILp_QI1144,lin,time_from_max,-1.0,0.0,lin:time_from_max,1.0,1.0,-0.9675259852645014,7.997040405273543e-09,10.0
HILp_QI755,categorical,participant_id,-1.0,0.0,categorical:participant_id,,,,,
HILp_QI755,categorical,site_name,2.1,0.457,categorical:site_name,,,,,
HILp_QI755,categorical,race,0.3,0.342,categorical:race,,,,,
HILp_QI755,categorical,sex,-1.0,0.0,categorical:sex,,,,,
HILp_QI755,categorical,general_wellbeing,-1.0,0.0,categorical:general_wellbeing,,,,,
HILp_QI755,squared_exponential,hbi,-4.8,0.0,squared_exponential:hbi,1.0,1.0,-4.804491209923526,3.693109738845934e-07,10.0
HILp_QI755,lin,hbi,-1.0,0.0,lin:hbi,1.0,1.0,-0.9675610859269456,4.298790083398973e-07,10.0
HILp_QI755,squared_exponential,study_days,-4.8,0.0,squared_exponential:study_days,,,,,
HILp_QI755,lin,study_days,-1.0,0.0,lin:study_days,,,,,
HILp_QI755,squared_exponential,age,-4.8,0.0,squared_exponential:age,,,,,
HILp_QI755,lin,age,-1.0,0.0,lin:age,,,,,
HILp_QI755,squared_exponential,time_from_max,-4.8,0.0,squared_exponential:time_from_max,1.0,1.0,-4.804487654055265,2.3139425550579938e-07,10.0
HILp_QI755,lin,time_from_max,-1.0,0.0,lin:time_from_max,1.0,1.0,-0.9675603218283868,2.2842262243411737e-07,10.0
HILp_QI615,categorical,participant_id,56.9,0.81,categorical:participant_id,,,,,
HILp_QI615,categorical,site_name,-1.0,0.0,categorical:site_name,,,,,
HILp_QI615,categorical,race,-1.0,0.0,categorical:race,,,,,
HILp_QI615,categorical,sex,-1.0,0.0,categorical:sex,,,,,
HILp_QI615,categorical,general_wellbeing,-0.8,0.036,categorical:general_wellbeing,,,,,
HILp_QI615,squared_exponential,hbi,-4.8,0.0,squared_exponential:hbi,0.5,1.0,-4.804581058072017,3.0037890454701376e-05,60.0
HILp_QI615,lin,hbi,9.2,0.079,lin:hbi,5.104645227160809e-05,0.0003998638761275,-0.9675293872915064,1.0951539798774534,60.0
HILp_QI615,squared_exponential,study_days,-4.8,0.0,squared_exponential:study_days,,,,,
HILp_QI615,lin,study_days,-1.0,0.0,lin:study_days,,,,,
HILp_QI615,squared_exponential,age,-4.8,0.0,squared_exponential:age,,,,,
HILp_QI615,lin,age,-1.0,0.0,lin:age,,,,,
HILp_QI615,squared_exponential,time_from_max,-5.5,0.03,squared_exponential:time_from_max,0.5,1.0,-4.805034138506926,0.4934889793381686,120.0
HILp_QI615,lin,time_from_max,-1.0,0.0,lin:time_from_max,0.5,1.0,-0.9695339545421576,0.0005145875213854,120.0
HILp_QI331,categorical,participant_id,42.4,0.892,categorical:participant_id,,,,,
HILp_QI331,categorical,site_name,-1.0,0.0,categorical:site_name,,,,,
HILp_QI331,categorical,race,-1.0,0.0,categorical:race,,,,,
HILp_QI331,categorical,sex,-1.0,0.0,categorical:sex,,,,,
HILp_QI331,categorical,general_wellbeing,-1.0,0.0,categorical:general_wellbeing,,,,,
HILp_QI331,squared_exponential,hbi,-4.8,0.0,squared_exponential:hbi,0.5,1.0,-4.805482523342562,0.0004678080504322,60.0
HILp_QI331,lin,hbi,10.1,0.094,lin:hbi,5.104645227160809e-05,0.0003998638761275,-0.967743191291902,0.5298127594046032,60.0
HILp_QI331,squared_exponential,study_days,-4.8,0.0,squared_exponential:study_days,,,,,
HILp_QI331,lin,study_days,-1.0,0.0,lin:study_days,,,,,
HILp_QI331,squared_exponential,age,-4.8,0.0,squared_exponential:age,,,,,
HILp_QI331,lin,age,-1.0,0.0,lin:age,,,,,
HILp_QI331,squared_exponential,time_from_max,-4.8,0.0,squared_exponential:time_from_max,1.0,1.0,-4.804453679317248,5.073267040772535e-07,10.0
HILp_QI331,lin,time_from_max,-1.0,0.0,lin:time_from_max,1.0,1.0,-0.9678885113407888,4.069589098523146e-07,10.0
HILp_QI6656,categorical,participant_id,30.6,0.958,categorical:participant_id,,,,,
HILp_QI6656,categorical,site_name,-1.0,0.0,categorical:site_name,,,,,
HILp_QI6656,categorical,race,-1.0,0.0,categorical:race,,,,,
HILp_QI6656,categorical,sex,-1.0,0.0,categorical:sex,,,,,
HILp_QI6656,categorical,general_wellbeing,-1.0,0.0,categorical:general_wellbeing,,,,,
HILp_QI6656,squared_exponential,hbi,-4.8,0.0,squared_exponential:hbi,0.5,1.0,-4.804455413236155,8.137679106747689e-06,60.0
HILp_QI6656,lin,hbi,0.2,0.032,lin:hbi,0.0147248992683625,0.068072485142266,-0.9675712985499558,0.3338408212205361,60.0
HILp_QI6656,squared_exponential,study_days,-4.8,0.0,squared_exponential:study_days,,,,,
HILp_QI6656,lin,study_days,-1.0,0.0,lin:study_days,,,,,
HILp_QI6656,squared_exponential,age,-4.8,0.0,squared_exponential:age,,,,,
HILp_QI6656,lin,age,-1.0,0.0,lin:age,,,,,
HILp_QI6656,squared_exponential,time_from_max,-4.8,0.0,squared_exponential:time_from_max,1.0,1.0,-4.804454029249882,1.2113266253767888e-07,10.0
HILp_QI6656,lin,time_from_max,-1.0,0.0,lin:time_from_max,1.0,1.0,-0.967526408087224,1.266329768780508e-07,10.0
HILp_QI1757,categorical,participant_id,92.6,1.0,categorical:participant_id,,,,,
HILp_QI1757,categorical,site_name,-1.0,0.0,categorical:site_name,,,,,
HILp_QI1757,categorical,race,-1.0,0.0,categorical:race,,,,,
HILp_QI1757,categorical,sex,-1.0,0.0,categorical:sex,,,,,
HILp_QI1757,categorical,general_wellbeing,-1.0,0.0,categorical:general_wellbeing,,,,,
HILp_QI1757,squared_exponential,hbi,-4.8,0.0,squared_exponential:hbi,1.0,1.0,-4.804484443897991,8.347878172824209e-07,10.0
HILp_QI1757,lin,hbi,-1.0,0.0,lin:hbi,1.0,1.0,-0.9675261704967396,8.473205960389264e-07,10.0
HILp_QI1757,squared_exponential,study_days,-4.8,0.0,squared_exponential:study_days,,,,,
HILp_QI1757,lin,study_days,-1.0,0.0,lin:study_days,,,,,
HILp_QI1757,squared_exponential,age,-4.8,0.0,squared_exponential:age,,,,,
HILp_QI1757,lin,age,-1.0,0.0,lin:age,,,,,
HILp_QI1757,squared_exponential,time_from_max,-4.8,0.0,squared_exponential:time_from_max,1.0,1.0,-4.8044517977346,2.0858358255188405e-07,10.0
HILp_QI1757,lin,time_from_max,-1.0,0.0,lin:time_from_max,1.0,1.0,-0.967533733649816,1.4692319468744465e-07,10.0
HILp_TF51,categorical,participant_id,-1.0,0.0,categorical:participant_id,,,,,
HILp_TF51,categorical,site_name,-1.0,0.0,categorical:site_name,,,,,
HILp_TF51,categorical,race,-1.0,0.0,categorical:race,,,,,
HILp_TF51,categorical,sex,-1.3,0.237,categorical:sex,,,,,
HILp_TF51,categorical,general_wellbeing,-1.0,0.0,categorical:general_wellbeing,,,,,
HILp_TF51,squared_exponential,hbi,-4.8,0.0,squared_exponential:hbi,0.5,1.0,-4.804452064930047,2.0827659235672865e-05,60.0
HILp_TF51,lin,hbi,-1.0,0.0,lin:hbi,0.5,1.0,-0.967524768434032,3.235689347215043e-05,60.0
HILp_TF51,squared_exponential,study_days,-4.8,0.0,squared_exponential:study_days,,,,,
HILp_TF51,lin,study_days,-1.0,0.0,lin:study_days,,,,,
HILp_TF51,squared_exponential,age,-4.8,0.0,squared_exponential:age,,,,,
HILp_TF51,lin,age,5.4,0.76,lin:age,,,,,
HILp_TF51,squared_exponential,time_from_max,-4.8,0.0,squared_exponential:time_from_max,0.5,1.0,-4.804451486210382,2.97344626437262e-05,120.0
HILp_TF51,lin,time_from_max,-1.0,0.0,lin:time_from_max,0.5,1.0,-0.9675247500572368,2.373139716269984e-05,120.0
HILp_QI1110,categorical,participant_id,62.8,0.975,categorical:participant_id,,,,,
HILp_QI1110,categorical,site_name,-1.0,0.0,categorical:site_name,,,,,
HILp_QI1110,categorical,race,-1.0,0.0,categorical:race,,,,,
HILp_QI1110,categorical,sex,-1.0,0.0,categorical:sex,,,,,
HILp_QI1110,categorical,general_wellbeing,-1.0,0.0,categorical:general_wellbeing,,,,,
HILp_QI1110,squared_exponential,hbi,-4.8,0.0,squared_exponential:hbi,0.5,1.0,-4.804456314831896,7.797137150406168e-06,60.0
HILp_QI1110,lin,hbi,1.9,0.032,lin:hbi,5.104645227160809e-05,0.0003998638761275,-0.9676318585215996,0.0503288634722834,60.0
HILp_QI1110,squared_exponential,study_days,-4.8,0.0,squared_exponential:study_days,,,,,
HILp_QI1110,lin,study_days,-1.0,0.0,lin:study_days,,,,,
HILp_QI1110,squared_exponential,age,-4.8,0.0,squared_exponential:age,,,,,
HILp_QI1110,lin,age,-1.0,0.0,lin:age,,,,,
HILp_QI1110,squared_exponential,time_from_max,-4.8,0.0,squared_exponential:time_from_max,1.0,1.0,-4.804457439842281,8.622394376482562e-07,10.0
HILp_QI1110,lin,time_from_max,-1.0,0.0,lin:time_from_max,1.0,1.0,-0.9675331593894044,9.150472519787414e-07,10.0
HILp_QI522,categorical,participant_id,26.8,0.967,categorical:participant_id,,,,,
HILp_QI522,categorical,site_name,-1.0,0.0,categorical:site_name,,,,,
HILp_QI522,categorical,race,-1.0,0.0,categorical:race,,,,,
HILp_QI522,categorical,sex,-1.0,0.0,categorical:sex,,,,,
HILp_QI522,categorical,general_wellbeing,-1.0,0.0,categorical:general_wellbeing,,,,,
HILp_QI522,squared_exponential,hbi,-4.8,0.0,squared_exponential:hbi,0.5,1.0,-4.80446872755806,1.8773533436678047e-05,60.0
HILp_QI522,lin,hbi,-0.4,0.026,lin:hbi,0.0323076923076923,0.1248050579557431,-0.9676273491534176,0.3060644798880458,60.0
HILp_QI522,squared_exponential,study_days,-4.8,0.0,squared_exponential:study_days,,,,,
HILp_QI522,lin,study_days,-1.0,0.0,lin:study_days,,,,,
HILp_QI522,squared_exponential,age,-4.8,0.0,squared_exponential:age,,,,,
HILp_QI522,lin,age,-1.0,0.0,lin:age,,,,,
HILp_QI522,squared_exponential,time_from_max,-4.8,0.0,squared_exponential:time_from_max,1.0,1.0,-4.804456061545579,6.309505630442524e-08,10.0
HILp_QI522,lin,time_from_max,-1.0,0.0,lin:time_from_max,1.0,1.0,-0.9675391362595748,4.00907047257393e-08,10.0
HILp_QI30,categorical,participant_id,-1.0,0.0,categorical:participant_id,,,,,
HILp_QI30,categorical,site_name,-1.0,0.0,categorical:site_name,,,,,
HILp_QI30,categorical,race,-0.8,0.11,categorical:race,,,,,
HILp_QI30,categorical,sex,20.8,0.629,categorical:sex,,,,,
HILp_QI30,categorical,general_wellbeing,-1.0,0.0,categorical:general_wellbeing,,,,,
HILp_QI30,squared_exponential,hbi,-4.8,0.0,squared_exponential:hbi,1.0,1.0,-4.804488541718229,2.716917174912728e-09,10.0
HILp_QI30,lin,hbi,-1.0,0.0,lin:hbi,1.0,1.0,-0.9675609514690676,3.0581603992552838e-09,10.0
HILp_QI30,squared_exponential,study_days,-4.8,0.0,squared_exponential:study_days,,,,,
HILp_QI30,lin,study_days,-1.0,0.0,lin:study_days,,,,,
HILp_QI30,squared_exponential,age,-4.8,0.0,squared_exponential:age,,,,,
HILp_QI30,lin,age,-1.0,0.0,lin:age,,,,,
HILp_QI30,squared_exponential,time_from_max,-4.8,0.0,squared_exponential:time_from_max,1.0,1.0,-4.80448778931509,1.8075428987828358e-09,10.0
HILp_QI30,lin,time_from_max,-1.0,0.0,lin:time_from_max,1.0,1.0,-0.9675609511903076,2.595232889838262e-09,10.0
HILp_QI7060,categorical,participant_id,-1.0,0.0,categorical:participant_id,,,,,
HILp_QI7060,categorical,site_name,-1.0,0.225,categorical:site_name,,,,,
HILp_QI7060,categorical,race,-0.2,0.282,categorical:race,,,,,
HILp_QI7060,categorical,sex,-0.8,0.155,categorical:sex,,,,,
HILp_QI7060,categorical,general_wellbeing,-1.3,0.108,categorical:general_wellbeing,,,,,
HILp_QI7060,squared_exponential,hbi,-4.8,0.0,squared_exponential:hbi,0.5,1.0,-4.804471004405059,1.7227830149657203e-05,60.0
HILp_QI7060,lin,hbi,3.1,0.475,lin:hbi,0.0068487005011163,0.0364402554965056,-0.9675293819618672,0.870542261128964,60.0
HILp_QI7060,squared_exponential,study_days,-4.8,0.0,squared_exponential:study_days,,,,,
HILp_QI7060,lin,study_days,-1.0,0.0,lin:study_days,,,,,
HILp_QI7060,squared_exponential,age,-4.8,0.0,squared_exponential:age,,,,,
HILp_QI7060,lin,age,-1.0,0.0,lin:age,,,,,
HILp_QI7060,squared_exponential,time_from_max,-4.8,0.0,squared_exponential:time_from_max,0.5,1.0,-4.804454910531604,1.9356622792892258e-06,120.0
HILp_QI7060,lin,time_from_max,-1.0,0.0,lin:time_from_max,0.5,1.0,-0.9675751891077198,1.8225822532590905e-06,120.0
HILp_QI473,categorical,participant_id,-1.0,0.0,categorical:participant_id,,,,,
HILp_QI473,categorical,site_name,-1.0,0.0,categorical:site_name,,,,,
HILp_QI473,categorical,race,-1.3,0.158,categorical:race,,,,,
HILp_QI473,categorical,sex,-1.0,0.0,categorical:sex,,,,,
HILp_QI473,categorical,general_wellbeing,-1.0,0.0,categorical:general_wellbeing,,,,,
HILp_QI473,squared_exponential,hbi,-4.8,0.0,squared_exponential:hbi,0.5,1.0,-4.804455721593513,2.7029078785504865e-05,60.0
HILp_QI473,lin,hbi,-0.9,0.111,lin:hbi,0.1061538461538461,0.3585076001842469,-0.968102910403104,0.1615360176065083,60.0
HILp_QI473,squared_exponential,study_days,-4.8,0.0,squared_exponential:study_days,,,,,
HILp_QI473,lin,study_days,-1.0,0.0,lin:study_days,,,,,
HILp_QI473,squared_exponential,age,0.7,0.859,squared_exponential:age,,,,,
HILp_QI473,lin,age,-1.0,0.0,lin:age,,,,,
HILp_QI473,squared_exponential,time_from_max,-4.8,0.0,squared_exponential:time_from_max,1.0,1.0,-4.8044594535952,2.2375198507484683e-08,10.0
HILp_QI473,lin,time_from_max,-1.0,0.0,lin:time_from_max,1.0,1.0,-0.9675266995388938,1.6752195984255533e-08,10.0
HILp_TF9,categorical,participant_id,-1.0,0.0,categorical:participant_id,,,,,
HILp_TF9,categorical,site_name,-0.6,0.225,categorical:site_name,,,,,
HILp_TF9,categorical,race,-1.0,0.0,categorical:race,,,,,
HILp_TF9,categorical,sex,-1.0,0.0,categorical:sex,,,,,
HILp_TF9,categorical,general_wellbeing,-1.0,0.0,categorical:general_wellbeing,,,,,
HILp_TF9,squared_exponential,hbi,-4.8,0.0,squared_exponential:hbi,0.5,1.0,-4.804459574588691,1.2592964706131994e-05,60.0
HILp_TF9,lin,hbi,-1.0,0.0,lin:hbi,0.5,1.0,-0.9675248054859368,1.3297441989191962e-05,60.0
HILp_TF9,squared_exponential,study_days,-4.8,0.0,squared_exponential:study_days,,,,,
HILp_TF9,lin,study_days,4.3,0.316,lin:study_days,,,,,
HILp_TF9,squared_exponential,age,-2.2,0.524,squared_exponential:age,,,,,
HILp_TF9,lin,age,-1.0,0.0,lin:age,,,,,
HILp_TF9,squared_exponential,time_from_max,-4.8,0.0,squared_exponential:time_from_max,0.5,1.0,-4.80446434136411,1.4949686090367706e-05,120.0
HILp_TF9,lin,time_from_max,-1.0,0.0,lin:time_from_max,0.5,1.0,-0.9675254980525096,1.8445628288905007e-05,120.0
HILp_TF14,categorical,participant_id,-1.0,0.0,categorical:participant_id,,,,,
HILp_TF14,categorical,site_name,-1.0,0.0,categorical:site_name,,,,,
HILp_TF14,categorical,race,-1.0,0.0,categorical:race,,,,,
HILp_TF14,categorical,sex,-1.0,0.0,categorical:sex,,,,,
HILp_TF14,categorical,general_wellbeing,-1.0,0.0,categorical:general_wellbeing,,,,,
HILp_TF14,squared_exponential,hbi,-4.8,0.0,squared_exponential:hbi,1.0,1.0,-4.804462957630904,1.6610464974023772e-07,10.0
HILp_TF14,lin,hbi,-1.0,0.0,lin:hbi,1.0,1.0,-0.9675346377905498,1.6806288950870052e-07,10.0
HILp_TF14,squared_exponential,study_days,-4.8,0.0,squared_exponential:study_days,,,,,
HILp_TF14,lin,study_days,-1.0,0.0,lin:study_days,,,,,
HILp_TF14,squared_exponential,age,-4.8,0.0,squared_exponential:age,,,,,
HILp_TF14,lin,age,3.4,1.0,lin:age,,,,,
HILp_TF14,squared_exponential,time_from_max,-4.8,0.0,squared_exponential:time_from_max,0.5,1.0,-4.804459458413021,1.2323431913495664e-06,120.0
HILp_TF14,lin,time_from_max,-1.0,0.0,lin:time_from_max,0.5,1.0,-0.9675326502249392,1.022550784753433e-06,120.0
HILp_QI3040,categorical,participant_id,27.8,1.0,categorical:participant_id,,,,,
HILp_QI3040,categorical,site_name,-1.0,0.0,categorical:site_name,,,,,
HILp_QI3040,categorical,race,-1.0,0.0,categorical:race,,,,,
HILp_QI3040,categorical,sex,-1.0,0.0,categorical:sex,,,,,
HILp_QI3040,categorical,general_wellbeing,-1.0,0.0,categorical:general_wellbeing,,,,,
HILp_QI3040,squared_exponential,hbi,-4.8,0.0,squared_exponential:hbi,1.0,1.0,-4.804452168995795,1.2992602861882975e-09,10.0
HILp_QI3040,lin,hbi,-1.0,0.0,lin:hbi,1.0,1.0,-0.9675289548653154,1.3916587875172115e-09,10.0
HILp_QI3040,squared_exponential,study_days,-4.8,0.0,squared_exponential:study_days,,,,,
HILp_QI3040,lin,study_days,-1.0,0.0,lin:study_days,,,,,
HILp_QI3040,squared_exponential,age,-4.8,0.0,squared_exponential:age,,,,,
HILp_QI3040,lin,age,-1.0,0.0,lin:age,,,,,
HILp_QI3040,squared_exponential,time_from_max,-4.8,0.0,squared_exponential:time_from_max,1.0,1.0,-4.804452207346117,5.587236567938192e-10,10.0
HILp_QI3040,lin,time_from_max,-1.0,0.0,lin:time_from_max,1.0,1.0,-0.967526969764208,1.1611067234962151e-09,10.0
HILp_QI1037,categorical,participant_id,-1.0,0.0,categorical:participant_id,,,,,
HILp_QI1037,categorical,site_name,-1.0,0.0,categorical:site_name,,,,,
HILp_QI1037,categorical,race,-1.0,0.0,categorical:race,,,,,
HILp_QI1037,categorical,sex,-0.8,0.168,categorical:sex,,,,,
HILp_QI1037,categorical,general_wellbeing,-1.0,0.0,categorical:general_wellbeing,,,,,
HILp_QI1037,squared_exponential,hbi,-4.8,0.0,squared_exponential:hbi,0.5,1.0,-4.804453818954016,3.016075436703916e-05,60.0
HILp_QI1037,lin,hbi,0.1,0.234,lin:hbi,0.0001279082489379,0.0009618700320132,-0.9683204894693064,0.1472452808279317,60.0
HILp_QI1037,squared_exponential,study_days,-4.8,0.0,squared_exponential:study_days,,,,,
HILp_QI1037,lin,study_days,-0.6,0.088,lin:study_days,,,,,
HILp_QI1037,squared_exponential,age,-5.6,0.259,squared_exponential:age,,,,,
HILp_QI1037,lin,age,-1.0,0.0,lin:age,,,,,
HILp_QI1037,squared_exponential,time_from_max,-4.8,0.0,squared_exponential:time_from_max,1.0,1.0,-4.8044525810059895,1.9697619152626923e-07,10.0
HILp_QI1037,lin,time_from_max,-1.0,0.0,lin:time_from_max,1.0,1.0,-0.9675263403998996,1.735203151480278e-07,10.0
HILp_TF34,categorical,participant_id,-1.0,0.0,categorical:participant_id,,,,,
HILp_TF34,categorical,site_name,-1.0,0.0,categorical:site_name,,,,,
HILp_TF34,categorical,race,-1.0,0.0,categorical:race,,,,,
HILp_TF34,categorical,sex,-1.1,1.0,categorical:sex,,,,,
HILp_TF34,categorical,general_wellbeing,-1.0,0.0,categorical:general_wellbeing,,,,,
HILp_TF34,squared_exponential,hbi,-4.8,0.0,squared_exponential:hbi,1.0,1.0,-4.804453225375255,1.48269484289586e-07,10.0
HILp_TF34,lin,hbi,-1.0,0.0,lin:hbi,1.0,1.0,-0.9675279030757338,2.938700357934894e-07,10.0
HILp_TF34,squared_exponential,study_days,-4.8,0.0,squared_exponential:study_days,,,,,
HILp_TF34,lin,study_days,-1.0,0.0,lin:study_days,,,,,
HILp_TF34,squared_exponential,age,-4.8,0.0,squared_exponential:age,,,,,
HILp_TF34,lin,age,-1.0,0.0,lin:age,,,,,
HILp_TF34,squared_exponential,time_from_max,-4.8,0.0,squared_exponential:time_from_max,1.0,1.0,-4.804451972330526,5.117396270940268e-07,10.0
HILp_TF34,lin,time_from_max,-1.0,0.0,lin:time_from_max,1.0,1.0,-0.9675966628713012,3.4298145905713774e-07,10.0
HILp_QI1320,categorical,participant_id,-1.0,0.0,categorical:participant_id,,,,,
HILp_QI1320,categorical,site_name,-1.0,0.0,categorical:site_name,,,,,
HILp_QI1320,categorical,race,-1.0,0.0,categorical:race,,,,,
HILp_QI1320,categorical,sex,-1.0,0.0,categorical:sex,,,,,
HILp_QI1320,categorical,general_wellbeing,-1.0,0.0,categorical:general_wellbeing,,,,,
HILp_QI1320,squared_exponential,hbi,-4.8,0.0,squared_exponential:hbi,1.0,1.0,-4.804453120176959,1.0182296461156728e-08,10.0
HILp_QI1320,lin,hbi,-1.0,0.0,lin:hbi,1.0,1.0,-0.9675255913175532,9.303244049060981e-09,10.0
HILp_QI1320,squared_exponential,study_days,-4.8,0.0,squared_exponential:study_days,,,,,
HILp_QI1320,lin,study_days,-1.0,0.0,lin:study_days,,,,,
HILp_QI1320,squared_exponential,age,-4.8,0.0,squared_exponential:age,,,,,
HILp_QI1320,lin,age,-1.0,0.0,lin:age,,,,,
HILp_QI1320,squared_exponential,time_from_max,-4.8,0.0,squared_exponential:time_from_max,0.5,1.0,-4.804461255495198,1.123611763997196e-05,120.0
HILp_QI1320,lin,time_from_max,-1.5,1.0,lin:time_from_max,0.5,1.0,-0.9675790145031442,0.3595519096632136,120.0
HILp_QI1759,categorical,participant_id,-1.0,0.0,categorical:participant_id,,,,,
HILp_QI1759,categorical,site_name,-1.0,0.0,categorical:site_name,,,,,
HILp_QI1759,categorical,race,-1.0,0.0,categorical:race,,,,,
HILp_QI1759,categorical,sex,-0.7,1.0,categorical:sex,,,,,
HILp_QI1759,categorical,general_wellbeing,-1.0,0.001,categorical:general_wellbeing,,,,,
HILp_QI1759,squared_exponential,hbi,-4.8,0.0,squared_exponential:hbi,1.0,1.0,-4.804454320113109,1.0976342823274409e-07,10.0
HILp_QI1759,lin,hbi,-1.0,0.0,lin:hbi,1.0,1.0,-0.9675247921222764,5.0972907070718817e-08,10.0
HILp_QI1759,squared_exponential,study_days,-4.8,0.0,squared_exponential:study_days,,,,,
HILp_QI1759,lin,study_days,-1.0,0.0,lin:study_days,,,,,
HILp_QI1759,squared_exponential,age,-4.8,0.0,squared_exponential:age,,,,,
HILp_QI1759,lin,age,-1.0,0.0,lin:age,,,,,
HILp_QI1759,squared_exponential,time_from_max,-4.8,0.0,squared_exponential:time_from_max,1.0,1.0,-4.804453102246043,9.446209062276692e-07,10.0
HILp_QI1759,lin,time_from_max,-1.0,0.0,lin:time_from_max,1.0,1.0,-0.9679663843203344,1.8577902059527763e-08,10.0
HILp_QI163,categorical,participant_id,41.9,1.0,categorical:participant_id,,,,,
HILp_QI163,categorical,site_name,-1.0,0.0,categorical:site_name,,,,,
HILp_QI163,categorical,race,-1.0,0.0,categorical:race,,,,,
HILp_QI163,categorical,sex,-1.0,0.0,categorical:sex,,,,,
HILp_QI163,categorical,general_wellbeing,-1.0,0.0,categorical:general_wellbeing,,,,,
HILp_QI163,squared_exponential,hbi,-4.8,0.0,squared_exponential:hbi,1.0,1.0,-4.804457807580093,3.198962198378177e-08,10.0
HILp_QI163,lin,hbi,-1.0,0.0,lin:hbi,1.0,1.0,-0.967526285955728,3.4592552561655795e-08,10.0
HILp_QI163,squared_exponential,study_days,-4.8,0.0,squared_exponential:study_days,,,,,
HILp_QI163,lin,study_days,-1.0,0.0,lin:study_days,,,,,
HILp_QI163,squared_exponential,age,-4.8,0.0,squared_exponential:age,,,,,
HILp_QI163,lin,age,-1.0,0.0,lin:age,,,,,
HILp_QI163,squared_exponential,time_from_max,-4.8,0.0,squared_exponential:time_from_max,1.0,1.0,-4.804462456604597,2.278264832333239e-08,10.0
HILp_QI163,lin,time_from_max,-1.0,0.0,lin:time_from_max,1.0,1.0,-0.9675456627239782,3.5525729456307335e-08,10.0
HILp_QI2598,categorical,participant_id,-1.0,0.0,categorical:participant_id,,,,,
HILp_QI2598,categorical,site_name,-1.0,0.0,categorical:site_name,,,,,
HILp_QI2598,categorical,race,-1.0,0.0,categorical:race,,,,,
HILp_QI2598,categorical,sex,-1.0,0.0,categorical:sex,,,,,
HILp_QI2598,categorical,general_wellbeing,-1.0,0.0,categorical:general_wellbeing,,,,,
HILp_QI2598,squared_exponential,hbi,-4.8,0.0,squared_exponential:hbi,0.5,1.0,-4.804452334154121,7.307522380420009e-06,60.0
HILp_QI2598,lin,hbi,0.1,1.0,lin:hbi,0.0815384615384615,0.287423076923077,-0.967560274495554,1.1731681285365645,60.0
HILp_QI2598,squared_exponential,study_days,-4.8,0.0,squared_exponential:study_days,,,,,
HILp_QI2598,lin,study_days,-1.0,0.0,lin:study_days,,,,,
HILp_QI2598,squared_exponential,age,-4.8,0.0,squared_exponential:age,,,,,
HILp_QI2598,lin,age,-1.0,0.0,lin:age,,,,,
HILp_QI2598,squared_exponential,time_from_max,-4.8,0.0,squared_exponential:time_from_max,1.0,1.0,-4.804464234320676,2.5443338286468753e-08,10.0
HILp_QI2598,lin,time_from_max,-1.0,0.0,lin:time_from_max,1.0,1.0,-0.9675294139610742,2.5536684309081572e-08,10.0
HILp_TF37,categorical,participant_id,-1.0,0.0,categorical:participant_id,,,,,
HILp_TF37,categorical,site_name,-1.0,0.506,categorical:site_name,,,,,
HILp_TF37,categorical,race,-1.0,0.0,categorical:race,,,,,
HILp_TF37,categorical,sex,-1.0,0.262,categorical:sex,,,,,
HILp_TF37,categorical,general_wellbeing,-1.0,0.003,categorical:general_wellbeing,,,,,
HILp_TF37,squared_exponential,hbi,-4.8,0.56,squared_exponential:hbi,1.0,1.0,-4.804454008896528,3.901996374456599e-07,10.0
HILp_TF37,lin,hbi,-1.0,0.0,lin:hbi,1.0,1.0,-0.9675260920557776,8.722902414810094e-07,10.0
HILp_TF37,squared_exponential,study_days,-4.8,0.0,squared_exponential:study_days,,,,,
HILp_TF37,lin,study_days,-1.0,0.0,lin:study_days,,,,,
HILp_TF37,squared_exponential,age,-4.8,0.365,squared_exponential:age,,,,,
HILp_TF37,lin,age,-1.0,0.0,lin:age,,,,,
HILp_TF37,squared_exponential,time_from_max,-4.8,0.0,squared_exponential:time_from_max,1.0,1.0,-4.804460907848352,6.874428286303453e-07,10.0
HILp_TF37,lin,time_from_max,-1.0,0.0,lin:time_from_max,1.0,1.0,-0.9675248540324902,7.386977499786901e-07,10.0
HILp_QI5874,categorical,participant_id,-1.0,0.0,categorical:participant_id,,,,,
HILp_QI5874,categorical,site_name,-1.0,0.0,categorical:site_name,,,,,
HILp_QI5874,categorical,race,-1.0,0.0,categorical:race,,,,,
HILp_QI5874,categorical,sex,0.4,0.71,categorical:sex,,,,,
HILp_QI5874,categorical,general_wellbeing,-1.0,0.0,categorical:general_wellbeing,,,,,
HILp_QI5874,squared_exponential,hbi,-4.8,0.0,squared_exponential:hbi,1.0,1.0,-4.804451765476642,1.622071999242853e-08,10.0
HILp_QI5874,lin,hbi,-1.0,0.0,lin:hbi,1.0,1.0,-0.9675356840245968,1.9263207181682785e-08,10.0
HILp_QI5874,squared_exponential,study_days,-4.8,0.0,squared_exponential:study_days,,,,,
HILp_QI5874,lin,study_days,-1.0,0.0,lin:study_days,,,,,
HILp_QI5874,squared_exponential,age,-4.8,0.0,squared_exponential:age,,,,,
HILp_QI5874,lin,age,-1.4,0.284,lin:age,,,,,
HILp_QI5874,squared_exponential,time_from_max,-4.8,0.0,squared_exponential:time_from_max,1.0,1.0,-4.804453927662053,2.1173717089477583e-08,10.0
HILp_QI5874,lin,time_from_max,-1.0,0.0,lin:time_from_max,1.0,1.0,-0.9675250768978004,2.012657765907408e-08,10.0
HILp_QI2466,categorical,participant_id,37.0,0.946,categorical:participant_id,,,,,
HILp_QI2466,categorical,site_name,-1.0,0.0,categorical:site_name,,,,,
HILp_QI2466,categorical,race,-1.0,0.0,categorical:race,,,,,
HILp_QI2466,categorical,sex,-1.0,0.0,categorical:sex,,,,,
HILp_QI2466,categorical,general_wellbeing,-1.0,0.0,categorical:general_wellbeing,,,,,
HILp_QI2466,squared_exponential,hbi,-4.8,0.0,squared_exponential:hbi,0.5,1.0,-4.804454827156405,1.910962325642612e-05,60.0
HILp_QI2466,lin,hbi,0.7,0.027,lin:hbi,0.0126346582956811,0.0593828939897012,-0.9677194489067916,0.4516061260518633,60.0
HILp_QI2466,squared_exponential,study_days,-4.8,0.0,squared_exponential:study_days,,,,,
HILp_QI2466,lin,study_days,-1.0,0.0,lin:study_days,,,,,
HILp_QI2466,squared_exponential,age,-4.8,0.0,squared_exponential:age,,,,,
HILp_QI2466,lin,age,-1.0,0.0,lin:age,,,,,
HILp_QI2466,squared_exponential,time_from_max,-4.8,0.0,squared_exponential:time_from_max,1.0,1.0,-4.804562010195923,3.91106605709004e-07,10.0
HILp_QI2466,lin,time_from_max,-1.0,0.0,lin:time_from_max,1.0,1.0,-0.967526974113298,4.996120089934902e-07,10.0
HILp_QI4241,categorical,participant_id,68.4,0.962,categorical:participant_id,,,,,
HILp_QI4241,categorical,site_name,-1.0,0.0,categorical:site_name,,,,,
HILp_QI4241,categorical,race,-1.0,0.0,categorical:race,,,,,
HILp_QI4241,categorical,sex,-1.0,0.0,categorical:sex,,,,,
HILp_QI4241,categorical,general_wellbeing,-1.0,0.0,categorical:general_wellbeing,,,,,
HILp_QI4241,squared_exponential,hbi,-4.8,0.0,squared_exponential:hbi,0.5,1.0,-4.804466863550942,1.1469519030334394e-05,60.0
HILp_QI4241,lin,hbi,0.5,0.022,lin:hbi,0.0126346582956811,0.0593828939897012,-0.9675812834491352,0.3883231175809033,60.0
HILp_QI4241,squared_exponential,study_days,-4.8,0.0,squared_exponential:study_days,,,,,
HILp_QI4241,lin,study_days,-1.0,0.0,lin:study_days,,,,,
HILp_QI4241,squared_exponential,age,-4.8,0.0,squared_exponential:age,,,,,
HILp_QI4241,lin,age,-1.0,0.0,lin:age,,,,,
HILp_QI4241,squared_exponential,time_from_max,-4.8,0.0,squared_exponential:time_from_max,1.0,1.0,-4.804459100020495,7.691926664929415e-08,10.0
HILp_QI4241,lin,time_from_max,-1.0,0.0,lin:time_from_max,1.0,1.0,-0.9675296121017708,9.197680655078205e-08,10.0
HILp_QI4845,categorical,participant_id,31.5,0.938,categorical:participant_id,,,,,
HILp_QI4845,categorical,site_name,-1.0,0.0,categorical:site_name,,,,,
HILp_QI4845,categorical,race,-1.0,0.0,categorical:race,,,,,
HILp_QI4845,categorical,sex,-1.0,0.0,categorical:sex,,,,,
HILp_QI4845,categorical,general_wellbeing,-1.0,0.0,categorical:general_wellbeing,,,,,
HILp_QI4845,squared_exponential,hbi,-4.8,0.0,squared_exponential:hbi,0.5,1.0,-4.804455065353977,1.59503716333778e-05,60.0
HILp_QI4845,lin,hbi,0.1,0.028,lin:hbi,0.02,0.0805714285714286,-0.9675609645389612,0.3832225880384109,60.0
HILp_QI4845,squared_exponential,study_days,-4.8,0.0,squared_exponential:study_days,,,,,
HILp_QI4845,lin,study_days,-1.0,0.0,lin:study_days,,,,,
HILp_QI4845,squared_exponential,age,-4.8,0.0,squared_exponential:age,,,,,
HILp_QI4845,lin,age,-1.0,0.0,lin:age,,,,,
HILp_QI4845,squared_exponential,time_from_max,-4.8,0.0,squared_exponential:time_from_max,1.0,1.0,-4.804461341647993,1.1978771807763288e-08,10.0
HILp_QI4845,lin,time_from_max,-1.0,0.0,lin:time_from_max,1.0,1.0,-0.9675303587021062,1.0881946486143389e-08,10.0
HILp_QI6844,categorical,participant_id,13.9,1.0,categorical:participant_id,,,,,
HILp_QI6844,categorical,site_name,-1.0,0.0,categorical:site_name,,,,,
HILp_QI6844,categorical,race,-1.0,0.0,categorical:race,,,,,
HILp_QI6844,categorical,sex,-1.0,0.0,categorical:sex,,,,,
HILp_QI6844,categorical,general_wellbeing,-1.0,0.0,categorical:general_wellbeing,,,,,
HILp_QI6844,squared_exponential,hbi,-4.8,0.0,squared_exponential:hbi,1.0,1.0,-4.804457118638766,4.1646912103142455e-08,10.0
HILp_QI6844,lin,hbi,-1.0,0.0,lin:hbi,1.0,1.0,-0.9675282889936624,2.9021358544853467e-08,10.0
HILp_QI6844,squared_exponential,study_days,-4.8,0.0,squared_exponential:study_days,,,,,
HILp_QI6844,lin,study_days,-1.0,0.0,lin:study_days,,,,,
HILp_QI6844,squared_exponential,age,-4.8,0.0,squared_exponential:age,,,,,
HILp_QI6844,lin,age,-1.0,0.0,lin:age,,,,,
HILp_QI6844,squared_exponential,time_from_max,-4.8,0.0,squared_exponential:time_from_max,1.0,1.0,-4.804455952733861,2.7141796386032262e-08,10.0
HILp_QI6844,lin,time_from_max,-1.0,0.0,lin:time_from_max,1.0,1.0,-0.9675283305850826,1.0171442314049758e-08,10.0
HILp_QI6120,categorical,participant_id,0.1,1.0,categorical:participant_id,,,,,
HILp_QI6120,categorical,site_name,-1.0,0.0,categorical:site_name,,,,,
HILp_QI6120,categorical,race,-1.0,0.0,categorical:race,,,,,
HILp_QI6120,categorical,sex,-1.0,0.0,categorical:sex,,,,,
HILp_QI6120,categorical,general_wellbeing,-1.0,0.0,categorical:general_wellbeing,,,,,
HILp_QI6120,squared_exponential,hbi,-4.8,0.0,squared_exponential:hbi,0.5,1.0,-4.804452376730069,7.345694727836755e-06,60.0
HILp_QI6120,lin,hbi,-1.9,0.089,lin:hbi,0.5,1.0,-0.9676949524284736,0.0001226930590345,60.0
HILp_QI6120,squared_exponential,study_days,-4.8,0.0,squared_exponential:study_days,,,,,
HILp_QI6120,lin,study_days,-1.0,0.0,lin:study_days,,,,,
HILp_QI6120,squared_exponential,age,-4.8,0.0,squared_exponential:age,,,,,
HILp_QI6120,lin,age,-1.0,0.0,lin:age,,,,,
HILp_QI6120,squared_exponential,time_from_max,-4.8,0.0,squared_exponential:time_from_max,1.0,1.0,-4.804452671910894,5.476947412092023e-09,10.0
HILp_QI6120,lin,time_from_max,-1.0,0.0,lin:time_from_max,1.0,1.0,-0.9675252559045476,1.0031305300843773e-08,10.0
HILp_QI8757,categorical,participant_id,-1.0,0.987,categorical:participant_id,,,,,
HILp_QI8757,categorical,site_name,-1.0,0.986,categorical:site_name,,,,,
HILp_QI8757,categorical,race,-1.0,0.991,categorical:race,,,,,
HILp_QI8757,categorical,sex,-1.0,1.0,categorical:sex,,,,,
HILp_QI8757,categorical,general_wellbeing,-1.0,0.99,categorical:general_wellbeing,,,,,
HILp_QI8757,squared_exponential,hbi,-4.8,0.987,squared_exponential:hbi,1.0,1.0,-4.804451912406421,2.5977007584906744e-08,10.0
HILp_QI8757,lin,hbi,-1.0,0.978,lin:hbi,1.0,1.0,-0.9675248714739836,2.67143796381047e-08,10.0
HILp_QI8757,squared_exponential,study_days,-4.8,0.994,squared_exponential:study_days,,,,,
HILp_QI8757,lin,study_days,-1.0,0.964,lin:study_days,,,,,
HILp_QI8757,squared_exponential,age,-4.8,0.99,squared_exponential:age,,,,,
HILp_QI8757,lin,age,-1.0,1.0,lin:age,,,,,
HILp_QI8757,squared_exponential,time_from_max,-4.8,0.978,squared_exponential:time_from_max,1.0,1.0,-4.8044516395322034,1.8171538737728196e-08,10.0
HILp_QI8757,lin,time_from_max,-1.0,0.971,lin:time_from_max,1.0,1.0,-0.967524946487856,3.970481252599839e-08,10.0
HILp_QI9350,categorical,participant_id,-1.0,0.749,categorical:participant_id,,,,,
HILp_QI9350,categorical,site_name,-1.0,0.749,categorical:site_name,,,,,
HILp_QI9350,categorical,race,-1.0,0.749,categorical:race,,,,,
HILp_QI9350,categorical,sex,-1.0,0.749,categorical:sex,,,,,
HILp_QI9350,categorical,general_wellbeing,-1.0,0.747,categorical:general_wellbeing,,,,,
HILp_QI9350,squared_exponential,hbi,-4.8,0.771,squared_exponential:hbi,1.0,1.0,-4.804451950789257,3.26711803205528e-08,10.0
HILp_QI9350,lin,hbi,-1.0,0.761,lin:hbi,1.0,1.0,-0.9675253745540432,1.835854400590539e-08,10.0
HILp_QI9350,squared_exponential,study_days,-4.8,0.765,squared_exponential:study_days,,,,,
HILp_QI9350,lin,study_days,-1.0,0.75,lin:study_days,,,,,
HILp_QI9350,squared_exponential,age,-4.8,0.783,squared_exponential:age,,,,,
HILp_QI9350,lin,age,-1.0,0.75,lin:age,,,,,
HILp_QI9350,squared_exponential,time_from_max,-4.8,0.768,squared_exponential:time_from_max,1.0,1.0,-4.804451942010928,1.3128730488087352e-08,10.0
HILp_QI9350,lin,time_from_max,-1.0,0.732,lin:time_from_max,1.0,1.0,-0.9675252669455858,1.6192653305189525e-08,10.0
HILp_QI9164,categorical,participant_id,-1.0,0.797,categorical:participant_id,,,,,
HILp_QI9164,categorical,site_name,-1.0,0.788,categorical:site_name,,,,,
HILp_QI9164,categorical,race,-1.0,0.819,categorical:race,,,,,
HILp_QI9164,categorical,sex,-1.0,0.794,categorical:sex,,,,,
HILp_QI9164,categorical,general_wellbeing,-1.0,0.786,categorical:general_wellbeing,,,,,
HILp_QI9164,squared_exponential,hbi,-4.8,0.779,squared_exponential:hbi,1.0,1.0,-4.804452511086083,2.018090478202597e-08,10.0
HILp_QI9164,lin,hbi,-1.0,0.825,lin:hbi,1.0,1.0,-0.9675346134802112,2.0575775204638167e-08,10.0
HILp_QI9164,squared_exponential,study_days,-4.8,0.895,squared_exponential:study_days,,,,,
HILp_QI9164,lin,study_days,-1.0,0.756,lin:study_days,,,,,
HILp_QI9164,squared_exponential,age,-4.8,0.74,squared_exponential:age,,,,,
HILp_QI9164,lin,age,-1.0,0.813,lin:age,,,,,
HILp_QI9164,squared_exponential,time_from_max,-4.8,0.851,squared_exponential:time_from_max,1.0,1.0,-4.804451857026379,4.6419166844459853e-08,10.0
HILp_QI9164,lin,time_from_max,-1.0,0.812,lin:time_from_max,1.0,1.0,-0.9675250804057214,4.2427441570072065e-08,10.0
HILp_QI10330,categorical,participant_id,0.8,0.851,categorical:participant_id,,,,,
HILp_QI10330,categorical,site_name,-1.0,0.0,categorical:site_name,,,,,
HILp_QI10330,categorical,race,-1.0,0.0,categorical:race,,,,,
HILp_QI10330,categorical,sex,-2.3,0.004,categorical:sex,,,,,
HILp_QI10330,categorical,general_wellbeing,-1.0,0.0,categorical:general_wellbeing,,,,,
HILp_QI10330,squared_exponential,hbi,-4.8,0.0,squared_exponential:hbi,0.5,1.0,-4.804454917789599,7.598239103454199e-06,60.0
HILp_QI10330,lin,hbi,-3.0,0.108,lin:hbi,0.5,1.0,-0.9675260573412744,7.600257361063573e-06,60.0
HILp_QI10330,squared_exponential,study_days,-4.8,0.0,squared_exponential:study_days,,,,,
HILp_QI10330,lin,study_days,-1.0,0.0,lin:study_days,,,,,
HILp_QI10330,squared_exponential,age,-4.8,0.0,squared_exponential:age,,,,,
HILp_QI10330,lin,age,-1.0,0.0,lin:age,,,,,
HILp_QI10330,squared_exponential,time_from_max,-4.8,0.0,squared_exponential:time_from_max,1.0,1.0,-4.804465216898052,6.657312700030033e-09,10.0
HILp_QI10330,lin,time_from_max,-1.0,0.0,lin:time_from_max,1.0,1.0,-0.9675278357374282,3.32662408594872e-08,10.0
HILp_QI11212,categorical,participant_id,23.6,0.951,categorical:participant_id,,,,,
HILp_QI11212,categorical,site_name,-1.0,0.0,categorical:site_name,,,,,
HILp_QI11212,categorical,race,-1.0,0.0,categorical:race,,,,,
HILp_QI11212,categorical,sex,-1.0,0.0,categorical:sex,,,,,
HILp_QI11212,categorical,general_wellbeing,-1.0,0.0,categorical:general_wellbeing,,,,,
HILp_QI11212,squared_exponential,hbi,-4.8,0.0,squared_exponential:hbi,0.5,1.0,-4.804454510819141,1.0318371561301782e-05,60.0
HILp_QI11212,lin,hbi,5.7,0.139,lin:hbi,5.104645227160809e-05,0.0003998638761275,-0.9676884196776429,0.217586115721943,60.0
HILp_QI11212,squared_exponential,study_days,-4.8,0.0,squared_exponential:study_days,,,,,
HILp_QI11212,lin,study_days,-1.0,0.0,lin:study_days,,,,,
HILp_QI11212,squared_exponential,age,-4.8,0.0,squared_exponential:age,,,,,
HILp_QI11212,lin,age,-1.0,0.0,lin:age,,,,,
HILp_QI11212,squared_exponential,time_from_max,-4.8,0.0,squared_exponential:time_from_max,1.0,1.0,-4.804457454762087,4.5928635082856703e-08,10.0
HILp_QI11212,lin,time_from_max,-1.0,0.0,lin:time_from_max,1.0,1.0,-0.9675278696117856,2.692219659571009e-08,10.0
HILp_QI11143,categorical,participant_id,15.1,0.962,categorical:participant_id,,,,,
HILp_QI11143,categorical,site_name,-1.0,0.0,categorical:site_name,,,,,
HILp_QI11143,categorical,race,-1.0,0.0,categorical:race,,,,,
HILp_QI11143,categorical,sex,-1.0,0.0,categorical:sex,,,,,
HILp_QI11143,categorical,general_wellbeing,-1.0,0.0,categorical:general_wellbeing,,,,,
HILp_QI11143,squared_exponential,hbi,-4.8,0.0,squared_exponential:hbi,0.5,1.0,-4.80445377605156,8.963040276041048e-06,60.0
HILp_QI11143,lin,hbi,1.0,0.113,lin:hbi,5.104645227160809e-05,0.0003998638761275,-0.9676583387745268,0.1449615831143469,60.0
HILp_QI11143,squared_exponential,study_days,-4.8,0.0,squared_exponential:study_days,,,,,
HILp_QI11143,lin,study_days,-1.0,0.0,lin:study_days,,,,,
HILp_QI11143,squared_exponential,age,-4.8,0.0,squared_exponential:age,,,,,
HILp_QI11143,lin,age,-1.0,0.0,lin:age,,,,,
HILp_QI11143,squared_exponential,time_from_max,-4.8,0.0,squared_exponential:time_from_max,1.0,1.0,-4.80445534299065,2.59245776795799e-08,10.0
HILp_QI11143,lin,time_from_max,-1.0,0.0,lin:time_from_max,1.0,1.0,-0.9675262260152522,4.1403967256494895e-08,10.0
HILp_QI11066,categorical,participant_id,-1.0,1.0,categorical:participant_id,,,,,
HILp_QI11066,categorical,site_name,-1.0,1.0,categorical:site_name,,,,,
HILp_QI11066,categorical,race,-1.0,1.0,categorical:race,,,,,
HILp_QI11066,categorical,sex,-1.0,1.0,categorical:sex,,,,,
HILp_QI11066,categorical,general_wellbeing,-1.0,1.0,categorical:general_wellbeing,,,,,
HILp_QI11066,squared_exponential,hbi,-4.8,1.0,squared_exponential:hbi,1.0,1.0,-4.804453566475104,1.8168781070262976e-08,10.0
HILp_QI11066,lin,hbi,-1.0,1.0,lin:hbi,1.0,1.0,-0.9675256948285096,2.8563095103488116e-08,10.0
HILp_QI11066,squared_exponential,study_days,-4.8,1.0,squared_exponential:study_days,,,,,
HILp_QI11066,lin,study_days,-1.0,1.0,lin:study_days,,,,,
HILp_QI11066,squared_exponential,age,-4.8,1.0,squared_exponential:age,,,,,
HILp_QI11066,lin,age,-1.0,1.0,lin:age,,,,,
HILp_QI11066,squared_exponential,time_from_max,-4.8,1.0,squared_exponential:time_from_max,1.0,1.0,-4.804452788252547,2.5092112686755123e-08,10.0
HILp_QI11066,lin,time_from_max,-1.0,1.0,lin:time_from_max,1.0,1.0,-0.9675257166099982,2.4380902360645e-08,10.0
HILp_QI11887,categorical,participant_id,43.1,0.928,categorical:participant_id,,,,,
HILp_QI11887,categorical,site_name,-1.0,0.0,categorical:site_name,,,,,
HILp_QI11887,categorical,race,-1.0,0.0,categorical:race,,,,,
HILp_QI11887,categorical,sex,-1.0,0.0,categorical:sex,,,,,
HILp_QI11887,categorical,general_wellbeing,-1.0,0.0,categorical:general_wellbeing,,,,,
HILp_QI11887,squared_exponential,hbi,-4.8,0.0,squared_exponential:hbi,0.5,1.0,-4.804454355937196,0.1359800256558769,60.0
HILp_QI11887,lin,hbi,11.3,0.124,lin:hbi,5.104645227160809e-05,0.0003998638761275,-0.9678265711170296,0.5377185374948719,60.0
HILp_QI11887,squared_exponential,study_days,-4.8,0.0,squared_exponential:study_days,,,,,
HILp_QI11887,lin,study_days,-1.0,0.0,lin:study_days,,,,,
HILp_QI11887,squared_exponential,age,-4.8,0.0,squared_exponential:age,,,,,
HILp_QI11887,lin,age,-1.0,0.0,lin:age,,,,,
HILp_QI11887,squared_exponential,time_from_max,-4.8,0.0,squared_exponential:time_from_max,1.0,1.0,-4.8044529911232985,1.7425303696966594e-07,10.0
HILp_QI11887,lin,time_from_max,-1.0,0.0,lin:time_from_max,1.0,1.0,-0.9675253942434666,1.4620117860590745e-07,10.0
HILp_TF24,categorical,participant_id,-1.0,1.0,categorical:participant_id,,,,,
HILp_TF24,categorical,site_name,-1.0,0.793,categorical:site_name,,,,,
HILp_TF24,categorical,race,-1.0,1.0,categorical:race,,,,,
HILp_TF24,categorical,sex,-1.0,0.975,categorical:sex,,,,,
HILp_TF24,categorical,general_wellbeing,-1.0,1.0,categorical:general_wellbeing,,,,,
HILp_TF24,squared_exponential,hbi,-4.8,1.0,squared_exponential:hbi,1.0,1.0,-4.804452772039667,6.021008781026603e-08,10.0
HILp_TF24,lin,hbi,-1.0,0.99,lin:hbi,1.0,1.0,-0.9675443186013126,5.784495053215532e-08,10.0
HILp_TF24,squared_exponential,study_days,-4.8,1.0,squared_exponential:study_days,,,,,
HILp_TF24,lin,study_days,-1.0,1.0,lin:study_days,,,,,
HILp_TF24,squared_exponential,age,-4.8,1.0,squared_exponential:age,,,,,
HILp_TF24,lin,age,-1.0,1.0,lin:age,,,,,
HILp_TF24,squared_exponential,time_from_max,-4.8,0.31,squared_exponential:time_from_max,1.0,1.0,-4.80445385134135,1.460337719076318e-07,10.0
HILp_TF24,lin,time_from_max,-1.0,1.0,lin:time_from_max,1.0,1.0,-0.9675248478579306,1.4569743409508845e-07,10.0
HILp_QI12539,categorical,participant_id,-1.0,0.0,categorical:participant_id,,,,,
HILp_QI12539,categorical,site_name,5.5,0.848,categorical:site_name,,,,,
HILp_QI12539,categorical,race,-1.0,0.0,categorical:race,,,,,
HILp_QI12539,categorical,sex,-1.2,0.147,categorical:sex,,,,,
HILp_QI12539,categorical,general_wellbeing,-1.0,0.0,categorical:general_wellbeing,,,,,
HILp_QI12539,squared_exponential,hbi,-4.8,0.0,squared_exponential:hbi,1.0,1.0,-4.804452535427117,9.334366408936457e-08,10.0
HILp_QI12539,lin,hbi,-1.0,0.0,lin:hbi,1.0,1.0,-0.9676096193356898,1.4051599988490316e-07,10.0
HILp_QI12539,squared_exponential,study_days,-4.8,0.0,squared_exponential:study_days,,,,,
HILp_QI12539,lin,study_days,-1.0,0.0,lin:study_days,,,,,
HILp_QI12539,squared_exponential,age,-4.8,0.0,squared_exponential:age,,,,,
HILp_QI12539,lin,age,-1.0,0.0,lin:age,,,,,
HILp_QI12539,squared_exponential,time_from_max,-4.8,0.0,squared_exponential:time_from_max,1.0,1.0,-4.804452535529208,1.0489757842272085e-07,10.0
HILp_QI12539,lin,time_from_max,-1.0,0.0,lin:time_from_max,1.0,1.0,-0.9675256795424048,9.280956528567207e-08,10.0
HILp_QI12494,categorical,participant_id,44.2,0.941,categorical:participant_id,,,,,
HILp_QI12494,categorical,site_name,-1.0,0.0,categorical:site_name,,,,,
HILp_QI12494,categorical,race,-1.0,0.0,categorical:race,,,,,
HILp_QI12494,categorical,sex,-1.0,0.0,categorical:sex,,,,,
HILp_QI12494,categorical,general_wellbeing,-1.0,0.0,categorical:general_wellbeing,,,,,
HILp_QI12494,squared_exponential,hbi,-4.8,0.0,squared_exponential:hbi,0.5,1.0,-4.804455451999729,7.418964755248627e-06,60.0
HILp_QI12494,lin,hbi,8.0,0.094,lin:hbi,5.104645227160809e-05,0.0003998638761275,-0.9678719211565294,0.3554183165580006,60.0
HILp_QI12494,squared_exponential,study_days,-4.8,0.0,squared_exponential:study_days,,,,,
HILp_QI12494,lin,study_days,-1.0,0.0,lin:study_days,,,,,
HILp_QI12494,squared_exponential,age,-4.8,0.0,squared_exponential:age,,,,,
HILp_QI12494,lin,age,-1.0,0.0,lin:age,,,,,
HILp_QI12494,squared_exponential,time_from_max,-4.8,0.0,squared_exponential:time_from_max,1.0,1.0,-4.804453781484199,2.0020028088364459e-07,10.0
HILp_QI12494,lin,time_from_max,-1.0,0.0,lin:time_from_max,1.0,1.0,-0.9675306339509008,2.274159321059573e-07,10.0
HILp_TF23,categorical,participant_id,-1.0,0.915,categorical:participant_id,,,,,
HILp_TF23,categorical,site_name,-1.0,0.916,categorical:site_name,,,,,
HILp_TF23,categorical,race,-1.0,0.922,categorical:race,,,,,
HILp_TF23,categorical,sex,-1.0,0.922,categorical:sex,,,,,
HILp_TF23,categorical,general_wellbeing,-1.0,0.914,categorical:general_wellbeing,,,,,
HILp_TF23,squared_exponential,hbi,-4.8,0.836,squared_exponential:hbi,1.0,1.0,-4.804451482923014,1.458786109432816e-07,10.0
HILp_TF23,lin,hbi,-1.0,0.933,lin:hbi,1.0,1.0,-0.967525027775764,2.985077143865224e-07,10.0
HILp_TF23,squared_exponential,study_days,-4.8,0.934,squared_exponential:study_days,,,,,
HILp_TF23,lin,study_days,-1.0,0.91,lin:study_days,,,,,
HILp_TF23,squared_exponential,age,-4.8,0.915,squared_exponential:age,,,,,
HILp_TF23,lin,age,-1.0,0.895,lin:age,,,,,
HILp_TF23,squared_exponential,time_from_max,-4.8,0.689,squared_exponential:time_from_max,1.0,1.0,-4.804451582879892,3.645292429737219e-09,10.0
HILp_TF23,lin,time_from_max,-1.0,0.885,lin:time_from_max,1.0,1.0,-0.967524803163542,1.6094579573157157e-07,10.0
HILp_QI12459,categorical,participant_id,26.8,0.928,categorical:participant_id,,,,,
HILp_QI12459,categorical,site_name,-1.0,0.0,categorical:site_name,,,,,
HILp_QI12459,categorical,race,-1.0,0.0,categorical:race,,,,,
HILp_QI12459,categorical,sex,-1.0,0.0,categorical:sex,,,,,
HILp_QI12459,categorical,general_wellbeing,-1.0,0.0,categorical:general_wellbeing,,,,,
HILp_QI12459,squared_exponential,hbi,-4.8,0.0,squared_exponential:hbi,0.5,1.0,-4.804454187940792,6.178050075976407e-06,60.0
HILp_QI12459,lin,hbi,5.1,0.09,lin:hbi,5.104645227160809e-05,0.0003998638761275,-0.9675704624751232,0.1749398203546533,60.0
HILp_QI12459,squared_exponential,study_days,-4.8,0.0,squared_exponential:study_days,,,,,
HILp_QI12459,lin,study_days,-1.0,0.0,lin:study_days,,,,,
HILp_QI12459,squared_exponential,age,-4.8,0.0,squared_exponential:age,,,,,
HILp_QI12459,lin,age,-1.0,0.0,lin:age,,,,,
HILp_QI12459,squared_exponential,time_from_max,-4.8,0.0,squared_exponential:time_from_max,1.0,1.0,-4.804454040509654,3.639240786612546e-08,10.0
HILp_QI12459,lin,time_from_max,-1.0,0.0,lin:time_from_max,1.0,1.0,-0.9675270432826436,5.967262956014609e-08,10.0
HILp_QI13219,categorical,participant_id,-1.0,0.0,categorical:participant_id,,,,,
HILp_QI13219,categorical,site_name,-1.6,0.402,categorical:site_name,,,,,
HILp_QI13219,categorical,race,-1.0,0.0,categorical:race,,,,,
HILp_QI13219,categorical,sex,-1.0,0.0,categorical:sex,,,,,
HILp_QI13219,categorical,general_wellbeing,-1.1,0.365,categorical:general_wellbeing,,,,,
HILp_QI13219,squared_exponential,hbi,-4.8,0.0,squared_exponential:hbi,1.0,1.0,-4.804452551327131,2.9109260820095132e-08,10.0
HILp_QI13219,lin,hbi,-1.0,0.0,lin:hbi,1.0,1.0,-0.9675258478671368,2.904521979461493e-08,10.0
HILp_QI13219,squared_exponential,study_days,-4.8,0.0,squared_exponential:study_days,,,,,
HILp_QI13219,lin,study_days,-1.0,0.0,lin:study_days,,,,,
HILp_QI13219,squared_exponential,age,-4.8,0.0,squared_exponential:age,,,,,
HILp_QI13219,lin,age,-1.0,0.0,lin:age,,,,,
HILp_QI13219,squared_exponential,time_from_max,-4.8,0.0,squared_exponential:time_from_max,1.0,1.0,-4.804453763792708,2.8622900370766453e-08,10.0
HILp_QI13219,lin,time_from_max,-1.0,0.0,lin:time_from_max,1.0,1.0,-0.9675258287418274,4.237221156477725e-08,10.0
HILp_QI13031,categorical,participant_id,-1.0,0.0,categorical:participant_id,,,,,
HILp_QI13031,categorical,site_name,-1.0,0.0,categorical:site_name,,,,,
HILp_QI13031,categorical,race,-1.0,0.0,categorical:race,,,,,
HILp_QI13031,categorical,sex,-1.0,0.0,categorical:sex,,,,,
HILp_QI13031,categorical,general_wellbeing,-1.0,0.0,categorical:general_wellbeing,,,,,
HILp_QI13031,squared_exponential,hbi,-4.8,0.0,squared_exponential:hbi,1.0,1.0,-4.80445787255303,3.56963563949249e-08,10.0
HILp_QI13031,lin,hbi,-1.0,0.0,lin:hbi,1.0,1.0,-0.9675301607712754,3.74526411090249e-08,10.0
HILp_QI13031,squared_exponential,study_days,-4.8,0.0,squared_exponential:study_days,,,,,
HILp_QI13031,lin,study_days,-1.0,0.0,lin:study_days,,,,,
HILp_QI13031,squared_exponential,age,-4.8,0.0,squared_exponential:age,,,,,
HILp_QI13031,lin,age,-0.7,1.0,lin:age,,,,,
HILp_QI13031,squared_exponential,time_from_max,-4.8,0.0,squared_exponential:time_from_max,1.0,1.0,-4.804458883829739,9.031472551265052e-07,60.0
HILp_QI13031,lin,time_from_max,-1.0,0.0,lin:time_from_max,1.0,1.0,-0.9675326866586146,9.605524512147463e-07,60.0
HILp_QI2602,categorical,participant_id,49.6,0.875,categorical:participant_id,,,,,
HILp_QI2602,categorical,site_name,-1.0,0.0,categorical:site_name,,,,,
HILp_QI2602,categorical,race,-1.0,0.0,categorical:race,,,,,
HILp_QI2602,categorical,sex,-1.0,0.0,categorical:sex,,,,,
HILp_QI2602,categorical,general_wellbeing,-1.0,0.0,categorical:general_wellbeing,,,,,
HILp_QI2602,squared_exponential,hbi,-4.8,0.0,squared_exponential:hbi,0.5,1.0,-4.804454523181903,4.2822357250592815e-05,60.0
HILp_QI2602,lin,hbi,3.9,0.058,lin:hbi,0.0058765081528933,0.0321781611478818,-0.9679687939237738,1.0001274897636716,60.0
HILp_QI2602,squared_exponential,study_days,-4.8,0.0,squared_exponential:study_days,,,,,
HILp_QI2602,lin,study_days,-1.0,0.0,lin:study_days,,,,,
HILp_QI2602,squared_exponential,age,-4.8,0.0,squared_exponential:age,,,,,
HILp_QI2602,lin,age,-1.0,0.0,lin:age,,,,,
HILp_QI2602,squared_exponential,time_from_max,-4.8,0.0,squared_exponential:time_from_max,1.0,1.0,-4.804453140923215,2.9516385752007323e-08,10.0
HILp_QI2602,lin,time_from_max,-1.0,0.0,lin:time_from_max,1.0,1.0,-0.967526781258357,2.913653458084306e-08,10.0
HILp_QI8513,categorical,participant_id,-1.0,0.0,categorical:participant_id,,,,,
HILp_QI8513,categorical,site_name,-1.0,0.0,categorical:site_name,,,,,
HILp_QI8513,categorical,race,-1.0,0.0,categorical:race,,,,,
HILp_QI8513,categorical,sex,-0.6,0.277,categorical:sex,,,,,
HILp_QI8513,categorical,general_wellbeing,-1.0,0.0,categorical:general_wellbeing,,,,,
HILp_QI8513,squared_exponential,hbi,-4.8,0.0,squared_exponential:hbi,0.5,1.0,-4.804452234373684,1.7472410298265954e-06,60.0
HILp_QI8513,lin,hbi,7.6,1.0,lin:hbi,0.0126346582956811,0.0593828939897012,-0.9675259281621038,2.2771621774836137,60.0
HILp_QI8513,squared_exponential,study_days,-4.8,0.0,squared_exponential:study_days,,,,,
HILp_QI8513,lin,study_days,-1.0,0.0,lin:study_days,,,,,
HILp_QI8513,squared_exponential,age,-4.8,0.0,squared_exponential:age,,,,,
HILp_QI8513,lin,age,-1.0,0.0,lin:age,,,,,
HILp_QI8513,squared_exponential,time_from_max,-4.8,0.0,squared_exponential:time_from_max,1.0,1.0,-4.804455665181877,1.1646117596145303e-09,10.0
HILp_QI8513,lin,time_from_max,-1.0,0.0,lin:time_from_max,1.0,1.0,-0.967525268554482,2.589972406044126e-09,10.0
HILp_QI10472,categorical,participant_id,-1.0,0.0,categorical:participant_id,,,,,
HILp_QI10472,categorical,site_name,-1.0,0.0,categorical:site_name,,,,,
HILp_QI10472,categorical,race,-1.0,0.0,categorical:race,,,,,
HILp_QI10472,categorical,sex,-1.0,0.0,categorical:sex,,,,,
HILp_QI10472,categorical,general_wellbeing,-1.0,0.0,categorical:general_wellbeing,,,,,
HILp_QI10472,squared_exponential,hbi,-4.8,0.0,squared_exponential:hbi,0.5,1.0,-4.804510224806563,4.253441441282048e-05,60.0
HILp_QI10472,lin,hbi,-0.6,0.022,lin:hbi,0.0323076923076923,0.1248050579557431,-0.96915534276377,0.1574510537849686,60.0
HILp_QI10472,squared_exponential,study_days,-4.8,0.0,squared_exponential:study_days,,,,,
HILp_QI10472,lin,study_days,-1.0,0.0,lin:study_days,,,,,
HILp_QI10472,squared_exponential,age,28.3,0.878,squared_exponential:age,,,,,
HILp_QI10472,lin,age,-1.0,0.0,lin:age,,,,,
HILp_QI10472,squared_exponential,time_from_max,-4.8,0.0,squared_exponential:time_from_max,1.0,1.0,-4.804562960576504,5.929782209067066e-09,10.0
HILp_QI10472,lin,time_from_max,-1.0,0.0,lin:time_from_max,1.0,1.0,-0.967686996818884,7.2595134178661414e-09,10.0
HILp_QI1756,categorical,participant_id,-1.0,0.0,categorical:participant_id,,,,,
HILp_QI1756,categorical,site_name,-1.0,0.0,categorical:site_name,,,,,
HILp_QI1756,categorical,race,-1.0,0.0,categorical:race,,,,,
HILp_QI1756,categorical,sex,-1.0,0.0,categorical:sex,,,,,
HILp_QI1756,categorical,general_wellbeing,-1.0,0.0,categorical:general_wellbeing,,,,,
HILp_QI1756,squared_exponential,hbi,-4.8,0.0,squared_exponential:hbi,1.0,1.0,-4.804453549043728,1.4983414706749431e-09,10.0
HILp_QI1756,lin,hbi,-1.0,0.0,lin:hbi,1.0,1.0,-0.9675260251442525,1.5429158900420476e-09,10.0
HILp_QI1756,squared_exponential,study_days,-4.8,0.0,squared_exponential:study_days,,,,,
HILp_QI1756,lin,study_days,-1.0,0.0,lin:study_days,,,,,
HILp_QI1756,squared_exponential,age,-4.8,0.0,squared_exponential:age,,,,,
HILp_QI1756,lin,age,3.7,1.0,lin:age,,,,,
HILp_QI1756,squared_exponential,time_from_max,-4.8,0.0,squared_exponential:time_from_max,1.0,1.0,-4.804452879076735,1.1183272250530967e-09,10.0
HILp_QI1756,lin,time_from_max,-1.0,0.0,lin:time_from_max,1.0,1.0,-0.9675260264721146,1.5358712708884336e-09,10.0
HILp_QI7751,categorical,participant_id,-1.0,0.0,categorical:participant_id,,,,,
HILp_QI7751,categorical,site_name,-1.0,0.0,categorical:site_name,,,,,
HILp_QI7751,categorical,race,-1.0,0.0,categorical:race,,,,,
HILp_QI7751,categorical,sex,-1.0,0.0,categorical:sex,,,,,
HILp_QI7751,categorical,general_wellbeing,-1.0,0.0,categorical:general_wellbeing,,,,,
HILp_QI7751,squared_exponential,hbi,-4.8,0.0,squared_exponential:hbi,1.0,1.0,-4.80445224007758,1.0966299066264332e-08,10.0
HILp_QI7751,lin,hbi,-1.0,0.0,lin:hbi,1.0,1.0,-0.9675255453901171,1.879854285593131e-08,10.0
HILp_QI7751,squared_exponential,study_days,-4.8,0.0,squared_exponential:study_days,,,,,
HILp_QI7751,lin,study_days,-0.8,1.0,lin:study_days,,,,,
HILp_QI7751,squared_exponential,age,-4.8,0.0,squared_exponential:age,,,,,
HILp_QI7751,lin,age,-1.0,0.0,lin:age,,,,,
HILp_QI7751,squared_exponential,time_from_max,-4.8,0.0,squared_exponential:time_from_max,1.0,1.0,-4.80445878644332,1.0601611618466036e-08,10.0
HILp_QI7751,lin,time_from_max,-1.0,0.0,lin:time_from_max,1.0,1.0,-0.9675255652855412,1.1184223119311689e-08,10.0
HILp_QI2793,categorical,participant_id,-1.0,0.992,categorical:participant_id,,,,,
HILp_QI2793,categorical,site_name,-1.0,0.986,categorical:site_name,,,,,
HILp_QI2793,categorical,race,-1.0,1.0,categorical:race,,,,,
HILp_QI2793,categorical,sex,-1.0,1.0,categorical:sex,,,,,
HILp_QI2793,categorical,general_wellbeing,-1.0,0.98,categorical:general_wellbeing,,,,,
HILp_QI2793,squared_exponential,hbi,-4.8,1.0,squared_exponential:hbi,1.0,1.0,-4.804455072199744,4.189972834490906e-08,10.0
HILp_QI2793,lin,hbi,-1.0,1.0,lin:hbi,1.0,1.0,-0.9675253236375738,3.12976544573975e-08,10.0
HILp_QI2793,squared_exponential,study_days,-4.8,1.0,squared_exponential:study_days,,,,,
HILp_QI2793,lin,study_days,-1.0,1.0,lin:study_days,,,,,
HILp_QI2793,squared_exponential,age,-4.8,0.958,squared_exponential:age,,,,,
HILp_QI2793,lin,age,-1.0,0.996,lin:age,,,,,
HILp_QI2793,squared_exponential,time_from_max,-4.8,0.942,squared_exponential:time_from_max,1.0,1.0,-4.804459486239239,3.459851866298132e-08,10.0
HILp_QI2793,lin,time_from_max,-1.0,1.0,lin:time_from_max,1.0,1.0,-0.9675252965917024,4.7707991868489794e-08,10.0
HILp_QI2638,categorical,participant_id,-1.0,0.0,categorical:participant_id,,,,,
HILp_QI2638,categorical,site_name,-1.0,0.0,categorical:site_name,,,,,
HILp_QI2638,categorical,race,-1.0,0.0,categorical:race,,,,,
HILp_QI2638,categorical,sex,-1.0,0.0,categorical:sex,,,,,
HILp_QI2638,categorical,general_wellbeing,-1.0,0.0,categorical:general_wellbeing,,,,,
HILp_QI2638,squared_exponential,hbi,-4.8,0.0,squared_exponential:hbi,0.5,1.0,-4.804453455139992,7.822372720209143e-06,60.0
HILp_QI2638,lin,hbi,0.8,0.7,lin:hbi,0.0050423212499061,0.0296236373431984,-0.9677634210740962,0.3451420563322559,60.0
HILp_QI2638,squared_exponential,study_days,-4.8,0.0,squared_exponential:study_days,,,,,
HILp_QI2638,lin,study_days,-1.0,0.0,lin:study_days,,,,,
HILp_QI2638,squared_exponential,age,-4.8,0.0,squared_exponential:age,,,,,
HILp_QI2638,lin,age,0.1,0.571,lin:age,,,,,
HILp_QI2638,squared_exponential,time_from_max,-4.8,0.0,squared_exponential:time_from_max,1.0,1.0,-4.804471814421277,2.3546485603560657e-07,10.0
HILp_QI2638,lin,time_from_max,-1.0,0.0,lin:time_from_max,1.0,1.0,-0.9675303512601658,1.5347110896065499e-07,10.0
HILp_TF8,categorical,participant_id,-1.0,0.898,categorical:participant_id,,,,,
HILp_TF8,categorical,site_name,-1.0,0.927,categorical:site_name,,,,,
HILp_TF8,categorical,race,-1.0,0.941,categorical:race,,,,,
HILp_TF8,categorical,sex,-1.0,0.939,categorical:sex,,,,,
HILp_TF8,categorical,general_wellbeing,-1.0,0.918,categorical:general_wellbeing,,,,,
HILp_TF8,squared_exponential,hbi,-4.8,0.888,squared_exponential:hbi,1.0,1.0,-4.804455947838733,6.641824136988821e-07,10.0
HILp_TF8,lin,hbi,-1.0,0.928,lin:hbi,1.0,1.0,-0.9675276926654988,7.671120073523396e-07,10.0
HILp_TF8,squared_exponential,study_days,-4.8,0.914,squared_exponential:study_days,,,,,
HILp_TF8,lin,study_days,-1.0,0.922,lin:study_days,,,,,
HILp_TF8,squared_exponential,age,-4.8,0.906,squared_exponential:age,,,,,
HILp_TF8,lin,age,-1.0,0.935,lin:age,,,,,
HILp_TF8,squared_exponential,time_from_max,-4.8,0.856,squared_exponential:time_from_max,1.0,1.0,-4.804461702002072,5.958526094279947e-07,10.0
HILp_TF8,lin,time_from_max,-1.0,0.934,lin:time_from_max,1.0,1.0,-0.9675505742620772,3.9554679787885867e-07,10.0
HILp_QI418,categorical,participant_id,34.2,1.0,categorical:participant_id,,,,,
HILp_QI418,categorical,site_name,-1.0,0.0,categorical:site_name,,,,,
HILp_QI418,categorical,race,-1.0,0.0,categorical:race,,,,,
HILp_QI418,categorical,sex,-1.0,0.0,categorical:sex,,,,,
HILp_QI418,categorical,general_wellbeing,-1.0,0.0,categorical:general_wellbeing,,,,,
HILp_QI418,squared_exponential,hbi,-4.8,0.0,squared_exponential:hbi,1.0,1.0,-4.804452124589488,9.928397128577463e-10,10.0
HILp_QI418,lin,hbi,-1.0,0.0,lin:hbi,1.0,1.0,-0.9675282117207188,6.4289362654154954e-09,10.0
HILp_QI418,squared_exponential,study_days,-4.8,0.0,squared_exponential:study_days,,,,,
HILp_QI418,lin,study_days,-1.0,0.0,lin:study_days,,,,,
HILp_QI418,squared_exponential,age,-4.8,0.0,squared_exponential:age,,,,,
HILp_QI418,lin,age,-1.0,0.0,lin:age,,,,,
HILp_QI418,squared_exponential,time_from_max,-4.8,0.0,squared_exponential:time_from_max,1.0,1.0,-4.804454756566429,2.4583141369203993e-09,10.0
HILp_QI418,lin,time_from_max,-1.0,0.0,lin:time_from_max,1.0,1.0,-0.9675311328164752,1.4016737605103408e-08,10.0
HILp_QI1750,categorical,participant_id,46.0,1.0,categorical:participant_id,,,,,
HILp_QI1750,categorical,site_name,-1.0,0.0,categorical:site_name,,,,,
HILp_QI1750,categorical,race,-1.0,0.0,categorical:race,,,,,
HILp_QI1750,categorical,sex,-1.0,0.0,categorical:sex,,,,,
HILp_QI1750,categorical,general_wellbeing,-1.0,0.0,categorical:general_wellbeing,,,,,
HILp_QI1750,squared_exponential,hbi,-4.8,0.0,squared_exponential:hbi,1.0,1.0,-4.80529584466899,2.4756140806737183e-08,10.0
HILp_QI1750,lin,hbi,-1.0,0.0,lin:hbi,1.0,1.0,-0.967528108829356,4.186980967902648e-08,10.0
HILp_QI1750,squared_exponential,study_days,-4.8,0.0,squared_exponential:study_days,,,,,
HILp_QI1750,lin,study_days,-1.0,0.0,lin:study_days,,,,,
HILp_QI1750,squared_exponential,age,-4.8,0.0,squared_exponential:age,,,,,
HILp_QI1750,lin,age,-1.0,0.0,lin:age,,,,,
HILp_QI1750,squared_exponential,time_from_max,-4.8,0.0,squared_exponential:time_from_max,1.0,1.0,-4.804454813033317,3.8944508073078374e-08,10.0
HILp_QI1750,lin,time_from_max,-1.0,0.0,lin:time_from_max,1.0,1.0,-0.9675281414763504,5.4982623054251037e-08,10.0
HILp_QI1929,categorical,participant_id,-1.0,0.0,categorical:participant_id,,,,,
HILp_QI1929,categorical,site_name,-1.0,0.0,categorical:site_name,,,,,
HILp_QI1929,categorical,race,-1.0,0.0,categorical:race,,,,,
HILp_QI1929,categorical,sex,-1.0,0.0,categorical:sex,,,,,
HILp_QI1929,categorical,general_wellbeing,-1.0,0.0,categorical:general_wellbeing,,,,,
HILp_QI1929,squared_exponential,hbi,-4.8,0.0,squared_exponential:hbi,1.0,1.0,-4.8044523472922265,2.4703277793419763e-09,10.0
HILp_QI1929,lin,hbi,-1.0,0.0,lin:hbi,1.0,1.0,-0.9675255755118995,9.161151354588614e-09,10.0
HILp_QI1929,squared_exponential,study_days,-4.8,0.0,squared_exponential:study_days,,,,,
HILp_QI1929,lin,study_days,-1.0,0.0,lin:study_days,,,,,
HILp_QI1929,squared_exponential,age,-4.8,0.0,squared_exponential:age,,,,,
HILp_QI1929,lin,age,1.5,1.0,lin:age,,,,,
HILp_QI1929,squared_exponential,time_from_max,-4.8,0.0,squared_exponential:time_from_max,1.0,1.0,-4.804452849563859,2.521516768500327e-09,10.0
HILp_QI1929,lin,time_from_max,-1.0,0.0,lin:time_from_max,1.0,1.0,-0.9675255719844243,4.345419049785732e-09,10.0
HILp_QI3985,categorical,participant_id,-1.0,0.0,categorical:participant_id,,,,,
HILp_QI3985,categorical,site_name,-1.0,0.0,categorical:site_name,,,,,
HILp_QI3985,categorical,race,-1.0,0.0,categorical:race,,,,,
HILp_QI3985,categorical,sex,-0.3,0.095,categorical:sex,,,,,
HILp_QI3985,categorical,general_wellbeing,-1.0,0.0,categorical:general_wellbeing,,,,,
HILp_QI3985,squared_exponential,hbi,-4.8,0.0,squared_exponential:hbi,0.5,1.0,-4.804454226755979,5.135248710563028e-06,60.0
HILp_QI3985,lin,hbi,3.2,0.218,lin:hbi,0.0031854003004807,0.020650181258289,-0.9683311111350577,0.748715218539155,60.0
HILp_QI3985,squared_exponential,study_days,-4.8,0.0,squared_exponential:study_days,,,,,
HILp_QI3985,lin,study_days,-1.0,0.0,lin:study_days,,,,,
HILp_QI3985,squared_exponential,age,6.6,0.487,squared_exponential:age,,,,,
HILp_QI3985,lin,age,-1.0,0.0,lin:age,,,,,
HILp_QI3985,squared_exponential,time_from_max,-4.8,0.0,squared_exponential:time_from_max,1.0,1.0,-4.804452748811855,1.5911154158330627e-08,10.0
HILp_QI3985,lin,time_from_max,-1.0,0.0,lin:time_from_max,1.0,1.0,-0.967526474075612,1.8899599018017693e-08,10.0
HILp_QI2601,categorical,participant_id,-1.0,0.0,categorical:participant_id,,,,,
HILp_QI2601,categorical,site_name,-0.9,0.728,categorical:site_name,,,,,
HILp_QI2601,categorical,race,-1.0,0.0,categorical:race,,,,,
HILp_QI2601,categorical,sex,-1.6,0.394,categorical:sex,,,,,
HILp_QI2601,categorical,general_wellbeing,-1.0,0.0,categorical:general_wellbeing,,,,,
HILp_QI2601,squared_exponential,hbi,-4.8,0.0,squared_exponential:hbi,1.0,1.0,-4.80445338768368,6.275365478388334e-07,10.0
HILp_QI2601,lin,hbi,-1.0,0.0,lin:hbi,1.0,1.0,-0.967526592134618,6.859909651479255e-07,10.0
HILp_QI2601,squared_exponential,study_days,-4.8,0.0,squared_exponential:study_days,,,,,
HILp_QI2601,lin,study_days,-1.0,0.0,lin:study_days,,,,,
HILp_QI2601,squared_exponential,age,-4.8,0.0,squared_exponential:age,,,,,
HILp_QI2601,lin,age,-1.0,0.0,lin:age,,,,,
HILp_QI2601,squared_exponential,time_from_max,-4.8,0.0,squared_exponential:time_from_max,1.0,1.0,-4.804455499140204,6.358336143443441e-07,10.0
HILp_QI2601,lin,time_from_max,-1.0,0.0,lin:time_from_max,1.0,1.0,-0.9675556046686324,6.663483659749038e-07,10.0
HILp_TF4,categorical,participant_id,-1.0,1.0,categorical:participant_id,,,,,
HILp_TF4,categorical,site_name,-1.0,1.0,categorical:site_name,,,,,
HILp_TF4,categorical,race,-1.0,0.0,categorical:race,,,,,
HILp_TF4,categorical,sex,-1.0,1.0,categorical:sex,,,,,
HILp_TF4,categorical,general_wellbeing,-1.0,0.0,categorical:general_wellbeing,,,,,
HILp_TF4,squared_exponential,hbi,-4.8,0.0,squared_exponential:hbi,0.5,1.0,-4.804502101981598,1.7309742630277714e-06,60.0
HILp_TF4,lin,hbi,-1.0,0.0,lin:hbi,0.5,1.0,-0.9676415446901956,6.633346400678367e-06,60.0
HILp_TF4,squared_exponential,study_days,-4.8,0.228,squared_exponential:study_days,,,,,
HILp_TF4,lin,study_days,-1.0,0.0,lin:study_days,,,,,
HILp_TF4,squared_exponential,age,-4.8,0.0,squared_exponential:age,,,,,
HILp_TF4,lin,age,-1.0,0.0,lin:age,,,,,
HILp_TF4,squared_exponential,time_from_max,-4.8,0.0,squared_exponential:time_from_max,1.0,1.0,-4.804462094921746,8.472518388943466e-08,10.0
HILp_TF4,lin,time_from_max,-1.0,0.0,lin:time_from_max,1.0,1.0,-0.9675250194600268,1.2060252873845118e-07,10.0
HILp_QI7860,categorical,participant_id,-1.0,0.0,categorical:participant_id,,,,,
HILp_QI7860,categorical,site_name,-1.1,0.24,categorical:site_name,,,,,
HILp_QI7860,categorical,race,-1.0,0.0,categorical:race,,,,,
HILp_QI7860,categorical,sex,-1.3,0.18,categorical:sex,,,,,
HILp_QI7860,categorical,general_wellbeing,-1.0,0.0,categorical:general_wellbeing,,,,,
HILp_QI7860,squared_exponential,hbi,-4.8,0.0,squared_exponential:hbi,0.5,1.0,-4.804473137347031,2.664112046233581e-05,60.0
HILp_QI7860,lin,hbi,7.7,0.677,lin:hbi,0.0043265495300532,0.0259592971803197,-0.9678502367785312,1.6520901168096809,60.0
HILp_QI7860,squared_exponential,study_days,-4.8,0.0,squared_exponential:study_days,,,,,
HILp_QI7860,lin,study_days,-1.0,0.0,lin:study_days,,,,,
HILp_QI7860,squared_exponential,age,-4.8,0.0,squared_exponential:age,,,,,
HILp_QI7860,lin,age,-1.0,0.0,lin:age,,,,,
HILp_QI7860,squared_exponential,time_from_max,-4.8,0.0,squared_exponential:time_from_max,1.0,1.0,-4.804453226288842,6.178702644354139e-08,10.0
HILp_QI7860,lin,time_from_max,-1.0,0.0,lin:time_from_max,1.0,1.0,-0.967526619997443,7.760193666721296e-08,10.0
HILp_QI1989,categorical,participant_id,48.7,0.865,categorical:participant_id,,,,,
HILp_QI1989,categorical,site_name,-1.0,0.0,categorical:site_name,,,,,
HILp_QI1989,categorical,race,-1.0,0.0,categorical:race,,,,,
HILp_QI1989,categorical,sex,-1.0,0.0,categorical:sex,,,,,
HILp_QI1989,categorical,general_wellbeing,-1.7,0.029,categorical:general_wellbeing,,,,,
HILp_QI1989,squared_exponential,hbi,-4.8,0.0,squared_exponential:hbi,0.5,1.0,-4.804460042115579,2.594035454791233e-05,60.0
HILp_QI1989,lin,hbi,-1.0,0.0,lin:hbi,0.1430769230769231,0.4719028340080972,-0.9679359230699448,0.36281525763412,60.0
HILp_QI1989,squared_exponential,study_days,-4.8,0.0,squared_exponential:study_days,,,,,
HILp_QI1989,lin,study_days,-1.0,0.0,lin:study_days,,,,,
HILp_QI1989,squared_exponential,age,-4.8,0.0,squared_exponential:age,,,,,
HILp_QI1989,lin,age,-1.0,0.0,lin:age,,,,,
HILp_QI1989,squared_exponential,time_from_max,-4.8,0.0,squared_exponential:time_from_max,1.0,1.0,-4.804493874203899,3.246034769888963e-08,10.0
HILp_QI1989,lin,time_from_max,-1.0,0.0,lin:time_from_max,1.0,1.0,-0.9675659797383104,2.4939251588985233e-08,10.0
HILp_QI4966,categorical,participant_id,-1.0,0.0,categorical:participant_id,,,,,
HILp_QI4966,categorical,site_name,-2.1,0.033,categorical:site_name,,,,,
HILp_QI4966,categorical,race,-1.0,0.0,categorical:race,,,,,
HILp_QI4966,categorical,sex,-1.0,0.0,categorical:sex,,,,,
HILp_QI4966,categorical,general_wellbeing,-1.0,0.0,categorical:general_wellbeing,,,,,
HILp_QI4966,squared_exponential,hbi,-4.8,0.0,squared_exponential:hbi,1.0,1.0,-4.804452385478044,6.214138791480534e-10,10.0
HILp_QI4966,lin,hbi,-1.0,0.0,lin:hbi,1.0,1.0,-0.967525730917714,8.766937985209058e-10,10.0
HILp_QI4966,squared_exponential,study_days,-4.5,0.242,squared_exponential:study_days,,,,,
HILp_QI4966,lin,study_days,-1.0,0.0,lin:study_days,,,,,
HILp_QI4966,squared_exponential,age,-4.8,0.0,squared_exponential:age,,,,,
HILp_QI4966,lin,age,0.5,0.083,lin:age,,,,,
HILp_QI4966,squared_exponential,time_from_max,-5.1,0.18,squared_exponential:time_from_max,0.5,1.0,-4.805115307538699,0.7260135263262034,120.0
HILp_QI4966,lin,time_from_max,-1.0,0.0,lin:time_from_max,0.5,1.0,-0.9675266699898656,5.615829688314256e-06,120.0
HILp_TF45,categorical,participant_id,28.1,0.961,categorical:participant_id,,,,,
HILp_TF45,categorical,site_name,-1.0,0.0,categorical:site_name,,,,,
HILp_TF45,categorical,race,-1.0,0.0,categorical:race,,,,,
HILp_TF45,categorical,sex,-1.0,0.0,categorical:sex,,,,,
HILp_TF45,categorical,general_wellbeing,-1.0,0.0,categorical:general_wellbeing,,,,,
HILp_TF45,squared_exponential,hbi,-4.8,0.0,squared_exponential:hbi,0.5,1.0,-4.804461794211875,3.662447185733629e-05,60.0
HILp_TF45,lin,hbi,-0.4,0.038,lin:hbi,0.0147248992683625,0.068072485142266,-0.9678727996383714,0.1496543272577026,60.0
HILp_TF45,squared_exponential,study_days,-4.8,0.0,squared_exponential:study_days,,,,,
HILp_TF45,lin,study_days,-1.0,0.0,lin:study_days,,,,,
HILp_TF45,squared_exponential,age,-4.8,0.0,squared_exponential:age,,,,,
HILp_TF45,lin,age,-1.0,0.0,lin:age,,,,,
HILp_TF45,squared_exponential,time_from_max,-4.8,0.0,squared_exponential:time_from_max,0.5,1.0,-4.804469572718517,1.6338028411358473e-05,120.0
HILp_TF45,lin,time_from_max,-1.0,0.0,lin:time_from_max,0.5,1.0,-0.967584765891388,1.8384336142234336e-05,120.0
HILp_QI1127,categorical,participant_id,199.9,1.0,categorical:participant_id,,,,,
HILp_QI1127,categorical,site_name,-1.0,0.0,categorical:site_name,,,,,
HILp_QI1127,categorical,race,-1.0,0.0,categorical:race,,,,,
HILp_QI1127,categorical,sex,-1.0,0.0,categorical:sex,,,,,
HILp_QI1127,categorical,general_wellbeing,-1.0,0.0,categorical:general_wellbeing,,,,,
HILp_QI1127,squared_exponential,hbi,-4.8,0.0,squared_exponential:hbi,1.0,1.0,-4.804462293226152,2.8685681447240054e-08,10.0
HILp_QI1127,lin,hbi,-1.0,0.0,lin:hbi,1.0,1.0,-0.9675763645454936,3.6404700320021665e-08,10.0
HILp_QI1127,squared_exponential,study_days,-4.8,0.0,squared_exponential:study_days,,,,,
HILp_QI1127,lin,study_days,-1.0,0.0,lin:study_days,,,,,
HILp_QI1127,squared_exponential,age,-4.8,0.0,squared_exponential:age,,,,,
HILp_QI1127,lin,age,-1.0,0.0,lin:age,,,,,
HILp_QI1127,squared_exponential,time_from_max,-4.8,0.0,squared_exponential:time_from_max,1.0,1.0,-4.804454553063806,2.3600249803937147e-07,10.0
HILp_QI1127,lin,time_from_max,-1.0,0.0,lin:time_from_max,1.0,1.0,-0.9675779471047008,2.5816634249735054e-07,10.0
HILp_QI7038,categorical,participant_id,48.1,1.0,categorical:participant_id,,,,,
HILp_QI7038,categorical,site_name,-1.0,0.0,categorical:site_name,,,,,
HILp_QI7038,categorical,race,-1.0,0.0,categorical:race,,,,,
HILp_QI7038,categorical,sex,-1.0,0.0,categorical:sex,,,,,
HILp_QI7038,categorical,general_wellbeing,-1.0,0.0,categorical:general_wellbeing,,,,,
HILp_QI7038,squared_exponential,hbi,-4.8,0.0,squared_exponential:hbi,1.0,1.0,-4.8044983786903686,1.2531854915167093e-07,10.0
HILp_QI7038,lin,hbi,-1.0,0.0,lin:hbi,1.0,1.0,-0.9675720006464416,1.7042798297264344e-07,10.0
HILp_QI7038,squared_exponential,study_days,-4.8,0.0,squared_exponential:study_days,,,,,
HILp_QI7038,lin,study_days,-2.1,0.006,lin:study_days,,,,,
HILp_QI7038,squared_exponential,age,-4.8,0.0,squared_exponential:age,,,,,
HILp_QI7038,lin,age,-1.0,0.0,lin:age,,,,,
HILp_QI7038,squared_exponential,time_from_max,-4.8,0.0,squared_exponential:time_from_max,1.0,1.0,-4.8044988210181145,1.1207001060701729e-07,10.0
HILp_QI7038,lin,time_from_max,-1.0,0.0,lin:time_from_max,1.0,1.0,-0.9675720408656616,7.308563360759e-08,10.0
HILp_TF26,categorical,participant_id,-1.0,0.865,categorical:participant_id,,,,,
HILp_TF26,categorical,site_name,-1.0,0.891,categorical:site_name,,,,,
HILp_TF26,categorical,race,-1.0,0.825,categorical:race,,,,,
HILp_TF26,categorical,sex,-1.0,0.796,categorical:sex,,,,,
HILp_TF26,categorical,general_wellbeing,-1.0,0.927,categorical:general_wellbeing,,,,,
HILp_TF26,squared_exponential,hbi,-4.8,0.904,squared_exponential:hbi,1.0,1.0,-4.804451814241702,1.2504804342812438e-07,10.0
HILp_TF26,lin,hbi,-1.0,1.0,lin:hbi,1.0,1.0,-0.9675251049432064,1.5748430653410486e-07,10.0
HILp_TF26,squared_exponential,study_days,-4.8,1.0,squared_exponential:study_days,,,,,
HILp_TF26,lin,study_days,-1.0,1.0,lin:study_days,,,,,
HILp_TF26,squared_exponential,age,-4.8,0.208,squared_exponential:age,,,,,
HILp_TF26,lin,age,-1.0,1.0,lin:age,,,,,
HILp_TF26,squared_exponential,time_from_max,-4.8,1.0,squared_exponential:time_from_max,1.0,1.0,-4.80445268124322,1.230600552921122e-07,10.0
HILp_TF26,lin,time_from_max,-1.0,1.0,lin:time_from_max,1.0,1.0,-0.9675251241876596,1.851226737566491e-07,10.0
HILp_QI19408,categorical,participant_id,-1.0,0.0,categorical:participant_id,,,,,
HILp_QI19408,categorical,site_name,1.2,0.278,categorical:site_name,,,,,
HILp_QI19408,categorical,race,-1.0,0.0,categorical:race,,,,,
HILp_QI19408,categorical,sex,-0.4,0.136,categorical:sex,,,,,
HILp_QI19408,categorical,general_wellbeing,-2.0,0.064,categorical:general_wellbeing,,,,,
HILp_QI19408,squared_exponential,hbi,-4.8,0.0,squared_exponential:hbi,0.5,1.0,-4.804455015995472,1.0920797817637798e-05,60.0
HILp_QI19408,lin,hbi,6.9,0.401,lin:hbi,5.104645227160809e-05,0.0003998638761275,-0.9678868747134856,0.3533907300058083,60.0
HILp_QI19408,squared_exponential,study_days,-4.8,0.0,squared_exponential:study_days,,,,,
HILp_QI19408,lin,study_days,-1.0,0.0,lin:study_days,,,,,
HILp_QI19408,squared_exponential,age,-4.8,0.0,squared_exponential:age,,,,,
HILp_QI19408,lin,age,-1.0,0.0,lin:age,,,,,
HILp_QI19408,squared_exponential,time_from_max,-4.8,0.0,squared_exponential:time_from_max,1.0,1.0,-4.804455355687196,1.5078063239094805e-07,10.0
HILp_QI19408,lin,time_from_max,-1.0,0.0,lin:time_from_max,1.0,1.0,-0.9675276890802706,1.4551940501084682e-07,10.0
HILp_TF5,categorical,participant_id,-1.0,0.792,categorical:participant_id,,,,,
HILp_TF5,categorical,site_name,-1.0,0.787,categorical:site_name,,,,,
HILp_TF5,categorical,race,-1.0,0.796,categorical:race,,,,,
HILp_TF5,categorical,sex,-1.0,0.804,categorical:sex,,,,,
HILp_TF5,categorical,general_wellbeing,-1.0,0.794,categorical:general_wellbeing,,,,,
HILp_TF5,squared_exponential,hbi,-4.8,0.801,squared_exponential:hbi,1.0,1.0,-4.804451615377275,2.149667591512916e-08,10.0
HILp_TF5,lin,hbi,-1.0,0.806,lin:hbi,1.0,1.0,-0.9675271796775178,1.858072397643176e-08,10.0
HILp_TF5,squared_exponential,study_days,-4.8,0.654,squared_exponential:study_days,,,,,
HILp_TF5,lin,study_days,-1.0,0.78,lin:study_days,,,,,
HILp_TF5,squared_exponential,age,-4.8,0.541,squared_exponential:age,,,,,
HILp_TF5,lin,age,-1.0,0.779,lin:age,,,,,
HILp_TF5,squared_exponential,time_from_max,-4.8,1.0,squared_exponential:time_from_max,0.5,1.0,-4.804454170859344,1.392649930930767e-06,120.0
HILp_TF5,lin,time_from_max,-1.0,0.807,lin:time_from_max,0.5,1.0,-0.967524822019186,1.14744601501995e-06,120.0
HILp_TF46,categorical,participant_id,32.3,1.0,categorical:participant_id,,,,,
HILp_TF46,categorical,site_name,-1.0,0.0,categorical:site_name,,,,,
HILp_TF46,categorical,race,-1.0,0.0,categorical:race,,,,,
HILp_TF46,categorical,sex,-1.0,0.0,categorical:sex,,,,,
HILp_TF46,categorical,general_wellbeing,-1.0,0.0,categorical:general_wellbeing,,,,,
HILp_TF46,squared_exponential,hbi,-4.8,0.0,squared_exponential:hbi,0.5,1.0,-4.804605551093573,7.90979297368854e-05,60.0
HILp_TF46,lin,hbi,-0.7,0.028,lin:hbi,0.0815384615384615,0.287423076923077,-0.9682167240148374,0.2949998844041809,60.0
HILp_TF46,squared_exponential,study_days,-4.8,0.0,squared_exponential:study_days,,,,,
HILp_TF46,lin,study_days,-1.0,0.0,lin:study_days,,,,,
HILp_TF46,squared_exponential,age,-4.8,0.0,squared_exponential:age,,,,,
HILp_TF46,lin,age,-1.0,0.0,lin:age,,,,,
HILp_TF46,squared_exponential,time_from_max,-4.8,0.0,squared_exponential:time_from_max,0.5,1.0,-4.804509694667104,0.0002764556777836,120.0
HILp_TF46,lin,time_from_max,-1.0,0.0,lin:time_from_max,0.5,1.0,-0.9689579696282636,0.0002695956408168,120.0
HILp_QI3770,categorical,participant_id,28.8,0.717,categorical:participant_id,,,,,
HILp_QI3770,categorical,site_name,-1.0,0.0,categorical:site_name,,,,,
HILp_QI3770,categorical,race,-1.0,0.0,categorical:race,,,,,
HILp_QI3770,categorical,sex,-1.9,0.0,categorical:sex,,,,,
HILp_QI3770,categorical,general_wellbeing,-1.7,0.018,categorical:general_wellbeing,,,,,
HILp_QI3770,squared_exponential,hbi,-4.8,0.0,squared_exponential:hbi,1.0,1.0,-4.804456661467384,4.524110136304375e-08,10.0
HILp_QI3770,lin,hbi,-1.0,0.0,lin:hbi,1.0,1.0,-0.9675299413884204,4.662384619024545e-08,10.0
HILp_QI3770,squared_exponential,study_days,-4.8,0.0,squared_exponential:study_days,,,,,
HILp_QI3770,lin,study_days,-1.0,0.0,lin:study_days,,,,,
HILp_QI3770,squared_exponential,age,-4.8,0.0,squared_exponential:age,,,,,
HILp_QI3770,lin,age,0.1,0.0,lin:age,,,,,
HILp_QI3770,squared_exponential,time_from_max,-4.8,0.0,squared_exponential:time_from_max,1.0,1.0,-4.804456738023191,4.8541337667538456e-08,10.0
HILp_QI3770,lin,time_from_max,-1.0,0.0,lin:time_from_max,1.0,1.0,-0.9675300146284372,4.4189577701897486e-08,10.0
HILp_QI10949,categorical,participant_id,-1.0,0.0,categorical:participant_id,,,,,
HILp_QI10949,categorical,site_name,-1.0,0.0,categorical:site_name,,,,,
HILp_QI10949,categorical,race,-1.0,0.0,categorical:race,,,,,
HILp_QI10949,categorical,sex,-1.0,0.0,categorical:sex,,,,,
HILp_QI10949,categorical,general_wellbeing,-1.0,0.0,categorical:general_wellbeing,,,,,
HILp_QI10949,squared_exponential,hbi,-4.8,0.0,squared_exponential:hbi,0.5,1.0,-4.804456475621691,2.924411382813892e-05,60.0
HILp_QI10949,lin,hbi,-1.1,0.076,lin:hbi,0.5,1.0,-0.9678203656760616,0.4499994561072252,60.0
HILp_QI10949,squared_exponential,study_days,-4.8,0.0,squared_exponential:study_days,,,,,
HILp_QI10949,lin,study_days,-1.0,0.0,lin:study_days,,,,,
HILp_QI10949,squared_exponential,age,0.9,0.841,squared_exponential:age,,,,,
HILp_QI10949,lin,age,-1.0,0.0,lin:age,,,,,
HILp_QI10949,squared_exponential,time_from_max,-4.8,0.0,squared_exponential:time_from_max,1.0,1.0,-4.8045402405916775,6.325498147230751e-09,10.0
HILp_QI10949,lin,time_from_max,-1.0,0.0,lin:time_from_max,1.0,1.0,-0.9675309973638376,6.4301123624904386e-09,10.0
HILp_TF36,categorical,participant_id,-1.0,0.0,categorical:participant_id,,,,,
HILp_TF36,categorical,site_name,-1.0,0.0,categorical:site_name,,,,,
HILp_TF36,categorical,race,-1.0,0.0,categorical:race,,,,,
HILp_TF36,categorical,sex,1.9,0.774,categorical:sex,,,,,
HILp_TF36,categorical,general_wellbeing,-1.0,0.0,categorical:general_wellbeing,,,,,
HILp_TF36,squared_exponential,hbi,-4.8,0.0,squared_exponential:hbi,0.5,1.0,-4.804455222098113,1.7987280479292917e-05,60.0
HILp_TF36,lin,hbi,-0.3,0.381,lin:hbi,0.02,0.0805714285714286,-0.967687680018571,0.2911328444118477,60.0
HILp_TF36,squared_exponential,study_days,-4.8,0.0,squared_exponential:study_days,,,,,
HILp_TF36,lin,study_days,-1.0,0.0,lin:study_days,,,,,
HILp_TF36,squared_exponential,age,-4.8,0.0,squared_exponential:age,,,,,
HILp_TF36,lin,age,-1.0,0.0,lin:age,,,,,
HILp_TF36,squared_exponential,time_from_max,-4.8,0.0,squared_exponential:time_from_max,0.5,1.0,-4.804464652733259,8.792350815280873e-06,120.0
HILp_TF36,lin,time_from_max,-1.0,0.0,lin:time_from_max,0.5,1.0,-0.9675338500651378,1.0697331366082949e-05,120.0
HILp_QI8054,categorical,participant_id,-1.0,0.0,categorical:participant_id,,,,,
HILp_QI8054,categorical,site_name,-1.0,0.0,categorical:site_name,,,,,
HILp_QI8054,categorical,race,-1.0,0.0,categorical:race,,,,,
HILp_QI8054,categorical,sex,-1.0,0.0,categorical:sex,,,,,
HILp_QI8054,categorical,general_wellbeing,-1.0,0.0,categorical:general_wellbeing,,,,,
HILp_QI8054,squared_exponential,hbi,-4.8,0.0,squared_exponential:hbi,0.5,1.0,-4.804454047349964,4.7535562837147296e-05,60.0
HILp_QI8054,lin,hbi,-1.6,0.174,lin:hbi,0.5,1.0,-0.9685870634509685,0.4150227123284245,60.0
HILp_QI8054,squared_exponential,study_days,-4.8,0.0,squared_exponential:study_days,,,,,
HILp_QI8054,lin,study_days,-1.0,0.0,lin:study_days,,,,,
HILp_QI8054,squared_exponential,age,-4.1,0.785,squared_exponential:age,,,,,
HILp_QI8054,lin,age,-1.0,0.0,lin:age,,,,,
HILp_QI8054,squared_exponential,time_from_max,-4.8,0.0,squared_exponential:time_from_max,1.0,1.0,-4.804463056367922,2.852702788154468e-07,10.0
HILp_QI8054,lin,time_from_max,-1.0,0.0,lin:time_from_max,1.0,1.0,-0.967527749749479,3.883400644888061e-07,10.0
HILp_TF43,categorical,participant_id,-1.0,0.0,categorical:participant_id,,,,,
HILp_TF43,categorical,site_name,-1.0,0.0,categorical:site_name,,,,,
HILp_TF43,categorical,race,-1.0,0.0,categorical:race,,,,,
HILp_TF43,categorical,sex,-1.0,0.0,categorical:sex,,,,,
HILp_TF43,categorical,general_wellbeing,-1.0,0.0,categorical:general_wellbeing,,,,,
HILp_TF43,squared_exponential,hbi,-4.8,0.0,squared_exponential:hbi,1.0,1.0,-4.804459625142044,3.375840776910687e-07,10.0
HILp_TF43,lin,hbi,-1.0,0.0,lin:hbi,1.0,1.0,-0.967524815157958,5.155125587075121e-07,10.0
HILp_TF43,squared_exponential,study_days,-4.8,0.0,squared_exponential:study_days,,,,,
HILp_TF43,lin,study_days,-1.0,0.0,lin:study_days,,,,,
HILp_TF43,squared_exponential,age,-4.8,0.0,squared_exponential:age,,,,,
HILp_TF43,lin,age,-1.3,1.0,lin:age,,,,,
HILp_TF43,squared_exponential,time_from_max,-4.8,0.0,squared_exponential:time_from_max,1.0,1.0,-4.804456829675473,5.749433795415625e-07,120.0
HILp_TF43,lin,time_from_max,-1.0,0.0,lin:time_from_max,0.5,1.0,-0.9675263273579732,1.1367045532636762e-06,120.0
HILp_QI2874,categorical,participant_id,20.6,0.043,categorical:participant_id,,,,,
HILp_QI2874,categorical,site_name,-1.0,0.0,categorical:site_name,,,,,
HILp_QI2874,categorical,race,-1.0,0.0,categorical:race,,,,,
HILp_QI2874,categorical,sex,-1.0,0.0,categorical:sex,,,,,
HILp_QI2874,categorical,general_wellbeing,-1.0,0.0,categorical:general_wellbeing,,,,,
HILp_QI2874,squared_exponential,hbi,36.6,0.017,squared_exponential:hbi,0.02,1.0,-4.804463540395773,16.13915631929782,60.0
HILp_QI2874,lin,hbi,-1.0,0.0,lin:hbi,0.5,1.0,-0.9676645615556936,0.0002556040215791,60.0
HILp_QI2874,squared_exponential,study_days,-4.8,0.0,squared_exponential:study_days,,,,,
HILp_QI2874,lin,study_days,-1.0,0.0,lin:study_days,,,,,
HILp_QI2874,squared_exponential,age,-4.8,0.0,squared_exponential:age,,,,,
HILp_QI2874,lin,age,-1.0,0.0,lin:age,,,,,
HILp_QI2874,squared_exponential,time_from_max,-4.8,0.0,squared_exponential:time_from_max,0.5,1.0,-4.8061846595708175,5.036117936014544e-05,120.0
HILp_QI2874,lin,time_from_max,-1.0,0.0,lin:time_from_max,0.5,1.0,-0.9707389015711668,1.9191881439815905e-06,120.0
HILp_TF44,categorical,participant_id,-1.0,0.0,categorical:participant_id,,,,,
HILp_TF44,categorical,site_name,-1.0,0.0,categorical:site_name,,,,,
HILp_TF44,categorical,race,-1.0,0.0,categorical:race,,,,,
HILp_TF44,categorical,sex,-1.0,0.0,categorical:sex,,,,,
HILp_TF44,categorical,general_wellbeing,-1.0,0.0,categorical:general_wellbeing,,,,,
HILp_TF44,squared_exponential,hbi,-4.8,0.0,squared_exponential:hbi,1.0,1.0,-4.804452531440575,3.203162037873017e-08,10.0
HILp_TF44,lin,hbi,-1.0,0.0,lin:hbi,1.0,1.0,-0.9675248037337952,1.814805903439292e-07,10.0
HILp_TF44,squared_exponential,study_days,-4.8,0.0,squared_exponential:study_days,,,,,
HILp_TF44,lin,study_days,-1.0,0.0,lin:study_days,,,,,
HILp_TF44,squared_exponential,age,-4.8,0.0,squared_exponential:age,,,,,
HILp_TF44,lin,age,-1.0,0.529,lin:age,,,,,
HILp_TF44,squared_exponential,time_from_max,-4.8,0.0,squared_exponential:time_from_max,0.5,1.0,-4.8044529391056585,8.542918900600703e-06,120.0
HILp_TF44,lin,time_from_max,-1.4,0.437,lin:time_from_max,0.5,1.0,-0.967600824097417,0.3707985453386975,120.0
HILp_TF47,categorical,participant_id,-1.0,0.0,categorical:participant_id,,,,,
HILp_TF47,categorical,site_name,-1.0,0.0,categorical:site_name,,,,,
HILp_TF47,categorical,race,-1.0,0.0,categorical:race,,,,,
HILp_TF47,categorical,sex,-1.0,0.0,categorical:sex,,,,,
HILp_TF47,categorical,general_wellbeing,-1.0,0.0,categorical:general_wellbeing,,,,,
HILp_TF47,squared_exponential,hbi,-4.8,0.0,squared_exponential:hbi,0.5,1.0,-4.804482583547269,8.85785546138298e-06,60.0
HILp_TF47,lin,hbi,-1.5,1.0,lin:hbi,0.5,1.0,-0.967561204281992,0.9854896398837328,60.0
HILp_TF47,squared_exponential,study_days,-4.8,0.0,squared_exponential:study_days,,,,,
HILp_TF47,lin,study_days,-1.0,0.0,lin:study_days,,,,,
HILp_TF47,squared_exponential,age,-4.8,0.0,squared_exponential:age,,,,,
HILp_TF47,lin,age,-1.0,0.0,lin:age,,,,,
HILp_TF47,squared_exponential,time_from_max,-4.8,0.0,squared_exponential:time_from_max,0.5,1.0,-4.804454913995414,1.81322441078858e-06,120.0
HILp_TF47,lin,time_from_max,-1.0,0.0,lin:time_from_max,0.5,1.0,-0.9675594419395566,1.5672342034883309e-06,120.0
HILp_QI3629,categorical,participant_id,-1.0,0.0,categorical:participant_id,,,,,
HILp_QI3629,categorical,site_name,-1.0,0.0,categorical:site_name,,,,,
HILp_QI3629,categorical,race,-1.0,0.0,categorical:race,,,,,
HILp_QI3629,categorical,sex,-1.0,0.0,categorical:sex,,,,,
HILp_QI3629,categorical,general_wellbeing,-1.0,0.0,categorical:general_wellbeing,,,,,
HILp_QI3629,squared_exponential,hbi,-4.8,0.0,squared_exponential:hbi,0.5,1.0,-4.804451845079257,5.674108104847316e-06,60.0
HILp_QI3629,lin,hbi,-1.4,1.0,lin:hbi,0.5,1.0,-0.9675572750054472,0.2496808381616482,60.0
HILp_QI3629,squared_exponential,study_days,-4.8,0.0,squared_exponential:study_days,,,,,
HILp_QI3629,lin,study_days,-1.0,0.0,lin:study_days,,,,,
HILp_QI3629,squared_exponential,age,-4.8,0.0,squared_exponential:age,,,,,
HILp_QI3629,lin,age,-1.0,0.0,lin:age,,,,,
HILp_QI3629,squared_exponential,time_from_max,-4.8,0.0,squared_exponential:time_from_max,1.0,1.0,-4.804453653999644,3.1203857663301e-09,10.0
HILp_QI3629,lin,time_from_max,-1.0,0.0,lin:time_from_max,1.0,1.0,-0.9675250837708518,3.901302676541942e-09,10.0
HILp_QI3716,categorical,participant_id,-1.0,0.0,categorical:participant_id,,,,,
HILp_QI3716,categorical,site_name,-1.0,0.0,categorical:site_name,,,,,
HILp_QI3716,categorical,race,-1.0,0.0,categorical:race,,,,,
HILp_QI3716,categorical,sex,-1.0,0.0,categorical:sex,,,,,
HILp_QI3716,categorical,general_wellbeing,-1.0,0.0,categorical:general_wellbeing,,,,,
HILp_QI3716,squared_exponential,hbi,-4.8,0.0,squared_exponential:hbi,0.5,1.0,-4.8044533909098845,4.804717760885885e-06,60.0
HILp_QI3716,lin,hbi,-1.7,0.279,lin:hbi,0.5,1.0,-0.9676876526639262,0.1277471973876794,60.0
HILp_QI3716,squared_exponential,study_days,-4.8,0.0,squared_exponential:study_days,,,,,
HILp_QI3716,lin,study_days,-1.0,0.0,lin:study_days,,,,,
HILp_QI3716,squared_exponential,age,-6.3,0.69,squared_exponential:age,,,,,
HILp_QI3716,lin,age,-1.0,0.0,lin:age,,,,,
HILp_QI3716,squared_exponential,time_from_max,-4.8,0.0,squared_exponential:time_from_max,1.0,1.0,-4.804454361229546,4.728748102082602e-10,10.0
HILp_QI3716,lin,time_from_max,-1.0,0.0,lin:time_from_max,1.0,1.0,-0.9675271195762888,3.101751792495042e-09,10.0
HILp_QI1508,categorical,participant_id,54.1,1.0,categorical:participant_id,,,,,
HILp_QI1508,categorical,site_name,-1.0,0.0,categorical:site_name,,,,,
HILp_QI1508,categorical,race,-1.0,0.0,categorical:race,,,,,
HILp_QI1508,categorical,sex,-1.0,0.0,categorical:sex,,,,,
HILp_QI1508,categorical,general_wellbeing,-1.0,0.0,categorical:general_wellbeing,,,,,
HILp_QI1508,squared_exponential,hbi,-4.8,0.0,squared_exponential:hbi,1.0,1.0,-4.804454636833498,9.383839303712806e-07,10.0
HILp_QI1508,lin,hbi,-1.0,0.0,lin:hbi,1.0,1.0,-0.9675283532340018,8.50313994705266e-07,10.0
HILp_QI1508,squared_exponential,study_days,-4.8,0.0,squared_exponential:study_days,,,,,
HILp_QI1508,lin,study_days,-1.0,0.0,lin:study_days,,,,,
HILp_QI1508,squared_exponential,age,-4.8,0.0,squared_exponential:age,,,,,
HILp_QI1508,lin,age,-1.0,0.0,lin:age,,,,,
HILp_QI1508,squared_exponential,time_from_max,-4.8,0.0,squared_exponential:time_from_max,1.0,1.0,-4.804523058457789,5.042212768394283e-07,10.0
HILp_QI1508,lin,time_from_max,-1.0,0.0,lin:time_from_max,1.0,1.0,-0.9675285721937144,7.891498280573437e-07,10.0
HILp_TF40,categorical,participant_id,-1.0,0.0,categorical:participant_id,,,,,
HILp_TF40,categorical,site_name,-1.0,0.0,categorical:site_name,,,,,
HILp_TF40,categorical,race,1.4,0.25,categorical:race,,,,,
HILp_TF40,categorical,sex,-0.7,0.133,categorical:sex,,,,,
HILp_TF40,categorical,general_wellbeing,-1.0,0.0,categorical:general_wellbeing,,,,,
HILp_TF40,squared_exponential,hbi,-4.8,0.0,squared_exponential:hbi,0.5,1.0,-4.804456651561395,1.985434032331888e-05,60.0
HILp_TF40,lin,hbi,0.2,0.084,lin:hbi,0.0323076923076923,0.1248050579557431,-0.968247140076528,0.5034261551449891,60.0
HILp_TF40,squared_exponential,study_days,-6.0,0.14,squared_exponential:study_days,,,,,
HILp_TF40,lin,study_days,-1.0,0.0,lin:study_days,,,,,
HILp_TF40,squared_exponential,age,-4.8,0.0,squared_exponential:age,,,,,
HILp_TF40,lin,age,-1.0,0.0,lin:age,,,,,
HILp_TF40,squared_exponential,time_from_max,-1.2,0.206,squared_exponential:time_from_max,0.0032398541868269,1.0,-4.805501981926682,0.698436778107956,120.0
HILp_TF40,lin,time_from_max,-1.0,0.0,lin:time_from_max,0.5,1.0,-0.9675307574761972,2.541608616517813e-05,120.0
HILp_QI9633,categorical,participant_id,43.7,0.751,categorical:participant_id,,,,,
HILp_QI9633,categorical,site_name,-1.8,0.0,categorical:site_name,,,,,
HILp_QI9633,categorical,race,-1.0,0.0,categorical:race,,,,,
HILp_QI9633,categorical,sex,-1.0,0.0,categorical:sex,,,,,
HILp_QI9633,categorical,general_wellbeing,-1.0,0.0,categorical:general_wellbeing,,,,,
HILp_QI9633,squared_exponential,hbi,-4.8,0.0,squared_exponential:hbi,1.0,1.0,-4.807248948913639,3.72125027132197e-07,10.0
HILp_QI9633,lin,hbi,-1.0,0.0,lin:hbi,1.0,1.0,-0.9675284761447074,4.289975640989481e-07,10.0
HILp_QI9633,squared_exponential,study_days,-4.8,0.0,squared_exponential:study_days,,,,,
HILp_QI9633,lin,study_days,-1.0,0.0,lin:study_days,,,,,
HILp_QI9633,squared_exponential,age,-4.8,0.0,squared_exponential:age,,,,,
HILp_QI9633,lin,age,-1.0,0.0,lin:age,,,,,
HILp_QI9633,squared_exponential,time_from_max,-4.8,0.0,squared_exponential:time_from_max,1.0,1.0,-4.804454461825571,9.83992883780625e-07,10.0
HILp_QI9633,lin,time_from_max,-1.0,0.0,lin:time_from_max,1.0,1.0,-0.967533668571832,8.520409630245166e-07,10.0
HILp_TF20,categorical,participant_id,-1.0,0.0,categorical:participant_id,,,,,
HILp_TF20,categorical,site_name,-1.0,1.0,categorical:site_name,,,,,
HILp_TF20,categorical,race,-1.0,0.923,categorical:race,,,,,
HILp_TF20,categorical,sex,-1.0,1.0,categorical:sex,,,,,
HILp_TF20,categorical,general_wellbeing,-1.0,1.0,categorical:general_wellbeing,,,,,
HILp_TF20,squared_exponential,hbi,-4.8,1.0,squared_exponential:hbi,0.5,1.0,-4.80445603419912,3.452259618087488e-05,60.0
HILp_TF20,lin,hbi,-1.0,0.0,lin:hbi,0.5,1.0,-0.967563824201534,1.9055203183911373e-05,60.0
HILp_TF20,squared_exponential,study_days,-4.8,0.597,squared_exponential:study_days,,,,,
HILp_TF20,lin,study_days,-1.0,0.959,lin:study_days,,,,,
HILp_TF20,squared_exponential,age,-4.8,1.0,squared_exponential:age,,,,,
HILp_TF20,lin,age,-1.0,1.0,lin:age,,,,,
HILp_TF20,squared_exponential,time_from_max,-4.8,1.0,squared_exponential:time_from_max,0.5,1.0,-4.804469194285048,1.9784994057588487e-05,120.0
HILp_TF20,lin,time_from_max,-1.0,1.0,lin:time_from_max,0.5,1.0,-0.967524728305989,2.508917683868776e-05,120.0
HILp_QI1048,categorical,participant_id,47.4,0.52,categorical:participant_id,,,,,
HILp_QI1048,categorical,site_name,-2.1,0.0,categorical:site_name,,,,,
HILp_QI1048,categorical,race,-1.0,0.0,categorical:race,,,,,
HILp_QI1048,categorical,sex,-1.0,0.0,categorical:sex,,,,,
HILp_QI1048,categorical,general_wellbeing,-1.0,0.0,categorical:general_wellbeing,,,,,
HILp_QI1048,squared_exponential,hbi,-4.8,0.0,squared_exponential:hbi,0.5,1.0,-4.804453964985896,4.536383479107245e-06,60.0
HILp_QI1048,lin,hbi,-1.3,0.01,lin:hbi,0.5,1.0,-0.9675283739384212,0.9524762918383431,60.0
HILp_QI1048,squared_exponential,study_days,-4.8,0.0,squared_exponential:study_days,,,,,
HILp_QI1048,lin,study_days,-1.0,0.0,lin:study_days,,,,,
HILp_QI1048,squared_exponential,age,-4.8,0.0,squared_exponential:age,,,,,
HILp_QI1048,lin,age,-1.0,0.0,lin:age,,,,,
HILp_QI1048,squared_exponential,time_from_max,-4.8,0.0,squared_exponential:time_from_max,1.0,1.0,-4.80448587210185,5.264491584266898e-09,10.0
HILp_QI1048,lin,time_from_max,-1.0,0.0,lin:time_from_max,1.0,1.0,-0.967558164260936,8.243769854956026e-09,10.0
HILp_TF42,categorical,participant_id,-1.0,0.0,categorical:participant_id,,,,,
HILp_TF42,categorical,site_name,3.5,0.648,categorical:site_name,,,,,
HILp_TF42,categorical,race,-1.0,0.0,categorical:race,,,,,
HILp_TF42,categorical,sex,-1.0,0.0,categorical:sex,,,,,
HILp_TF42,categorical,general_wellbeing,-1.0,0.0,categorical:general_wellbeing,,,,,
HILp_TF42,squared_exponential,hbi,-4.8,0.0,squared_exponential:hbi,0.5,1.0,-4.8044518899046125,0.0003339983443834,60.0
HILp_TF42,lin,hbi,4.2,0.504,lin:hbi,5.104645227160809e-05,0.0003998638761275,-0.9987061717824872,0.6514442111275592,60.0
HILp_TF42,squared_exponential,study_days,-4.8,0.0,squared_exponential:study_days,,,,,
HILp_TF42,lin,study_days,-1.0,0.0,lin:study_days,,,,,
HILp_TF42,squared_exponential,age,-4.8,0.0,squared_exponential:age,,,,,
HILp_TF42,lin,age,-1.0,0.0,lin:age,,,,,
HILp_TF42,squared_exponential,time_from_max,-4.8,0.0,squared_exponential:time_from_max,1.0,1.0,-4.8044797625429965,5.8371809194933036e-08,10.0
HILp_TF42,lin,time_from_max,-1.0,0.0,lin:time_from_max,1.0,1.0,-0.9675557791401844,8.72789762009427e-08,10.0
HILp_QI2850,categorical,participant_id,61.4,0.283,categorical:participant_id,,,,,
HILp_QI2850,categorical,site_name,-1.0,0.0,categorical:site_name,,,,,
HILp_QI2850,categorical,race,-1.0,0.0,categorical:race,,,,,
HILp_QI2850,categorical,sex,-1.0,0.0,categorical:sex,,,,,
HILp_QI2850,categorical,general_wellbeing,-1.0,0.0,categorical:general_wellbeing,,,,,
HILp_QI2850,squared_exponential,hbi,-1.3,0.03,squared_exponential:hbi,5.104645227160809e-05,0.0287901990811869,-4.80445436196942,0.1842464043697882,60.0
HILp_QI2850,lin,hbi,-1.7,0.0,lin:hbi,0.5,1.0,-0.9675277938765704,0.9172455018645984,60.0
HILp_QI2850,squared_exponential,study_days,-4.8,0.0,squared_exponential:study_days,,,,,
HILp_QI2850,lin,study_days,-1.0,0.0,lin:study_days,,,,,
HILp_QI2850,squared_exponential,age,-6.1,0.004,squared_exponential:age,,,,,
HILp_QI2850,lin,age,-1.0,0.0,lin:age,,,,,
HILp_QI2850,squared_exponential,time_from_max,-4.8,0.0,squared_exponential:time_from_max,1.0,1.0,-4.804589062137438,2.705311553227012e-09,10.0
HILp_QI2850,lin,time_from_max,-1.0,0.0,lin:time_from_max,1.0,1.0,-0.9677635495295362,3.602373834976684e-09,10.0
HILp_TF50,categorical,participant_id,-1.0,0.0,categorical:participant_id,,,,,
HILp_TF50,categorical,site_name,-1.0,0.0,categorical:site_name,,,,,
HILp_TF50,categorical,race,-1.0,0.0,categorical:race,,,,,
HILp_TF50,categorical,sex,-1.0,0.0,categorical:sex,,,,,
HILp_TF50,categorical,general_wellbeing,-1.0,0.0,categorical:general_wellbeing,,,,,
HILp_TF50,squared_exponential,hbi,-4.8,0.0,squared_exponential:hbi,0.5,1.0,-4.8044557661960425,2.1727686551298865e-05,60.0
HILp_TF50,lin,hbi,-1.0,0.0,lin:hbi,0.5,1.0,-0.9681027815659036,2.030596459350389e-05,60.0
HILp_TF50,squared_exponential,study_days,-4.8,0.0,squared_exponential:study_days,,,,,
HILp_TF50,lin,study_days,-1.0,0.0,lin:study_days,,,,,
HILp_TF50,squared_exponential,age,-4.8,1.0,squared_exponential:age,,,,,
HILp_TF50,lin,age,-1.0,0.0,lin:age,,,,,
HILp_TF50,squared_exponential,time_from_max,-4.8,0.0,squared_exponential:time_from_max,0.5,1.0,-4.80445965632407,1.599492477087748e-05,120.0
HILp_TF50,lin,time_from_max,-1.0,0.0,lin:time_from_max,0.5,1.0,-0.9675414949501828,2.534658679200149e-05,120.0
HILp_QI3549,categorical,participant_id,41.2,1.0,categorical:participant_id,,,,,
HILp_QI3549,categorical,site_name,-1.0,0.0,categorical:site_name,,,,,
HILp_QI3549,categorical,race,-1.0,0.0,categorical:race,,,,,
HILp_QI3549,categorical,sex,-1.0,0.0,categorical:sex,,,,,
HILp_QI3549,categorical,general_wellbeing,-1.0,0.0,categorical:general_wellbeing,,,,,
HILp_QI3549,squared_exponential,hbi,-4.8,0.0,squared_exponential:hbi,1.0,1.0,-4.804467588644002,4.38911167916376e-07,10.0
HILp_QI3549,lin,hbi,-1.0,0.0,lin:hbi,1.0,1.0,-0.9676085101759782,5.827867567109851e-07,10.0
HILp_QI3549,squared_exponential,study_days,-4.8,0.0,squared_exponential:study_days,,,,,
HILp_QI3549,lin,study_days,-1.0,0.0,lin:study_days,,,,,
HILp_QI3549,squared_exponential,age,-4.8,0.0,squared_exponential:age,,,,,
HILp_QI3549,lin,age,-1.0,0.0,lin:age,,,,,
HILp_QI3549,squared_exponential,time_from_max,-4.8,0.0,squared_exponential:time_from_max,1.0,1.0,-4.80445941285916,7.888882368714076e-07,120.0
HILp_QI3549,lin,time_from_max,-1.0,0.0,lin:time_from_max,0.5,1.0,-0.9675291079679482,1.032421225252629e-06,120.0
HILp_TF52,categorical,participant_id,-1.0,0.0,categorical:participant_id,,,,,
HILp_TF52,categorical,site_name,-1.0,0.0,categorical:site_name,,,,,
HILp_TF52,categorical,race,-1.0,0.0,categorical:race,,,,,
HILp_TF52,categorical,sex,-1.0,0.0,categorical:sex,,,,,
HILp_TF52,categorical,general_wellbeing,-1.0,0.0,categorical:general_wellbeing,,,,,
HILp_TF52,squared_exponential,hbi,-4.8,0.0,squared_exponential:hbi,1.0,1.0,-4.804452250061331,8.448593669301932e-07,60.0
HILp_TF52,lin,hbi,-1.0,0.0,lin:hbi,0.5,1.0,-0.9675609538612662,1.0637876037332664e-06,60.0
HILp_TF52,squared_exponential,study_days,-4.8,0.0,squared_exponential:study_days,,,,,
HILp_TF52,lin,study_days,-1.0,0.0,lin:study_days,,,,,
HILp_TF52,squared_exponential,age,-4.8,0.92,squared_exponential:age,,,,,
HILp_TF52,lin,age,-1.0,0.79,lin:age,,,,,
HILp_TF52,squared_exponential,time_from_max,-4.8,1.0,squared_exponential:time_from_max,0.5,1.0,-4.804455030148802,1.5866875387631673e-06,120.0
HILp_TF52,lin,time_from_max,-1.0,0.0,lin:time_from_max,1.0,1.0,-0.967524741107809,3.526228063259561e-08,120.0
HILp_QI2014,categorical,participant_id,76.1,1.0,categorical:participant_id,,,,,
HILp_QI2014,categorical,site_name,-1.0,0.0,categorical:site_name,,,,,
HILp_QI2014,categorical,race,-1.0,0.0,categorical:race,,,,,
HILp_QI2014,categorical,sex,-1.0,0.0,categorical:sex,,,,,
HILp_QI2014,categorical,general_wellbeing,-1.0,0.0,categorical:general_wellbeing,,,,,
HILp_QI2014,squared_exponential,hbi,-4.8,0.0,squared_exponential:hbi,1.0,1.0,-4.804452950146469,8.463498561549862e-08,10.0
HILp_QI2014,lin,hbi,-1.0,0.0,lin:hbi,1.0,1.0,-0.967531722632657,9.5474828025914e-08,10.0
HILp_QI2014,squared_exponential,study_days,-4.8,0.0,squared_exponential:study_days,,,,,
HILp_QI2014,lin,study_days,-1.0,0.0,lin:study_days,,,,,
HILp_QI2014,squared_exponential,age,-4.8,0.0,squared_exponential:age,,,,,
HILp_QI2014,lin,age,-1.0,0.0,lin:age,,,,,
HILp_QI2014,squared_exponential,time_from_max,-4.8,0.0,squared_exponential:time_from_max,1.0,1.0,-4.804464578311581,4.8953037173402696e-08,10.0
HILp_QI2014,lin,time_from_max,-1.0,0.0,lin:time_from_max,1.0,1.0,-0.9675278486020034,4.3649296245990826e-08,10.0
HILp_QI9142,categorical,participant_id,18.9,0.835,categorical:participant_id,,,,,
HILp_QI9142,categorical,site_name,-1.0,0.0,categorical:site_name,,,,,
HILp_QI9142,categorical,race,-1.0,0.0,categorical:race,,,,,
HILp_QI9142,categorical,sex,-1.0,0.0,categorical:sex,,,,,
HILp_QI9142,categorical,general_wellbeing,-1.0,0.0,categorical:general_wellbeing,,,,,
HILp_QI9142,squared_exponential,hbi,-4.8,0.0,squared_exponential:hbi,0.5,1.0,-4.804453141025078,1.8848099720889976e-05,60.0
HILp_QI9142,lin,hbi,3.1,0.049,lin:hbi,5.104645227160809e-05,0.0003998638761275,-0.9675574734676502,0.295820717157336,60.0
HILp_QI9142,squared_exponential,study_days,-4.8,0.0,squared_exponential:study_days,,,,,
HILp_QI9142,lin,study_days,-1.0,0.0,lin:study_days,,,,,
HILp_QI9142,squared_exponential,age,-4.8,0.0,squared_exponential:age,,,,,
HILp_QI9142,lin,age,-1.0,0.0,lin:age,,,,,
HILp_QI9142,squared_exponential,time_from_max,-4.8,0.0,squared_exponential:time_from_max,1.0,1.0,-4.8044529079527365,1.2957013686315236e-08,10.0
HILp_QI9142,lin,time_from_max,-1.0,0.0,lin:time_from_max,1.0,1.0,-0.9675255964414192,1.0752677356413184e-08,10.0
HILp_TF41,categorical,participant_id,-1.0,0.0,categorical:participant_id,,,,,
HILp_TF41,categorical,site_name,-1.0,0.0,categorical:site_name,,,,,
HILp_TF41,categorical,race,-1.0,0.0,categorical:race,,,,,
HILp_TF41,categorical,sex,-1.0,0.0,categorical:sex,,,,,
HILp_TF41,categorical,general_wellbeing,-1.0,0.0,categorical:general_wellbeing,,,,,
HILp_TF41,squared_exponential,hbi,-4.8,0.0,squared_exponential:hbi,0.5,1.0,-4.804451493518172,1.909206144966485e-06,60.0
HILp_TF41,lin,hbi,-1.0,0.0,lin:hbi,0.5,1.0,-0.9675242422767952,1.361320917087187e-06,60.0
HILp_TF41,squared_exponential,study_days,-4.8,0.0,squared_exponential:study_days,,,,,
HILp_TF41,lin,study_days,2.7,0.272,lin:study_days,,,,,
HILp_TF41,squared_exponential,age,2.2,0.69,squared_exponential:age,,,,,
HILp_TF41,lin,age,-1.0,0.0,lin:age,,,,,
HILp_TF41,squared_exponential,time_from_max,-4.8,0.0,squared_exponential:time_from_max,1.0,1.0,-4.80445182743415,7.583470071992613e-07,10.0
HILp_TF41,lin,time_from_max,-1.0,0.0,lin:time_from_max,1.0,1.0,-0.9675241303084476,3.9369968508211953e-07,10.0
HILp_QI1105,categorical,participant_id,-1.0,1.0,categorical:participant_id,,,,,
HILp_QI1105,categorical,site_name,-1.0,1.0,categorical:site_name,,,,,
HILp_QI1105,categorical,race,-1.0,1.0,categorical:race,,,,,
HILp_QI1105,categorical,sex,-1.0,1.0,categorical:sex,,,,,
HILp_QI1105,categorical,general_wellbeing,-1.0,1.0,categorical:general_wellbeing,,,,,
HILp_QI1105,squared_exponential,hbi,-4.8,1.0,squared_exponential:hbi,1.0,1.0,-4.804451581911962,2.474538455376516e-10,10.0
HILp_QI1105,lin,hbi,-1.0,1.0,lin:hbi,1.0,1.0,-0.9675248844155248,6.249648578368352e-10,10.0
HILp_QI1105,squared_exponential,study_days,-4.8,1.0,squared_exponential:study_days,,,,,
HILp_QI1105,lin,study_days,-1.0,1.0,lin:study_days,,,,,
HILp_QI1105,squared_exponential,age,-4.8,1.0,squared_exponential:age,,,,,
HILp_QI1105,lin,age,-1.0,1.0,lin:age,,,,,
HILp_QI1105,squared_exponential,time_from_max,-4.8,1.0,squared_exponential:time_from_max,1.0,1.0,-4.804452380743896,1.6987835846605928e-10,10.0
HILp_QI1105,lin,time_from_max,-1.0,1.0,lin:time_from_max,1.0,1.0,-0.967524884636532,1.160408419858444e-09,10.0
HILp_QI2994,categorical,participant_id,-1.0,0.97,categorical:participant_id,,,,,
HILp_QI2994,categorical,site_name,-1.0,0.969,categorical:site_name,,,,,
HILp_QI2994,categorical,race,-1.0,0.969,categorical:race,,,,,
HILp_QI2994,categorical,sex,-1.0,0.969,categorical:sex,,,,,
HILp_QI2994,categorical,general_wellbeing,-1.0,0.969,categorical:general_wellbeing,,,,,
HILp_QI2994,squared_exponential,hbi,-4.8,0.969,squared_exponential:hbi,1.0,1.0,-4.804451961293808,2.7615242889669424e-10,10.0
HILp_QI2994,lin,hbi,-1.0,0.969,lin:hbi,1.0,1.0,-0.967524898937654,5.193111213419547e-10,10.0
HILp_QI2994,squared_exponential,study_days,-4.8,0.969,squared_exponential:study_days,,,,,
HILp_QI2994,lin,study_days,-1.0,0.968,lin:study_days,,,,,
HILp_QI2994,squared_exponential,age,-4.8,0.969,squared_exponential:age,,,,,
HILp_QI2994,lin,age,-1.0,0.969,lin:age,,,,,
HILp_QI2994,squared_exponential,time_from_max,-4.8,0.969,squared_exponential:time_from_max,1.0,1.0,-4.804451664426665,4.9469674071653e-10,10.0
HILp_QI2994,lin,time_from_max,-1.0,0.968,lin:time_from_max,1.0,1.0,-0.9675248989829016,4.850666745780205e-10,10.0
HILp_TF22,categorical,participant_id,-1.0,0.0,categorical:participant_id,,,,,
HILp_TF22,categorical,site_name,-1.0,0.0,categorical:site_name,,,,,
HILp_TF22,categorical,race,-1.0,0.0,categorical:race,,,,,
HILp_TF22,categorical,sex,-1.0,0.0,categorical:sex,,,,,
HILp_TF22,categorical,general_wellbeing,-1.0,0.0,categorical:general_wellbeing,,,,,
HILp_TF22,squared_exponential,hbi,-4.8,0.0,squared_exponential:hbi,1.0,1.0,-4.804454406100604,1.221184147116498e-07,10.0
HILp_TF22,lin,hbi,-1.0,0.0,lin:hbi,1.0,1.0,-0.9675321078182152,1.3933175516397822e-07,10.0
HILp_TF22,squared_exponential,study_days,-4.8,0.0,squared_exponential:study_days,,,,,
HILp_TF22,lin,study_days,-1.0,0.0,lin:study_days,,,,,
HILp_TF22,squared_exponential,age,-4.8,0.0,squared_exponential:age,,,,,
HILp_TF22,lin,age,-0.9,1.0,lin:age,,,,,
HILp_TF22,squared_exponential,time_from_max,-4.8,0.0,squared_exponential:time_from_max,1.0,1.0,-4.8044570328595455,9.040924778596089e-08,10.0
HILp_TF22,lin,time_from_max,-1.0,0.0,lin:time_from_max,1.0,1.0,-0.9675260944950425,2.0228011077445605e-07,10.0
HILp_TF27,categorical,participant_id,38.7,0.794,categorical:participant_id,,,,,
HILp_TF27,categorical,site_name,-1.0,0.0,categorical:site_name,,,,,
HILp_TF27,categorical,race,-1.0,0.0,categorical:race,,,,,
HILp_TF27,categorical,sex,-1.6,0.0,categorical:sex,,,,,
HILp_TF27,categorical,general_wellbeing,-1.0,0.0,categorical:general_wellbeing,,,,,
HILp_TF27,squared_exponential,hbi,-4.8,0.0,squared_exponential:hbi,1.0,1.0,-4.804451956175399,3.0636829092397456e-07,10.0
HILp_TF27,lin,hbi,-1.0,0.0,lin:hbi,1.0,1.0,-0.9675241288100552,5.251338694600798e-07,10.0
HILp_TF27,squared_exponential,study_days,-4.8,0.0,squared_exponential:study_days,,,,,
HILp_TF27,lin,study_days,-1.0,0.0,lin:study_days,,,,,
HILp_TF27,squared_exponential,age,-6.0,0.0,squared_exponential:age,,,,,
HILp_TF27,lin,age,-1.0,0.0,lin:age,,,,,
HILp_TF27,squared_exponential,time_from_max,-4.8,0.0,squared_exponential:time_from_max,0.5,1.0,-4.804496949666827,5.8822845149089095e-06,120.0
HILp_TF27,lin,time_from_max,-1.0,0.0,lin:time_from_max,0.5,1.0,-0.9675263857729988,2.859411915573298e-06,120.0
HILp_QI3939,categorical,participant_id,-1.0,0.0,categorical:participant_id,,,,,
HILp_QI3939,categorical,site_name,-1.0,0.0,categorical:site_name,,,,,
HILp_QI3939,categorical,race,-1.0,0.0,categorical:race,,,,,
HILp_QI3939,categorical,sex,-1.0,0.0,categorical:sex,,,,,
HILp_QI3939,categorical,general_wellbeing,-1.0,0.0,categorical:general_wellbeing,,,,,
HILp_QI3939,squared_exponential,hbi,-4.8,0.0,squared_exponential:hbi,0.5,1.0,-4.8044714295892845,6.437421910793249e-06,60.0
HILp_QI3939,lin,hbi,-1.0,0.0,lin:hbi,0.5,1.0,-0.9675370143706914,7.056004066569424e-06,60.0
HILp_QI3939,squared_exponential,study_days,-4.8,0.0,squared_exponential:study_days,,,,,
HILp_QI3939,lin,study_days,4.2,0.385,lin:study_days,,,,,
HILp_QI3939,squared_exponential,age,-4.8,0.0,squared_exponential:age,,,,,
HILp_QI3939,lin,age,6.6,0.51,lin:age,,,,,
HILp_QI3939,squared_exponential,time_from_max,-4.8,0.0,squared_exponential:time_from_max,1.0,1.0,-4.804476961278624,1.523929409355814e-08,120.0
HILp_QI3939,lin,time_from_max,-1.0,0.0,lin:time_from_max,0.5,1.0,-0.9675426796643478,7.244446808209134e-06,120.0
HILp_QI2965,categorical,participant_id,-1.0,0.0,categorical:participant_id,,,,,
HILp_QI2965,categorical,site_name,-1.0,0.0,categorical:site_name,,,,,
HILp_QI2965,categorical,race,-1.0,0.0,categorical:race,,,,,
HILp_QI2965,categorical,sex,-1.0,0.0,categorical:sex,,,,,
HILp_QI2965,categorical,general_wellbeing,-1.0,0.0,categorical:general_wellbeing,,,,,
HILp_QI2965,squared_exponential,hbi,-4.8,0.0,squared_exponential:hbi,1.0,1.0,-4.804451982678984,1.5656701036360147e-09,10.0
HILp_QI2965,lin,hbi,-1.0,0.0,lin:hbi,1.0,1.0,-0.9675250072853032,3.0947647216761422e-09,10.0
HILp_QI2965,squared_exponential,study_days,-4.8,0.0,squared_exponential:study_days,,,,,
HILp_QI2965,lin,study_days,-1.0,0.0,lin:study_days,,,,,
HILp_QI2965,squared_exponential,age,-5.0,1.0,squared_exponential:age,,,,,
HILp_QI2965,lin,age,-1.0,0.0,lin:age,,,,,
HILp_QI2965,squared_exponential,time_from_max,-4.8,0.0,squared_exponential:time_from_max,1.0,1.0,-4.804453926011547,1.4761705148121407e-09,10.0
HILp_QI2965,lin,time_from_max,-1.0,0.0,lin:time_from_max,1.0,1.0,-0.9675250612142464,8.0651064311359e-09,10.0
HILp_QI1093,categorical,participant_id,39.8,1.0,categorical:participant_id,,,,,
HILp_QI1093,categorical,site_name,-1.0,0.0,categorical:site_name,,,,,
HILp_QI1093,categorical,race,-1.0,0.0,categorical:race,,,,,
HILp_QI1093,categorical,sex,-1.0,0.0,categorical:sex,,,,,
HILp_QI1093,categorical,general_wellbeing,-1.0,0.0,categorical:general_wellbeing,,,,,
HILp_QI1093,squared_exponential,hbi,-4.8,0.0,squared_exponential:hbi,0.5,1.0,-4.8044523970347655,1.1382875009262216e-06,60.0
HILp_QI1093,lin,hbi,-1.0,0.0,lin:hbi,0.5,1.0,-0.9675249285069184,1.106065917900201e-06,60.0
HILp_QI1093,squared_exponential,study_days,-4.8,0.0,squared_exponential:study_days,,,,,
HILp_QI1093,lin,study_days,-1.0,0.0,lin:study_days,,,,,
HILp_QI1093,squared_exponential,age,-4.8,0.0,squared_exponential:age,,,,,
HILp_QI1093,lin,age,-1.0,0.0,lin:age,,,,,
HILp_QI1093,squared_exponential,time_from_max,-4.8,0.0,squared_exponential:time_from_max,1.0,1.0,-4.804451538563171,7.409774732103078e-07,10.0
HILp_QI1093,lin,time_from_max,-1.0,0.0,lin:time_from_max,1.0,1.0,-0.9675248382468452,5.943673643883854e-07,10.0
HILp_QI4793,categorical,participant_id,-1.0,0.0,categorical:participant_id,,,,,
HILp_QI4793,categorical,site_name,-1.5,0.803,categorical:site_name,,,,,
HILp_QI4793,categorical,race,-1.0,0.0,categorical:race,,,,,
HILp_QI4793,categorical,sex,-1.0,0.0,categorical:sex,,,,,
HILp_QI4793,categorical,general_wellbeing,-1.0,0.0,categorical:general_wellbeing,,,,,
HILp_QI4793,squared_exponential,hbi,-4.8,0.0,squared_exponential:hbi,1.0,1.0,-4.804461591319523,1.632609700531631e-07,10.0
HILp_QI4793,lin,hbi,-1.0,0.0,lin:hbi,1.0,1.0,-0.967528760553023,1.369183919278458e-07,10.0
HILp_QI4793,squared_exponential,study_days,-4.8,0.0,squared_exponential:study_days,,,,,
HILp_QI4793,lin,study_days,-1.4,0.572,lin:study_days,,,,,
HILp_QI4793,squared_exponential,age,-4.8,0.0,squared_exponential:age,,,,,
HILp_QI4793,lin,age,-1.0,0.0,lin:age,,,,,
HILp_QI4793,squared_exponential,time_from_max,-4.8,0.0,squared_exponential:time_from_max,1.0,1.0,-4.804457964948369,9.807714390186773e-08,10.0
HILp_QI4793,lin,time_from_max,-1.0,0.0,lin:time_from_max,1.0,1.0,-0.9675287567340548,8.184519233861526e-08,10.0
HILp_QI2981,categorical,participant_id,24.0,0.931,categorical:participant_id,,,,,
HILp_QI2981,categorical,site_name,-1.0,0.0,categorical:site_name,,,,,
HILp_QI2981,categorical,race,-1.0,0.0,categorical:race,,,,,
HILp_QI2981,categorical,sex,-1.0,0.0,categorical:sex,,,,,
HILp_QI2981,categorical,general_wellbeing,-1.0,0.0,categorical:general_wellbeing,,,,,
HILp_QI2981,squared_exponential,hbi,-4.8,0.0,squared_exponential:hbi,0.5,1.0,-4.804455100922041,9.349470974819376e-06,60.0
HILp_QI2981,lin,hbi,2.7,0.061,lin:hbi,5.104645227160809e-05,0.0003998638761275,-0.9676087341288166,0.3087289769137066,60.0
HILp_QI2981,squared_exponential,study_days,-4.8,0.0,squared_exponential:study_days,,,,,
HILp_QI2981,lin,study_days,-1.0,0.0,lin:study_days,,,,,
HILp_QI2981,squared_exponential,age,-4.8,0.0,squared_exponential:age,,,,,
HILp_QI2981,lin,age,-1.0,0.0,lin:age,,,,,
HILp_QI2981,squared_exponential,time_from_max,-4.8,0.0,squared_exponential:time_from_max,1.0,1.0,-4.804456128309539,5.6288327356043016e-08,10.0
HILp_QI2981,lin,time_from_max,-1.0,0.0,lin:time_from_max,1.0,1.0,-0.9675267064267246,7.120054042440819e-08,10.0
HILp_QI3593,categorical,participant_id,64.4,0.989,categorical:participant_id,,,,,
HILp_QI3593,categorical,site_name,-1.0,0.0,categorical:site_name,,,,,
HILp_QI3593,categorical,race,-1.0,0.0,categorical:race,,,,,
HILp_QI3593,categorical,sex,-1.0,0.0,categorical:sex,,,,,
HILp_QI3593,categorical,general_wellbeing,-1.0,0.0,categorical:general_wellbeing,,,,,
HILp_QI3593,squared_exponential,hbi,-4.8,0.0,squared_exponential:hbi,0.5,1.0,-4.804461132247525,6.848460903125703e-06,60.0
HILp_QI3593,lin,hbi,5.6,0.062,lin:hbi,5.104645227160809e-05,0.0003998638761275,-0.9677174452594954,0.1948911102657255,60.0
HILp_QI3593,squared_exponential,study_days,-4.8,0.0,squared_exponential:study_days,,,,,
HILp_QI3593,lin,study_days,-1.0,0.0,lin:study_days,,,,,
HILp_QI3593,squared_exponential,age,-4.8,0.0,squared_exponential:age,,,,,
HILp_QI3593,lin,age,-1.0,0.0,lin:age,,,,,
HILp_QI3593,squared_exponential,time_from_max,-4.8,0.0,squared_exponential:time_from_max,1.0,1.0,-4.804468815735845,5.266962013320066e-07,10.0
HILp_QI3593,lin,time_from_max,-1.0,0.0,lin:time_from_max,1.0,1.0,-0.9675527256949864,5.998323539331563e-07,10.0
HILp_QI1038,categorical,participant_id,-1.0,0.0,categorical:participant_id,,,,,
HILp_QI1038,categorical,site_name,-1.0,0.0,categorical:site_name,,,,,
HILp_QI1038,categorical,race,-3.5,0.426,categorical:race,,,,,
HILp_QI1038,categorical,sex,-1.0,0.0,categorical:sex,,,,,
HILp_QI1038,categorical,general_wellbeing,-1.0,0.0,categorical:general_wellbeing,,,,,
HILp_QI1038,squared_exponential,hbi,-4.8,0.0,squared_exponential:hbi,0.5,1.0,-4.804455979548948,1.5343390789047967e-05,60.0
HILp_QI1038,lin,hbi,-2.1,0.024,lin:hbi,0.5,1.0,-0.9681638922695583,0.4855318740554118,60.0
HILp_QI1038,squared_exponential,study_days,-4.8,0.0,squared_exponential:study_days,,,,,
HILp_QI1038,lin,study_days,-0.6,0.632,lin:study_days,,,,,
HILp_QI1038,squared_exponential,age,-4.9,0.243,squared_exponential:age,,,,,
HILp_QI1038,lin,age,-1.0,0.0,lin:age,,,,,
HILp_QI1038,squared_exponential,time_from_max,-5.8,0.119,squared_exponential:time_from_max,0.5,1.0,-4.805350233594027,0.339212452927331,120.0
HILp_QI1038,lin,time_from_max,-1.0,0.0,lin:time_from_max,0.5,1.0,-0.9675294911503444,2.530044619301909e-05,120.0
HILp_TF13,categorical,participant_id,32.1,1.0,categorical:participant_id,,,,,
HILp_TF13,categorical,site_name,-1.0,0.0,categorical:site_name,,,,,
HILp_TF13,categorical,race,-1.0,0.0,categorical:race,,,,,
HILp_TF13,categorical,sex,-1.0,0.0,categorical:sex,,,,,
HILp_TF13,categorical,general_wellbeing,-1.0,0.0,categorical:general_wellbeing,,,,,
HILp_TF13,squared_exponential,hbi,-4.8,0.0,squared_exponential:hbi,1.0,1.0,-4.804469884043556,3.301799318499942e-08,10.0
HILp_TF13,lin,hbi,-1.0,0.0,lin:hbi,1.0,1.0,-0.967530965504011,2.226968712558845e-08,10.0
HILp_TF13,squared_exponential,study_days,-4.8,0.0,squared_exponential:study_days,,,,,
HILp_TF13,lin,study_days,-1.0,0.0,lin:study_days,,,,,
HILp_TF13,squared_exponential,age,-4.8,0.0,squared_exponential:age,,,,,
HILp_TF13,lin,age,-1.0,0.0,lin:age,,,,,
HILp_TF13,squared_exponential,time_from_max,-4.8,0.0,squared_exponential:time_from_max,1.0,1.0,-4.804472570057442,5.540599444077631e-07,10.0
HILp_TF13,lin,time_from_max,-1.0,0.0,lin:time_from_max,1.0,1.0,-0.9675456848740396,1.7530907335557125e-08,10.0
HILp_QI7976,categorical,participant_id,57.9,1.0,categorical:participant_id,,,,,
HILp_QI7976,categorical,site_name,-1.0,0.0,categorical:site_name,,,,,
HILp_QI7976,categorical,race,-1.0,0.0,categorical:race,,,,,
HILp_QI7976,categorical,sex,-1.0,0.0,categorical:sex,,,,,
HILp_QI7976,categorical,general_wellbeing,-1.0,0.0,categorical:general_wellbeing,,,,,
HILp_QI7976,squared_exponential,hbi,-4.8,0.0,squared_exponential:hbi,1.0,1.0,-4.804461997922772,3.013784557201957e-07,10.0
HILp_QI7976,lin,hbi,-1.0,0.0,lin:hbi,1.0,1.0,-0.9676846454035511,3.423515991083838e-07,10.0
HILp_QI7976,squared_exponential,study_days,-4.8,0.0,squared_exponential:study_days,,,,,
HILp_QI7976,lin,study_days,-1.0,0.0,lin:study_days,,,,,
HILp_QI7976,squared_exponential,age,-4.8,0.0,squared_exponential:age,,,,,
HILp_QI7976,lin,age,-1.0,0.0,lin:age,,,,,
HILp_QI7976,squared_exponential,time_from_max,-4.8,0.0,squared_exponential:time_from_max,1.0,1.0,-4.804460868283968,3.657683188676876e-07,120.0
HILp_QI7976,lin,time_from_max,-1.0,0.0,lin:time_from_max,0.5,1.0,-0.9675312924143782,1.0750900299660536e-06,120.0
HILp_QI1646,categorical,participant_id,-1.0,0.0,categorical:participant_id,,,,,
HILp_QI1646,categorical,site_name,-1.0,0.0,categorical:site_name,,,,,
HILp_QI1646,categorical,race,-0.1,0.41,categorical:race,,,,,
HILp_QI1646,categorical,sex,-1.7,0.156,categorical:sex,,,,,
HILp_QI1646,categorical,general_wellbeing,-1.0,0.0,categorical:general_wellbeing,,,,,
HILp_QI1646,squared_exponential,hbi,-4.8,0.0,squared_exponential:hbi,1.0,1.0,-4.804453796288044,2.2476469488966707e-07,10.0
HILp_QI1646,lin,hbi,-1.0,0.0,lin:hbi,1.0,1.0,-0.9675269235963242,3.121389579896037e-07,10.0
HILp_QI1646,squared_exponential,study_days,-4.8,0.0,squared_exponential:study_days,,,,,
HILp_QI1646,lin,study_days,-1.0,0.0,lin:study_days,,,,,
HILp_QI1646,squared_exponential,age,-4.8,0.0,squared_exponential:age,,,,,
HILp_QI1646,lin,age,-1.4,0.166,lin:age,,,,,
HILp_QI1646,squared_exponential,time_from_max,-4.8,0.0,squared_exponential:time_from_max,1.0,1.0,-4.804483795740907,9.36996571315442e-08,10.0
HILp_QI1646,lin,time_from_max,-1.0,0.0,lin:time_from_max,1.0,1.0,-0.9675836288245137,3.560687951793745e-07,10.0
HILp_TF7,categorical,participant_id,-1.0,0.0,categorical:participant_id,,,,,
HILp_TF7,categorical,site_name,-1.0,0.0,categorical:site_name,,,,,
HILp_TF7,categorical,race,-1.0,0.0,categorical:race,,,,,
HILp_TF7,categorical,sex,-1.0,0.0,categorical:sex,,,,,
HILp_TF7,categorical,general_wellbeing,-1.0,0.0,categorical:general_wellbeing,,,,,
HILp_TF7,squared_exponential,hbi,-5.2,0.157,squared_exponential:hbi,0.5,1.0,-4.818986549146757,0.7666120765616551,60.0
HILp_TF7,lin,hbi,-1.0,0.0,lin:hbi,0.5,1.0,-0.9675313817474488,8.326806501365282e-05,60.0
HILp_TF7,squared_exponential,study_days,-0.3,0.456,squared_exponential:study_days,,,,,
HILp_TF7,lin,study_days,-1.0,0.0,lin:study_days,,,,,
HILp_TF7,squared_exponential,age,-4.8,0.0,squared_exponential:age,,,,,
HILp_TF7,lin,age,0.4,0.138,lin:age,,,,,
HILp_TF7,squared_exponential,time_from_max,-4.8,0.0,squared_exponential:time_from_max,0.5,1.0,-4.805177241676574,1.6688900786448945e-06,120.0
HILp_TF7,lin,time_from_max,-1.0,0.0,lin:time_from_max,0.5,1.0,-0.9675286262572628,2.113210515266894e-06,120.0
HILp_TF15,categorical,participant_id,64.3,1.0,categorical:participant_id,,,,,
HILp_TF15,categorical,site_name,-1.0,0.0,categorical:site_name,,,,,
HILp_TF15,categorical,race,-1.0,0.0,categorical:race,,,,,
HILp_TF15,categorical,sex,-1.0,0.0,categorical:sex,,,,,
HILp_TF15,categorical,general_wellbeing,-1.0,0.0,categorical:general_wellbeing,,,,,
HILp_TF15,squared_exponential,hbi,-4.8,0.0,squared_exponential:hbi,0.5,1.0,-4.804462062989387,6.1094755235925656e-06,60.0
HILp_TF15,lin,hbi,-1.0,0.0,lin:hbi,0.5,1.0,-0.9675299798277592,2.6570525487335858e-06,60.0
HILp_TF15,squared_exponential,study_days,-4.8,0.0,squared_exponential:study_days,,,,,
HILp_TF15,lin,study_days,-1.0,0.0,lin:study_days,,,,,
HILp_TF15,squared_exponential,age,-4.8,0.0,squared_exponential:age,,,,,
HILp_TF15,lin,age,-1.0,0.0,lin:age,,,,,
HILp_TF15,squared_exponential,time_from_max,-4.8,0.0,squared_exponential:time_from_max,0.5,1.0,-4.804458834775687,6.529022031805154e-06,120.0
HILp_TF15,lin,time_from_max,-1.0,0.0,lin:time_from_max,0.5,1.0,-0.9675305532045968,3.3871741295009632e-06,120.0
HILp_QI9662,categorical,participant_id,-1.0,0.0,categorical:participant_id,,,,,
HILp_QI9662,categorical,site_name,-1.0,0.0,categorical:site_name,,,,,
HILp_QI9662,categorical,race,-1.0,0.0,categorical:race,,,,,
HILp_QI9662,categorical,sex,-1.0,0.0,categorical:sex,,,,,
HILp_QI9662,categorical,general_wellbeing,-1.0,0.0,categorical:general_wellbeing,,,,,
HILp_QI9662,squared_exponential,hbi,-4.8,0.0,squared_exponential:hbi,1.0,1.0,-4.804457520241726,3.785323720041419e-09,10.0
HILp_QI9662,lin,hbi,-1.0,0.0,lin:hbi,1.0,1.0,-0.967525534290985,3.518304401030912e-09,10.0
HILp_QI9662,squared_exponential,study_days,-4.8,0.0,squared_exponential:study_days,,,,,
HILp_QI9662,lin,study_days,-1.0,0.0,lin:study_days,,,,,
HILp_QI9662,squared_exponential,age,-4.8,0.0,squared_exponential:age,,,,,
HILp_QI9662,lin,age,23.3,1.0,lin:age,,,,,
HILp_QI9662,squared_exponential,time_from_max,-4.8,0.0,squared_exponential:time_from_max,1.0,1.0,-4.804452442892398,1.096677861923343e-09,10.0
HILp_QI9662,lin,time_from_max,-1.0,0.0,lin:time_from_max,1.0,1.0,-0.9675255363110864,9.967939937130072e-10,10.0
HILp_TF49,categorical,participant_id,-1.0,1.0,categorical:participant_id,,,,,
HILp_TF49,categorical,site_name,-1.0,1.0,categorical:site_name,,,,,
HILp_TF49,categorical,race,-1.0,1.0,categorical:race,,,,,
HILp_TF49,categorical,sex,-1.0,1.0,categorical:sex,,,,,
HILp_TF49,categorical,general_wellbeing,-1.0,1.0,categorical:general_wellbeing,,,,,
HILp_TF49,squared_exponential,hbi,-4.8,1.0,squared_exponential:hbi,1.0,1.0,-4.804451780049931,8.858265574532406e-08,10.0
HILp_TF49,lin,hbi,-1.0,1.0,lin:hbi,1.0,1.0,-0.9675340744086044,8.639168241697017e-08,10.0
HILp_TF49,squared_exponential,study_days,-4.8,1.0,squared_exponential:study_days,,,,,
HILp_TF49,lin,study_days,-1.0,0.0,lin:study_days,,,,,
HILp_TF49,squared_exponential,age,-4.8,1.0,squared_exponential:age,,,,,
HILp_TF49,lin,age,-1.0,1.0,lin:age,,,,,
HILp_TF49,squared_exponential,time_from_max,-4.8,0.95,squared_exponential:time_from_max,1.0,1.0,-4.804452051755106,9.14946200522963e-08,10.0
HILp_TF49,lin,time_from_max,-1.0,1.0,lin:time_from_max,1.0,1.0,-0.9675249520098532,7.760565951082321e-08,10.0
HILp_QI1968,categorical,participant_id,-1.0,0.0,categorical:participant_id,,,,,
HILp_QI1968,categorical,site_name,-1.0,0.0,categorical:site_name,,,,,
HILp_QI1968,categorical,race,-1.0,0.0,categorical:race,,,,,
HILp_QI1968,categorical,sex,-1.0,0.0,categorical:sex,,,,,
HILp_QI1968,categorical,general_wellbeing,-1.0,0.0,categorical:general_wellbeing,,,,,
HILp_QI1968,squared_exponential,hbi,-4.8,0.0,squared_exponential:hbi,1.0,1.0,-4.80445388541375,9.233628119313698e-10,10.0
HILp_QI1968,lin,hbi,-1.0,0.0,lin:hbi,1.0,1.0,-0.9675269159977232,2.795110411324783e-09,10.0
HILp_QI1968,squared_exponential,study_days,-4.8,0.0,squared_exponential:study_days,,,,,
HILp_QI1968,lin,study_days,-1.0,0.0,lin:study_days,,,,,
HILp_QI1968,squared_exponential,age,-4.8,0.0,squared_exponential:age,,,,,
HILp_QI1968,lin,age,-0.0,0.429,lin:age,,,,,
HILp_QI1968,squared_exponential,time_from_max,-4.8,0.0,squared_exponential:time_from_max,0.5,1.0,-4.804453025567,5.21219678552658e-06,120.0
HILp_QI1968,lin,time_from_max,0.4,0.495,lin:time_from_max,0.0069167543617644,0.4876311825043917,-0.9676569712194124,0.4174694690108915,120.0
HILp_QI8763,categorical,participant_id,55.1,0.958,categorical:participant_id,,,,,
HILp_QI8763,categorical,site_name,-1.0,0.0,categorical:site_name,,,,,
HILp_QI8763,categorical,race,-1.0,0.0,categorical:race,,,,,
HILp_QI8763,categorical,sex,-1.0,0.0,categorical:sex,,,,,
HILp_QI8763,categorical,general_wellbeing,-1.0,0.0,categorical:general_wellbeing,,,,,
HILp_QI8763,squared_exponential,hbi,-4.8,0.0,squared_exponential:hbi,0.5,1.0,-4.8044555440342265,3.353468887256417e-05,60.0
HILp_QI8763,lin,hbi,0.6,0.032,lin:hbi,0.0171609436036381,0.076815652321047,-0.9678380350374028,0.4824920122799416,60.0
HILp_QI8763,squared_exponential,study_days,-4.8,0.0,squared_exponential:study_days,,,,,
HILp_QI8763,lin,study_days,-1.0,0.0,lin:study_days,,,,,
HILp_QI8763,squared_exponential,age,-4.8,0.0,squared_exponential:age,,,,,
HILp_QI8763,lin,age,-1.0,0.0,lin:age,,,,,
HILp_QI8763,squared_exponential,time_from_max,-4.8,0.0,squared_exponential:time_from_max,1.0,1.0,-4.804454970480037,7.607520293134527e-07,10.0
HILp_QI8763,lin,time_from_max,-1.0,0.0,lin:time_from_max,1.0,1.0,-0.9675275001432057,6.937364123677673e-07,10.0
HILp_QI8646,categorical,participant_id,47.2,1.0,categorical:participant_id,,,,,
HILp_QI8646,categorical,site_name,-1.0,0.0,categorical:site_name,,,,,
HILp_QI8646,categorical,race,-1.0,0.0,categorical:race,,,,,
HILp_QI8646,categorical,sex,-1.0,0.0,categorical:sex,,,,,
HILp_QI8646,categorical,general_wellbeing,-1.0,0.0,categorical:general_wellbeing,,,,,
HILp_QI8646,squared_exponential,hbi,-4.8,0.0,squared_exponential:hbi,0.5,1.0,-4.804457944915157,3.4328629445480405e-06,60.0
HILp_QI8646,lin,hbi,-1.0,0.0,lin:hbi,0.5,1.0,-0.9675415626747964,3.2646328999937984e-06,60.0
HILp_QI8646,squared_exponential,study_days,-4.8,0.0,squared_exponential:study_days,,,,,
HILp_QI8646,lin,study_days,-1.0,0.0,lin:study_days,,,,,
HILp_QI8646,squared_exponential,age,-4.8,0.0,squared_exponential:age,,,,,
HILp_QI8646,lin,age,-1.0,0.0,lin:age,,,,,
HILp_QI8646,squared_exponential,time_from_max,-4.8,0.0,squared_exponential:time_from_max,0.5,1.0,-4.804458503139358,2.497750980519859e-06,120.0
HILp_QI8646,lin,time_from_max,-1.0,0.0,lin:time_from_max,0.5,1.0,-0.9675401150047946,2.696995495727037e-06,120.0
HILp_QI1363,categorical,participant_id,-1.0,0.0,categorical:participant_id,,,,,
HILp_QI1363,categorical,site_name,-1.0,0.0,categorical:site_name,,,,,
HILp_QI1363,categorical,race,-2.1,0.089,categorical:race,,,,,
HILp_QI1363,categorical,sex,-0.2,0.057,categorical:sex,,,,,
HILp_QI1363,categorical,general_wellbeing,-1.0,0.0,categorical:general_wellbeing,,,,,
HILp_QI1363,squared_exponential,hbi,-4.8,0.0,squared_exponential:hbi,1.0,1.0,-4.804459963472482,5.161004720691547e-08,10.0
HILp_QI1363,lin,hbi,-1.0,0.0,lin:hbi,1.0,1.0,-0.9675319470200066,9.167033393326845e-08,10.0
HILp_QI1363,squared_exponential,study_days,-6.0,0.07,squared_exponential:study_days,,,,,
HILp_QI1363,lin,study_days,-1.0,0.0,lin:study_days,,,,,
HILp_QI1363,squared_exponential,age,-4.8,0.0,squared_exponential:age,,,,,
HILp_QI1363,lin,age,24.6,0.68,lin:age,,,,,
HILp_QI1363,squared_exponential,time_from_max,-4.8,0.0,squared_exponential:time_from_max,1.0,1.0,-4.8044584932818,7.18380580385815e-08,10.0
HILp_QI1363,lin,time_from_max,-1.0,0.0,lin:time_from_max,1.0,1.0,-0.9675319341863542,8.064229364958339e-08,10.0
HILp_QI20478,categorical,participant_id,84.9,1.0,categorical:participant_id,,,,,
HILp_QI20478,categorical,site_name,-1.0,0.0,categorical:site_name,,,,,
HILp_QI20478,categorical,race,-1.0,0.0,categorical:race,,,,,
HILp_QI20478,categorical,sex,-1.0,0.0,categorical:sex,,,,,
HILp_QI20478,categorical,general_wellbeing,-1.0,0.0,categorical:general_wellbeing,,,,,
HILp_QI20478,squared_exponential,hbi,-4.8,0.0,squared_exponential:hbi,0.5,1.0,-4.804457196878047,2.381534601560119e-06,60.0
HILp_QI20478,lin,hbi,-1.0,0.0,lin:hbi,0.5,1.0,-0.967524937811504,1.96042822861458e-06,60.0
HILp_QI20478,squared_exponential,study_days,-4.8,0.0,squared_exponential:study_days,,,,,
HILp_QI20478,lin,study_days,-1.0,0.0,lin:study_days,,,,,
HILp_QI20478,squared_exponential,age,-4.8,0.0,squared_exponential:age,,,,,
HILp_QI20478,lin,age,-1.0,0.0,lin:age,,,,,
HILp_QI20478,squared_exponential,time_from_max,-4.8,0.0,squared_exponential:time_from_max,0.5,1.0,-4.804451486604648,2.204119631727092e-06,120.0
HILp_QI20478,lin,time_from_max,-1.0,0.0,lin:time_from_max,0.5,1.0,-0.9676304708546012,2.2397937656366e-06,120.0
HILp_QI13472,categorical,participant_id,10.1,1.0,categorical:participant_id,,,,,
HILp_QI13472,categorical,site_name,-1.0,0.0,categorical:site_name,,,,,
HILp_QI13472,categorical,race,-1.0,0.0,categorical:race,,,,,
HILp_QI13472,categorical,sex,-1.0,0.0,categorical:sex,,,,,
HILp_QI13472,categorical,general_wellbeing,-1.0,0.0,categorical:general_wellbeing,,,,,
HILp_QI13472,squared_exponential,hbi,-4.8,0.0,squared_exponential:hbi,1.0,1.0,-4.804453381063468,3.337954082856364e-08,10.0
HILp_QI13472,lin,hbi,-1.0,0.0,lin:hbi,1.0,1.0,-0.967547206180825,2.8318566656689868e-08,10.0
HILp_QI13472,squared_exponential,study_days,-4.8,0.0,squared_exponential:study_days,,,,,
HILp_QI13472,lin,study_days,-1.0,0.0,lin:study_days,,,,,
HILp_QI13472,squared_exponential,age,-4.8,0.0,squared_exponential:age,,,,,
HILp_QI13472,lin,age,-1.0,0.0,lin:age,,,,,
HILp_QI13472,squared_exponential,time_from_max,-4.8,0.0,squared_exponential:time_from_max,1.0,1.0,-4.8044532643973525,2.161016629197343e-08,10.0
HILp_QI13472,lin,time_from_max,-1.0,0.0,lin:time_from_max,1.0,1.0,-0.9675265797598058,1.953786401751874e-08,10.0
HILp_QI14033,categorical,participant_id,28.4,1.0,categorical:participant_id,,,,,
HILp_QI14033,categorical,site_name,-1.0,0.0,categorical:site_name,,,,,
HILp_QI14033,categorical,race,-1.0,0.0,categorical:race,,,,,
HILp_QI14033,categorical,sex,-1.0,0.0,categorical:sex,,,,,
HILp_QI14033,categorical,general_wellbeing,-1.0,0.0,categorical:general_wellbeing,,,,,
HILp_QI14033,squared_exponential,hbi,-4.8,0.0,squared_exponential:hbi,1.0,1.0,-4.804452561132621,8.433347665145477e-08,10.0
HILp_QI14033,lin,hbi,-1.0,0.0,lin:hbi,1.0,1.0,-0.9675754616137056,1.308281952198125e-07,10.0
HILp_QI14033,squared_exponential,study_days,-4.8,0.0,squared_exponential:study_days,,,,,
HILp_QI14033,lin,study_days,-1.0,0.0,lin:study_days,,,,,
HILp_QI14033,squared_exponential,age,-4.8,0.0,squared_exponential:age,,,,,
HILp_QI14033,lin,age,-1.0,0.0,lin:age,,,,,
HILp_QI14033,squared_exponential,time_from_max,-4.8,0.0,squared_exponential:time_from_max,1.0,1.0,-4.804454174873172,5.8679661598010146e-08,10.0
HILp_QI14033,lin,time_from_max,-1.0,0.0,lin:time_from_max,1.0,1.0,-0.967525791531898,4.1071829166110196e-08,10.0
HILp_TF30,categorical,participant_id,44.5,0.949,categorical:participant_id,,,,,
HILp_TF30,categorical,site_name,-1.0,0.0,categorical:site_name,,,,,
HILp_TF30,categorical,race,-1.0,0.0,categorical:race,,,,,
HILp_TF30,categorical,sex,-1.0,0.0,categorical:sex,,,,,
HILp_TF30,categorical,general_wellbeing,-1.0,0.0,categorical:general_wellbeing,,,,,
HILp_TF30,squared_exponential,hbi,-4.8,0.0,squared_exponential:hbi,0.5,1.0,-4.80446359412008,0.0001009542454181,60.0
HILp_TF30,lin,hbi,0.9,0.032,lin:hbi,0.0037123836241795,0.0225138103659923,-0.9684507727874916,0.3535534481976858,60.0
HILp_TF30,squared_exponential,study_days,-4.8,0.0,squared_exponential:study_days,,,,,
HILp_TF30,lin,study_days,-1.0,0.0,lin:study_days,,,,,
HILp_TF30,squared_exponential,age,-4.8,0.0,squared_exponential:age,,,,,
HILp_TF30,lin,age,-1.0,0.0,lin:age,,,,,
HILp_TF30,squared_exponential,time_from_max,-4.8,0.0,squared_exponential:time_from_max,1.0,1.0,-4.804451498516755,6.646852812499393e-08,10.0
HILp_TF30,lin,time_from_max,-1.0,0.0,lin:time_from_max,1.0,1.0,-0.9675609382070434,6.293556284165226e-08,10.0
HILp_TF32,categorical,participant_id,14.8,0.945,categorical:participant_id,,,,,
HILp_TF32,categorical,site_name,-1.0,0.0,categorical:site_name,,,,,
HILp_TF32,categorical,race,-1.0,0.0,categorical:race,,,,,
HILp_TF32,categorical,sex,-1.0,0.0,categorical:sex,,,,,
HILp_TF32,categorical,general_wellbeing,-1.0,0.0,categorical:general_wellbeing,,,,,
HILp_TF32,squared_exponential,hbi,-4.8,0.0,squared_exponential:hbi,0.5,1.0,-4.804464271060624,1.6009539798460246e-05,60.0
HILp_TF32,lin,hbi,0.7,0.073,lin:hbi,0.0050423212499061,0.0296236373431984,-0.9677816854514276,0.3342215641378615,60.0
HILp_TF32,squared_exponential,study_days,-4.8,0.0,squared_exponential:study_days,,,,,
HILp_TF32,lin,study_days,-1.0,0.0,lin:study_days,,,,,
HILp_TF32,squared_exponential,age,-4.8,0.0,squared_exponential:age,,,,,
HILp_TF32,lin,age,-1.0,0.0,lin:age,,,,,
HILp_TF32,squared_exponential,time_from_max,-4.8,0.0,squared_exponential:time_from_max,1.0,1.0,-4.804454651297874,5.668489362950285e-07,10.0
HILp_TF32,lin,time_from_max,-1.0,0.0,lin:time_from_max,1.0,1.0,-0.96753701055286,2.803895695420754e-07,10.0
HILp_TF29,categorical,participant_id,-1.0,0.0,categorical:participant_id,,,,,
HILp_TF29,categorical,site_name,-1.9,1.0,categorical:site_name,,,,,
HILp_TF29,categorical,race,-1.0,0.0,categorical:race,,,,,
HILp_TF29,categorical,sex,-1.0,0.0,categorical:sex,,,,,
HILp_TF29,categorical,general_wellbeing,-1.0,0.0,categorical:general_wellbeing,,,,,
HILp_TF29,squared_exponential,hbi,-4.8,0.0,squared_exponential:hbi,0.5,1.0,-4.804469285546929,3.453843771549587e-06,60.0
HILp_TF29,lin,hbi,-1.0,0.0,lin:hbi,0.5,1.0,-0.9675248125868166,3.1873435718141902e-06,60.0
HILp_TF29,squared_exponential,study_days,-4.8,0.0,squared_exponential:study_days,,,,,
HILp_TF29,lin,study_days,-1.0,0.0,lin:study_days,,,,,
HILp_TF29,squared_exponential,age,-4.8,0.0,squared_exponential:age,,,,,
HILp_TF29,lin,age,-1.0,0.0,lin:age,,,,,
HILp_TF29,squared_exponential,time_from_max,-4.8,0.0,squared_exponential:time_from_max,0.5,1.0,-4.804815184694235,4.550702338115664e-06,120.0
HILp_TF29,lin,time_from_max,-1.0,0.0,lin:time_from_max,0.5,1.0,-0.967524797508304,2.2921380995851078e-06,120.0
HILp_QI15155,categorical,participant_id,32.6,0.898,categorical:participant_id,,,,,
HILp_QI15155,categorical,site_name,-1.0,0.0,categorical:site_name,,,,,
HILp_QI15155,categorical,race,-1.0,0.0,categorical:race,,,,,
HILp_QI15155,categorical,sex,-1.0,0.0,categorical:sex,,,,,
HILp_QI15155,categorical,general_wellbeing,-1.0,0.0,categorical:general_wellbeing,,,,,
HILp_QI15155,squared_exponential,hbi,-4.8,0.0,squared_exponential:hbi,0.5,1.0,-4.804455957201299,1.4310520894585466e-05,60.0
HILp_QI15155,lin,hbi,3.0,0.053,lin:hbi,5.104645227160809e-05,0.0003998638761275,-0.9676735919656494,0.2943101186805324,60.0
HILp_QI15155,squared_exponential,study_days,-4.8,0.0,squared_exponential:study_days,,,,,
HILp_QI15155,lin,study_days,-1.0,0.0,lin:study_days,,,,,
HILp_QI15155,squared_exponential,age,-4.8,0.0,squared_exponential:age,,,,,
HILp_QI15155,lin,age,-1.0,0.0,lin:age,,,,,
HILp_QI15155,squared_exponential,time_from_max,-4.8,0.0,squared_exponential:time_from_max,1.0,1.0,-4.804452597153613,5.679566923431837e-07,10.0
HILp_QI15155,lin,time_from_max,-1.0,0.0,lin:time_from_max,1.0,1.0,-0.9675262704927264,8.245234944569572e-07,10.0
HILp_QI15372,categorical,participant_id,65.8,0.919,categorical:participant_id,,,,,
HILp_QI15372,categorical,site_name,-1.0,0.0,categorical:site_name,,,,,
HILp_QI15372,categorical,race,-1.0,0.0,categorical:race,,,,,
HILp_QI15372,categorical,sex,-1.0,0.0,categorical:sex,,,,,
HILp_QI15372,categorical,general_wellbeing,-1.0,0.0,categorical:general_wellbeing,,,,,
HILp_QI15372,squared_exponential,hbi,-4.8,0.0,squared_exponential:hbi,0.5,1.0,-4.804458232669276,2.334400273260772e-05,60.0
HILp_QI15372,lin,hbi,2.4,0.027,lin:hbi,0.0108411329231711,0.0536350786725308,-0.9675297761455112,0.8368066096555363,60.0
HILp_QI15372,squared_exponential,study_days,-6.6,0.018,squared_exponential:study_days,,,,,
HILp_QI15372,lin,study_days,-1.0,0.0,lin:study_days,,,,,
HILp_QI15372,squared_exponential,age,-4.8,0.0,squared_exponential:age,,,,,
HILp_QI15372,lin,age,-1.0,0.0,lin:age,,,,,
HILp_QI15372,squared_exponential,time_from_max,-4.8,0.0,squared_exponential:time_from_max,1.0,1.0,-4.804947501537981,4.744647351575644e-07,10.0
HILp_QI15372,lin,time_from_max,-1.0,0.0,lin:time_from_max,1.0,1.0,-0.96753066115798,6.231630923859177e-07,10.0
HILp_QI16955,categorical,participant_id,7.1,0.751,categorical:participant_id,,,,,
HILp_QI16955,categorical,site_name,-1.0,0.0,categorical:site_name,,,,,
HILp_QI16955,categorical,race,-1.0,0.0,categorical:race,,,,,
HILp_QI16955,categorical,sex,-1.0,0.0,categorical:sex,,,,,
HILp_QI16955,categorical,general_wellbeing,-1.0,0.0,categorical:general_wellbeing,,,,,
HILp_QI16955,squared_exponential,hbi,-4.8,0.0,squared_exponential:hbi,0.5,1.0,-4.804453062758512,5.528623902244143e-06,60.0
HILp_QI16955,lin,hbi,2.5,0.05,lin:hbi,5.104645227160809e-05,0.0003998638761275,-0.9675548132991024,0.2719657915386303,60.0
HILp_QI16955,squared_exponential,study_days,-4.8,0.0,squared_exponential:study_days,,,,,
HILp_QI16955,lin,study_days,-1.0,0.0,lin:study_days,,,,,
HILp_QI16955,squared_exponential,age,-4.8,0.0,squared_exponential:age,,,,,
HILp_QI16955,lin,age,-1.0,0.0,lin:age,,,,,
HILp_QI16955,squared_exponential,time_from_max,-4.8,0.0,squared_exponential:time_from_max,1.0,1.0,-4.804452869592524,1.674005636718599e-08,10.0
HILp_QI16955,lin,time_from_max,-1.0,0.0,lin:time_from_max,1.0,1.0,-0.9675260191806956,1.854360917020128e-08,10.0
HILp_QI13719,categorical,participant_id,71.0,1.0,categorical:participant_id,,,,,
HILp_QI13719,categorical,site_name,-1.0,0.0,categorical:site_name,,,,,
HILp_QI13719,categorical,race,-1.0,0.0,categorical:race,,,,,
HILp_QI13719,categorical,sex,-1.0,0.0,categorical:sex,,,,,
HILp_QI13719,categorical,general_wellbeing,-1.0,0.0,categorical:general_wellbeing,,,,,
HILp_QI13719,squared_exponential,hbi,-4.8,0.0,squared_exponential:hbi,0.5,1.0,-4.804455064341028,1.0977681098417608e-05,60.0
HILp_QI13719,lin,hbi,1.0,0.025,lin:hbi,5.104645227160809e-05,0.0003998638761275,-0.9678024203174118,0.2023220434993962,60.0
HILp_QI13719,squared_exponential,study_days,-4.8,0.0,squared_exponential:study_days,,,,,
HILp_QI13719,lin,study_days,-1.0,0.0,lin:study_days,,,,,
HILp_QI13719,squared_exponential,age,-4.8,0.0,squared_exponential:age,,,,,
HILp_QI13719,lin,age,-1.0,0.0,lin:age,,,,,
HILp_QI13719,squared_exponential,time_from_max,-4.8,0.0,squared_exponential:time_from_max,1.0,1.0,-4.80445531899295,4.2975829011003926e-08,10.0
HILp_QI13719,lin,time_from_max,-1.0,0.0,lin:time_from_max,1.0,1.0,-0.9675265999885596,7.437669166224202e-08,10.0
HILp_QI14421,categorical,participant_id,-1.0,0.0,categorical:participant_id,,,,,
HILp_QI14421,categorical,site_name,-1.0,0.0,categorical:site_name,,,,,
HILp_QI14421,categorical,race,-1.0,0.0,categorical:race,,,,,
HILp_QI14421,categorical,sex,-2.2,0.047,categorical:sex,,,,,
HILp_QI14421,categorical,general_wellbeing,-1.8,0.294,categorical:general_wellbeing,,,,,
HILp_QI14421,squared_exponential,hbi,-4.8,0.0,squared_exponential:hbi,0.5,1.0,-4.8044541396122895,3.520523513621762e-05,60.0
HILp_QI14421,lin,hbi,5.4,0.644,lin:hbi,0.0108411329231711,0.0536350786725308,-0.9675273710770398,1.575760343551583,60.0
HILp_QI14421,squared_exponential,study_days,-4.8,0.0,squared_exponential:study_days,,,,,
HILp_QI14421,lin,study_days,-1.0,0.0,lin:study_days,,,,,
HILp_QI14421,squared_exponential,age,-4.8,0.0,squared_exponential:age,,,,,
HILp_QI14421,lin,age,-2.9,0.129,lin:age,,,,,
HILp_QI14421,squared_exponential,time_from_max,-4.8,0.0,squared_exponential:time_from_max,0.5,1.0,-4.80445401944462,7.718570663491242e-06,120.0
HILp_QI14421,lin,time_from_max,-1.9,0.061,lin:time_from_max,0.5,1.0,-0.9682135614482376,0.5043803907455426,120.0
HILp_QI13155,categorical,participant_id,-1.0,0.0,categorical:participant_id,,,,,
HILp_QI13155,categorical,site_name,-1.9,0.743,categorical:site_name,,,,,
HILp_QI13155,categorical,race,-1.3,0.387,categorical:race,,,,,
HILp_QI13155,categorical,sex,-1.0,0.0,categorical:sex,,,,,
HILp_QI13155,categorical,general_wellbeing,-1.0,0.0,categorical:general_wellbeing,,,,,
HILp_QI13155,squared_exponential,hbi,-4.8,0.0,squared_exponential:hbi,0.5,1.0,-4.804460611509512,1.4527602348255008e-06,60.0
HILp_QI13155,lin,hbi,-1.0,0.0,lin:hbi,1.0,1.0,-0.9675268601308744,7.715718116124708e-07,60.0
HILp_QI13155,squared_exponential,study_days,-4.8,0.0,squared_exponential:study_days,,,,,
HILp_QI13155,lin,study_days,-1.0,0.0,lin:study_days,,,,,
HILp_QI13155,squared_exponential,age,-4.8,0.0,squared_exponential:age,,,,,
HILp_QI13155,lin,age,0.3,0.393,lin:age,,,,,
HILp_QI13155,squared_exponential,time_from_max,-4.8,0.0,squared_exponential:time_from_max,0.5,1.0,-4.804660412214616,1.1139123119794226e-06,120.0
HILp_QI13155,lin,time_from_max,-1.0,0.0,lin:time_from_max,1.0,1.0,-0.9675272962476812,9.46039630038311e-07,120.0
HILp_TF17,categorical,participant_id,82.8,0.924,categorical:participant_id,,,,,
HILp_TF17,categorical,site_name,-1.0,0.0,categorical:site_name,,,,,
HILp_TF17,categorical,race,-1.0,0.0,categorical:race,,,,,
HILp_TF17,categorical,sex,-1.0,0.0,categorical:sex,,,,,
HILp_TF17,categorical,general_wellbeing,-1.0,0.0,categorical:general_wellbeing,,,,,
HILp_TF17,squared_exponential,hbi,-4.8,0.0,squared_exponential:hbi,0.5,1.0,-4.80449130728266,2.6003993456171103e-05,60.0
HILp_TF17,lin,hbi,3.2,0.027,lin:hbi,5.104645227160809e-05,0.0003998638761275,-0.9679334423426552,0.4503223567493329,60.0
HILp_TF17,squared_exponential,study_days,-4.8,0.0,squared_exponential:study_days,,,,,
HILp_TF17,lin,study_days,-1.0,0.0,lin:study_days,,,,,
HILp_TF17,squared_exponential,age,-4.8,0.0,squared_exponential:age,,,,,
HILp_TF17,lin,age,-1.0,0.0,lin:age,,,,,
HILp_TF17,squared_exponential,time_from_max,-4.8,0.0,squared_exponential:time_from_max,0.5,1.0,-4.8044553835375154,8.936065191275227e-06,120.0
HILp_TF17,lin,time_from_max,-1.0,0.0,lin:time_from_max,0.5,1.0,-0.9675423737785422,7.769355257848099e-06,120.0
HILp_TF35,categorical,participant_id,-1.0,0.0,categorical:participant_id,,,,,
HILp_TF35,categorical,site_name,-1.0,0.0,categorical:site_name,,,,,
HILp_TF35,categorical,race,-1.0,0.0,categorical:race,,,,,
HILp_TF35,categorical,sex,-1.0,0.0,categorical:sex,,,,,
HILp_TF35,categorical,general_wellbeing,-1.0,0.0,categorical:general_wellbeing,,,,,
HILp_TF35,squared_exponential,hbi,-4.8,0.0,squared_exponential:hbi,0.5,1.0,-4.804454001425711,2.582432341740515e-06,60.0
HILp_TF35,lin,hbi,-1.6,1.0,lin:hbi,0.5,1.0,-0.9675549352980396,0.4111342478392655,60.0
HILp_TF35,squared_exponential,study_days,-4.8,0.0,squared_exponential:study_days,,,,,
HILp_TF35,lin,study_days,-1.0,0.0,lin:study_days,,,,,
HILp_TF35,squared_exponential,age,-4.8,0.0,squared_exponential:age,,,,,
HILp_TF35,lin,age,-1.0,0.0,lin:age,,,,,
HILp_TF35,squared_exponential,time_from_max,-4.8,0.0,squared_exponential:time_from_max,1.0,1.0,-4.804454896800962,3.572957108373862e-07,10.0
HILp_TF35,lin,time_from_max,-1.0,0.0,lin:time_from_max,1.0,1.0,-0.9675279210794088,1.5811965891784616e-07,10.0
HILp_TF19,categorical,participant_id,26.9,0.802,categorical:participant_id,,,,,
HILp_TF19,categorical,site_name,-1.0,0.0,categorical:site_name,,,,,
HILp_TF19,categorical,race,-1.0,0.0,categorical:race,,,,,
HILp_TF19,categorical,sex,-1.0,0.0,categorical:sex,,,,,
HILp_TF19,categorical,general_wellbeing,-0.1,0.027,categorical:general_wellbeing,,,,,
HILp_TF19,squared_exponential,hbi,-4.8,0.0,squared_exponential:hbi,0.5,1.0,-4.804455448987028,1.0847423732761309e-06,60.0
HILp_TF19,lin,hbi,-1.0,0.0,lin:hbi,0.5,1.0,-0.9675301491274696,1.015530373296384e-06,60.0
HILp_TF19,squared_exponential,study_days,-4.8,0.0,squared_exponential:study_days,,,,,
HILp_TF19,lin,study_days,-1.0,0.0,lin:study_days,,,,,
HILp_TF19,squared_exponential,age,-4.8,0.0,squared_exponential:age,,,,,
HILp_TF19,lin,age,-1.0,0.0,lin:age,,,,,
HILp_TF19,squared_exponential,time_from_max,-4.8,0.0,squared_exponential:time_from_max,0.5,1.0,-4.804459534198486,1.0269169409068183e-06,120.0
HILp_TF19,lin,time_from_max,-1.0,0.0,lin:time_from_max,1.0,1.0,-0.9675268682608476,9.679464792131796e-07,120.0
HILp_QI25304,categorical,participant_id,-1.0,0.0,categorical:participant_id,,,,,
HILp_QI25304,categorical,site_name,-1.0,0.0,categorical:site_name,,,,,
HILp_QI25304,categorical,race,-1.0,0.0,categorical:race,,,,,
HILp_QI25304,categorical,sex,-1.0,0.0,categorical:sex,,,,,
HILp_QI25304,categorical,general_wellbeing,-1.0,0.0,categorical:general_wellbeing,,,,,
HILp_QI25304,squared_exponential,hbi,-4.8,0.0,squared_exponential:hbi,0.5,1.0,-4.804452142075661,2.6697759761369355e-06,60.0
HILp_QI25304,lin,hbi,-1.5,1.0,lin:hbi,0.5,1.0,-0.9675960493093498,0.4781595371065493,60.0
HILp_QI25304,squared_exponential,study_days,-4.8,0.0,squared_exponential:study_days,,,,,
HILp_QI25304,lin,study_days,-1.0,0.0,lin:study_days,,,,,
HILp_QI25304,squared_exponential,age,-4.8,0.0,squared_exponential:age,,,,,
HILp_QI25304,lin,age,-1.0,0.0,lin:age,,,,,
HILp_QI25304,squared_exponential,time_from_max,-4.8,0.0,squared_exponential:time_from_max,1.0,1.0,-4.804454448298657,9.70960827952146e-09,10.0
HILp_QI25304,lin,time_from_max,-1.0,0.0,lin:time_from_max,1.0,1.0,-0.9675274013659418,1.3889294755329942e-08,10.0
HILp_TF2,categorical,participant_id,-1.0,0.0,categorical:participant_id,,,,,
HILp_TF2,categorical,site_name,-1.0,0.0,categorical:site_name,,,,,
HILp_TF2,categorical,race,-1.0,0.0,categorical:race,,,,,
HILp_TF2,categorical,sex,0.8,1.0,categorical:sex,,,,,
HILp_TF2,categorical,general_wellbeing,-1.0,0.0,categorical:general_wellbeing,,,,,
HILp_TF2,squared_exponential,hbi,-4.8,0.0,squared_exponential:hbi,0.5,1.0,-4.804456427971218,2.541216730635777e-06,60.0
HILp_TF2,lin,hbi,-1.0,0.0,lin:hbi,0.5,1.0,-0.9675255414686036,2.8012823658829e-06,60.0
HILp_TF2,squared_exponential,study_days,-4.8,0.0,squared_exponential:study_days,,,,,
HILp_TF2,lin,study_days,-1.0,0.0,lin:study_days,,,,,
HILp_TF2,squared_exponential,age,-4.8,0.0,squared_exponential:age,,,,,
HILp_TF2,lin,age,-1.0,0.0,lin:age,,,,,
HILp_TF2,squared_exponential,time_from_max,-4.8,0.0,squared_exponential:time_from_max,0.5,1.0,-4.804452115730328,1.7861639674556643e-06,120.0
HILp_TF2,lin,time_from_max,-1.0,0.0,lin:time_from_max,0.5,1.0,-0.9675255301649486,1.5368684328387349e-06,120.0
HILp_TF3,categorical,participant_id,-1.0,0.0,categorical:participant_id,,,,,
HILp_TF3,categorical,site_name,-1.0,0.0,categorical:site_name,,,,,
HILp_TF3,categorical,race,-1.0,0.0,categorical:race,,,,,
HILp_TF3,categorical,sex,1.9,1.0,categorical:sex,,,,,
HILp_TF3,categorical,general_wellbeing,-1.0,0.0,categorical:general_wellbeing,,,,,
HILp_TF3,squared_exponential,hbi,-4.8,0.0,squared_exponential:hbi,0.5,1.0,-4.804459957299514,2.4271553339685223e-06,60.0
HILp_TF3,lin,hbi,-1.0,0.0,lin:hbi,0.5,1.0,-0.967530846347472,2.1801965311169318e-06,60.0
HILp_TF3,squared_exponential,study_days,-4.8,0.0,squared_exponential:study_days,,,,,
HILp_TF3,lin,study_days,-1.0,0.0,lin:study_days,,,,,
HILp_TF3,squared_exponential,age,-4.8,0.0,squared_exponential:age,,,,,
HILp_TF3,lin,age,-1.0,0.0,lin:age,,,,,
HILp_TF3,squared_exponential,time_from_max,-4.8,0.0,squared_exponential:time_from_max,0.5,1.0,-4.804456023935018,1.8972702953598888e-06,120.0
HILp_TF3,lin,time_from_max,-1.0,0.0,lin:time_from_max,0.5,1.0,-0.9675311588530348,2.062995761695337e-06,120.0
HILp_TF12,categorical,participant_id,47.3,1.0,categorical:participant_id,,,,,
HILp_TF12,categorical,site_name,-1.0,0.0,categorical:site_name,,,,,
HILp_TF12,categorical,race,-1.0,0.0,categorical:race,,,,,
HILp_TF12,categorical,sex,-1.0,0.0,categorical:sex,,,,,
HILp_TF12,categorical,general_wellbeing,-1.0,0.0,categorical:general_wellbeing,,,,,
HILp_TF12,squared_exponential,hbi,-4.8,0.0,squared_exponential:hbi,0.5,1.0,-4.804481428348026,2.063774559350822e-05,60.0
HILp_TF12,lin,hbi,-1.0,0.0,lin:hbi,0.5,1.0,-0.9675248080561688,2.448943712802953e-05,60.0
HILp_TF12,squared_exponential,study_days,-4.8,0.0,squared_exponential:study_days,,,,,
HILp_TF12,lin,study_days,-1.0,0.0,lin:study_days,,,,,
HILp_TF12,squared_exponential,age,-4.8,0.0,squared_exponential:age,,,,,
HILp_TF12,lin,age,-1.0,0.0,lin:age,,,,,
HILp_TF12,squared_exponential,time_from_max,-4.8,0.0,squared_exponential:time_from_max,0.5,1.0,-4.804451539198908,1.9661184389944943e-05,120.0
HILp_TF12,lin,time_from_max,-1.0,0.0,lin:time_from_max,0.5,1.0,-0.9675247433910954,1.953206267614798e-05,120.0
HILp_QI23736,categorical,participant_id,-1.0,0.81,categorical:participant_id,,,,,
HILp_QI23736,categorical,site_name,-1.0,0.799,categorical:site_name,,,,,
HILp_QI23736,categorical,race,-1.0,0.798,categorical:race,,,,,
HILp_QI23736,categorical,sex,-1.0,0.784,categorical:sex,,,,,
HILp_QI23736,categorical,general_wellbeing,-1.0,0.787,categorical:general_wellbeing,,,,,
HILp_QI23736,squared_exponential,hbi,-4.8,0.778,squared_exponential:hbi,1.0,1.0,-4.804452466654311,6.770997564595131e-09,10.0
HILp_QI23736,lin,hbi,-1.0,0.776,lin:hbi,1.0,1.0,-0.967524933437062,8.748739584391291e-09,10.0
HILp_QI23736,squared_exponential,study_days,-4.8,0.751,squared_exponential:study_days,,,,,
HILp_QI23736,lin,study_days,-1.0,0.781,lin:study_days,,,,,
HILp_QI23736,squared_exponential,age,-4.8,0.769,squared_exponential:age,,,,,
HILp_QI23736,lin,age,-1.0,0.818,lin:age,,,,,
HILp_QI23736,squared_exponential,time_from_max,-4.8,0.764,squared_exponential:time_from_max,1.0,1.0,-4.8044517447610815,5.6559312271779636e-09,10.0
HILp_QI23736,lin,time_from_max,-1.0,0.788,lin:time_from_max,1.0,1.0,-0.9675249381532468,1.229775277637736e-08,10.0
HILp_QI24373,categorical,participant_id,50.1,0.958,categorical:participant_id,,,,,
HILp_QI24373,categorical,site_name,-1.0,0.0,categorical:site_name,,,,,
HILp_QI24373,categorical,race,-1.0,0.0,categorical:race,,,,,
HILp_QI24373,categorical,sex,-1.0,0.0,categorical:sex,,,,,
HILp_QI24373,categorical,general_wellbeing,-1.0,0.0,categorical:general_wellbeing,,,,,
HILp_QI24373,squared_exponential,hbi,-4.8,0.0,squared_exponential:hbi,0.5,1.0,-4.804454470755218,9.26670360256944e-06,60.0
HILp_QI24373,lin,hbi,1.2,0.032,lin:hbi,5.104645227160809e-05,0.0003998638761275,-0.967653624374634,0.2074469466722137,60.0
HILp_QI24373,squared_exponential,study_days,-4.8,0.0,squared_exponential:study_days,,,,,
HILp_QI24373,lin,study_days,-1.0,0.0,lin:study_days,,,,,
HILp_QI24373,squared_exponential,age,-4.8,0.0,squared_exponential:age,,,,,
HILp_QI24373,lin,age,-1.0,0.0,lin:age,,,,,
HILp_QI24373,squared_exponential,time_from_max,-4.8,0.0,squared_exponential:time_from_max,1.0,1.0,-4.804476979373021,1.3700208981512398e-07,10.0
HILp_QI24373,lin,time_from_max,-1.0,0.0,lin:time_from_max,1.0,1.0,-0.967542554960346,1.9883344556363734e-07,10.0
