metabolite,p_value,null_centre,null_sd,n_draws,q_value,covariate,kernel_type,stratum,log_bf
C18n_QI06,1.0,-0.9675502685618085,1.32369361934457e-07,10,1.0,hbi,lin,lin:hbi,-0.9675502109193985
C18n_QI07,1.0,-0.9675304167303693,1.257461927162768e-07,10,1.0,hbi,lin,lin:hbi,-0.9675302774267038
C18n_QI08,0.5,-0.9675667012968461,0.6945111098511103,60,1.0,hbi,lin,lin:hbi,-1.2978953535784967
C18n_QI10,1.0,-0.967533500169111,2.0108018625459147e-08,10,1.0,hbi,lin,lin:hbi,-0.967533503318009
C18n_QI11,0.5,-0.9680065620079858,0.19299569382639037,60,1.0,hbi,lin,lin:hbi,-1.2366323811575057
C18n_TF1,1.0,-0.9675258469826531,3.225111250558179e-08,10,1.0,hbi,lin,lin:hbi,-0.9675257785443137
C18n_QI12,0.1184615384615384,-0.967528848319489,0.8244617857005715,60,0.39769230769230746,hbi,lin,lin:hbi,-0.7790463362553055
C18n_QI13,1.0,-0.967529642189902,2.1857067367097058e-08,10,1.0,hbi,lin,lin:hbi,-0.9675296524278565
C18n_QI14,1.0,-0.9675256536038432,5.311553444383552e-09,10,1.0,hbi,lin,lin:hbi,-0.9675256485420505
C18n_TF2,0.0008030905812286271,-0.9677571351878669,0.3125358327317277,60,0.005661788597661821,hbi,lin,lin:hbi,1.058357842773603
C18n_QI15,1.0,-0.9675584839985731,1.1271677231383898e-07,10,1.0,hbi,lin,lin:hbi,-0.9675585052473252
C18n_QI16,1.0,-0.9675260706414974,9.16121422320925e-09,10,1.0,hbi,lin,lin:hbi,-0.9675260661592802
C18n_QI17,1.0,-0.9689314712529722,1.401945440069216e-08,10,1.0,hbi,lin,lin:hbi,-0.9689315061450543
C18n_QI18,1.0,-0.9675268787045752,6.949535323252431e-07,10,1.0,hbi,lin,lin:hbi,-0.9675271506916943
C18n_TF3,1.0,-0.9675450462252684,2.2257573175204056e-07,10,1.0,hbi,lin,lin:hbi,-0.9675451048219657
C18n_TF4,0.5,-0.9675913614150886,1.6373777183277692e-05,60,1.0,hbi,lin,lin:hbi,-0.9675837049589973
C18n_QI19,1.0,-0.9675263815499875,4.226385039691258e-09,10,1.0,hbi,lin,lin:hbi,-0.9675263743306459
C18n_QI20,1.0,-0.9716421441528382,6.129690255180503e-07,10,1.0,hbi,lin,lin:hbi,-0.9716428309902767
C18n_QI21,0.5,-0.9675328230332525,2.3858118406765628e-06,60,1.0,hbi,lin,lin:hbi,-0.9675298505499086
C18n_QI22,1.0,-0.9675264487134427,5.5195087099696476e-08,10,1.0,hbi,lin,lin:hbi,-0.9675264868410522
C18n_QI23,0.5,-0.9675279829693864,5.009553365682079e-05,60,1.0,hbi,lin,lin:hbi,-0.9675263984954654
C18n_QI25,1.0,-0.967525627355144,3.0467716222769477e-07,10,1.0,hbi,lin,lin:hbi,-0.9675252749734682
C18n_QI26,0.5,-0.9675436695310964,4.267302163311396e-05,60,1.0,hbi,lin,lin:hbi,-0.9675380507087539
C18n_QI27,0.5,-0.967966072553736,0.3956996981638487,60,1.0,hbi,lin,lin:hbi,-1.7626701348417555
C18n_QI28,0.5,-0.9675749747370901,0.3231362172173613,60,1.0,hbi,lin,lin:hbi,-1.429106451534608
C18n_QI29,0.0017266674035510965,-0.9675291972002924,0.6750800264574875,60,0.011876102629302663,hbi,lin,lin:hbi,3.21473763909853
C18n_QI30,1.0,-0.967537633479651,3.497411213733354e-08,10,1.0,hbi,lin,lin:hbi,-0.9675376343570861
C18n_QI31,5.104645227160809e-05,-0.967529210824523,0.1893150031779463,60,0.0003998638761275967,hbi,lin,lin:hbi,3.2663027697767575
C18n_QI32,0.020000000000000018,-0.9676640578395563,0.7826792391874062,60,0.08057142857142864,hbi,lin,lin:hbi,1.3976351781461744
C18n_QI33,0.020000000000000018,-0.9676734894521815,0.48793440149112727,60,0.08057142857142864,hbi,lin,lin:hbi,0.2980447259387802
C18n_QI34,0.020000000000000018,-0.9686784486486886,1.0278290375417234,60,0.08057142857142864,hbi,lin,lin:hbi,1.5882618839168572
C18n_QI35,5.104645227160809e-05,-0.9679188783270547,0.917461004867974,60,0.0003998638761275967,hbi,lin,lin:hbi,11.332974778410062
C18n_QI36,5.104645227160809e-05,-0.9680561416826095,0.3375982864727318,60,0.0003998638761275967,hbi,lin,lin:hbi,1.8376609977076441
C18n_QI37,0.00037352560216963315,-0.9675284607874346,1.651024279171531,60,0.0027719531529430672,hbi,lin,lin:hbi,10.479902940411193
C18n_QI38,5.104645227160809e-05,-0.9675284182155792,0.2987446741986434,60,0.0003998638761275967,hbi,lin,lin:hbi,4.884278082104629
C18n_QI39,0.5,-0.9676442844338453,0.7626339334381299,60,1.0,hbi,lin,lin:hbi,-1.4489272767923467
C18n_QI40,1.0,-0.9675263842070763,1.7495293481224365e-08,10,1.0,hbi,lin,lin:hbi,-0.9675263845588233
C18n_QI41,0.0020123222165767674,-0.08497363580454476,2.9833320196698088,60,0.013197089885456939,hbi,lin,lin:hbi,18.03057913475004
C18n_QI42,0.0037123836241795827,-0.9680620537701543,0.7610948643039643,60,0.022513810365992308,hbi,lin,lin:hbi,3.099706301803053
C18n_QI43,0.00012790824893793573,-0.9675287308405132,1.0630657792489115,60,0.0009618700320132767,hbi,lin,lin:hbi,6.498930033650595
C18n_QI44,0.0692307692307692,-0.9677920486547009,0.19269123404837507,60,0.2502958579881656,hbi,lin,lin:hbi,-0.7664607733963749
C18n_QI45,1.0,-0.9675255588365417,6.493347861954081e-09,10,1.0,hbi,lin,lin:hbi,-0.9675255547808774
C18n_QI46,1.0,-0.9676180041899443,3.8220570443241245e-07,10,1.0,hbi,lin,lin:hbi,-0.9676180275391744
C18n_QI47,0.5,-0.967531757353072,8.294396947418295e-06,60,1.0,hbi,lin,lin:hbi,-0.9675290892446355
C18n_QI48,0.5,-0.9676031978765423,0.0002440546950069183,60,1.0,hbi,lin,lin:hbi,-1.2194831932501984
C18n_QI49,5.104645227160809e-05,-0.967540869856748,0.178040954942338,60,0.0003998638761275967,hbi,lin,lin:hbi,0.642099530015912
C18n_QI50,0.5,-0.9682067078538239,0.44643194660276686,60,1.0,hbi,lin,lin:hbi,-1.55111367511563
C18n_QI51,1.0,-0.9675267097763935,6.418220641195816e-07,10,1.0,hbi,lin,lin:hbi,-0.9675273628927243
C18n_QI52,1.0,-0.9675252904219178,3.4835843296192074e-07,10,1.0,hbi,lin,lin:hbi,-0.9675259889850167
C18n_QI53,1.0,-0.9676634899997225,2.802940667691366e-07,10,1.0,hbi,lin,lin:hbi,-0.9676634311240377
C18n_QI54,5.104645227160809e-05,-0.9679697527758435,0.25019409632642553,60,0.0003998638761275967,hbi,lin,lin:hbi,0.8266973828467599
C18n_QI55,1.0,-0.9675257849405625,9.243891023187959e-09,10,1.0,hbi,lin,lin:hbi,-0.9675257805579349
C18n_QI56,5.104645227160809e-05,-0.9692080090071613,0.926170147698462,60,0.0003998638761275967,hbi,lin,lin:hbi,11.179224302790317
C18n_QI57,5.104645227160809e-05,-0.9676073753714718,1.0673238290742253,60,0.0003998638761275967,hbi,lin,lin:hbi,10.254272199309526
C18n_QI58,5.104645227160809e-05,-0.9678319554698191,0.4751235024842906,60,0.0003998638761275967,hbi,lin,lin:hbi,4.957005476608629
C18n_QI59,5.104645227160809e-05,-0.9700537795654327,0.5437342894486454,60,0.0003998638761275967,hbi,lin,lin:hbi,5.81415204212135
C18n_QI60,1.0,-0.9675291908426971,7.44307141480709e-08,10,1.0,hbi,lin,lin:hbi,-0.9675291438379645
C18n_QI61,5.104645227160809e-05,-0.9680857463065422,0.7011143265953779,60,0.0003998638761275967,hbi,lin,lin:hbi,6.237187584217736
C18n_QI62,0.09384615384615391,-0.9678596019934957,0.36328612354237844,60,0.32672364672364695,hbi,lin,lin:hbi,-0.7256691200636851
C18n_QI63,0.13076923076923075,-0.9677399422735107,0.3292684823808381,60,0.43384615384615377,hbi,lin,lin:hbi,-0.8995128899478004
C18n_QI64,1.0,-0.9675394386686094,5.04953918438784e-08,10,1.0,hbi,lin,lin:hbi,-0.9675394813843923
C18n_QI65,5.104645227160809e-05,-0.9687599476897049,0.7433675883030042,60,0.0003998638761275967,hbi,lin,lin:hbi,6.699325183179553
C18n_QI66,0.01716094360363818,-0.9682037606155518,0.4942045504216484,60,0.07681565232104709,hbi,lin,lin:hbi,0.6825080700209583
C18n_TF5,1.0,-0.96752576467361,3.750746970846901e-08,10,1.0,hbi,lin,lin:hbi,-0.967525733851744
C18n_QI67,0.056923076923076854,-0.9679015177850943,1.3723420872457919,60,0.20712655086848608,hbi,lin,lin:hbi,1.1480067498455355
C18n_QI68,1.0,-0.9675262807427316,1.1859268903666984e-07,10,1.0,hbi,lin,lin:hbi,-0.9675263303433894
C18n_QI69,1.0,-0.9682085382962669,2.8720013367395316e-08,10,1.0,hbi,lin,lin:hbi,-0.968208496792613
C18n_QI70,1.0,-0.9675260398767023,8.844449788391896e-09,10,1.0,hbi,lin,lin:hbi,-0.9675260499898286
C18n_QI73,0.5,-0.9680199413721766,5.330576072142948e-05,60,1.0,hbi,lin,lin:hbi,-0.9680591079036276
C18n_QI74,0.0037123836241795827,-0.9676704652270018,0.32229192937698614,60,0.022513810365992308,hbi,lin,lin:hbi,0.7714255260334539
C18n_QI77,1.0,-0.9675272626136575,9.358287309647172e-08,10,1.0,hbi,lin,lin:hbi,-0.9675271353489734
C18n_QI78,1.0,-0.967550353202796,3.025575824265569e-08,10,1.0,hbi,lin,lin:hbi,-0.9675504325482507
C18n_QI79,1.0,-0.9675261407558082,2.312263428443977e-09,10,1.0,hbi,lin,lin:hbi,-0.9675261359366232
C18n_QI80,1.0,-0.9675258760469205,2.1973602781109502e-08,10,1.0,hbi,lin,lin:hbi,-0.9675258848619706
C18n_QI4788,1.0,-0.9675252220121138,4.0651106776831193e-10,10,1.0,hbi,lin,lin:hbi,-0.9675252224431006
C18n_QI81,1.0,-0.9675253524384289,2.2318417234915437e-09,10,1.0,hbi,lin,lin:hbi,-0.967525356444412
C18n_QI83,1.0,-0.967524927057184,4.113722529541014e-08,10,1.0,hbi,lin,lin:hbi,-0.967524995077838
C18n_QI84,0.5,-0.9675277305163945,3.061515498722534e-05,60,1.0,hbi,lin,lin:hbi,-0.9675265159326045
C18n_QI85,1.0,-0.9675275061158572,4.23308256564651e-07,10,1.0,hbi,lin,lin:hbi,-0.9675275936997423
C18n_QI86,1.0,-0.9675266471717805,8.502988514472877e-08,10,1.0,hbi,lin,lin:hbi,-0.9675267000789063
C18n_TF8,0.5,-0.9678413649389768,0.19518500406672984,60,1.0,hbi,lin,lin:hbi,-1.7954249455106037
C18n_QI88,1.0,-0.9675714903194148,7.134983735845504e-07,10,1.0,hbi,lin,lin:hbi,-0.9675706409125269
C18n_QI89,0.5,-0.967549136689513,0.41749936178599856,60,1.0,hbi,lin,lin:hbi,-1.8883980029431768
C18n_QI91,1.0,-0.9675278923668884,6.545404898586809e-09,10,1.0,hbi,lin,lin:hbi,-0.9675278819854611
C18n_QI92,1.0,-0.9675268207606678,4.569915595317507e-10,10,1.0,hbi,lin,lin:hbi,-0.9675268208247871
C8p_QI02,0.007981729512431257,-0.9675908879253257,0.5912505110798022,60,0.041299958211112195,hbi,lin,lin:hbi,1.5879246246786352
C8p_QI03,1.0,-0.9676133644450147,2.4482412952261067e-08,10,1.0,hbi,lin,lin:hbi,-0.9676133381262844
C8p_QI04,0.020000000000000018,-0.967865794800673,0.8293993467597334,60,0.08057142857142864,hbi,lin,lin:hbi,1.1317533816372816
C8p_QI05,0.5,-0.9679716216007819,5.3484392869978166e-05,60,1.0,hbi,lin,lin:hbi,-0.9680297600357335
C8p_QI06,5.104645227160809e-05,-0.9675328307077962,0.589062428858003,60,0.0003998638761275967,hbi,lin,lin:hbi,6.555034166582118
C8p_QI07,5.104645227160809e-05,-0.9679561685391036,0.5059437861715151,60,0.0003998638761275967,hbi,lin,lin:hbi,5.3761221380800635
C8p_QI08,0.056923076923076854,-0.9676684310113615,0.24008630603828518,60,0.20712655086848608,hbi,lin,lin:hbi,-0.598552837727766
C8p_QI09,1.0,-0.9675468156001443,7.515938144685062e-09,10,1.0,hbi,lin,lin:hbi,-0.9675468072891817
C8p_QI10,5.104645227160809e-05,-0.9678733258979264,0.3140649421289096,60,0.0003998638761275967,hbi,lin,lin:hbi,1.4497951530306636
C8p_QI12,1.0,-0.9675256737311884,3.834003877872336e-09,10,1.0,hbi,lin,lin:hbi,-0.9675256732475646
C8p_QI13,0.5,-0.9675272686079097,0.6182482040170774,60,1.0,hbi,lin,lin:hbi,-1.566393418759617
C8p_QI14,1.0,-0.9675946423526511,5.129665157441722e-09,10,1.0,hbi,lin,lin:hbi,-0.9675946310744621
C8p_QI15,0.00012790824893793573,-0.9682642783707252,1.3372993394205135,60,0.0009618700320132767,hbi,lin,lin:hbi,8.390556724432827
C8p_QI16,5.104645227160809e-05,-0.9677358380490659,0.8929961045391179,60,0.0003998638761275967,hbi,lin,lin:hbi,5.5011547700687515
C8p_QI18,0.0008030905812286271,-0.9681696332327192,1.0502613833554635,60,0.005661788597661821,hbi,lin,lin:hbi,5.924634128172329
C8p_QI19,0.08153846153846156,-0.9675713565993647,0.6022566049260554,60,0.287423076923077,hbi,lin,lin:hbi,-0.42877676774196516
C8p_QI20,0.0020123222165767674,-0.9675751443080571,0.9949735373285951,60,0.013197089885456939,hbi,lin,lin:hbi,5.128962992353536
C8p_QI21,0.0037123836241795827,-0.9675828121430641,0.3484073679795888,60,0.022513810365992308,hbi,lin,lin:hbi,0.9163914380333154
C8p_QI22,5.104645227160809e-05,-0.9677340319867653,0.7958127755070805,60,0.0003998638761275967,hbi,lin,lin:hbi,12.170755946571717
C8p_QI23,0.5,-0.9675529511330296,0.3133923516584544,60,1.0,hbi,lin,lin:hbi,-1.0571714726638675
C8p_QI24,0.012634658295681112,-0.9675817599400034,0.49194179412272643,60,0.05938289398970122,hbi,lin,lin:hbi,0.9429052437653809
C8p_QI25,0.009302203534704345,-0.9677552953319264,0.934798256073144,60,0.047265250392551805,hbi,lin,lin:hbi,2.911290855378411
C8p_QI26,5.104645227160809e-05,-0.967584573475051,0.5296907182151294,60,0.0003998638761275967,hbi,lin,lin:hbi,6.194096847903438
C8p_QI27,1.0,-0.9676416615366179,5.59014652525083e-08,10,1.0,hbi,lin,lin:hbi,-0.9676416111592516
C8p_QI28,1.0,-0.9675489150172325,7.862896545566267e-09,10,1.0,hbi,lin,lin:hbi,-0.9675489130931965
C8p_QI29,0.007981729512431257,-0.9683281929430905,0.7286636565545018,60,0.041299958211112195,hbi,lin,lin:hbi,2.1784058599487253
C8p_QI30,0.0037123836241795827,-0.9676530917517994,0.9119806312895147,60,0.022513810365992308,hbi,lin,lin:hbi,3.9258663970554153
C8p_QI31,0.005876508152893312,-0.9678978417116468,0.9454016097547412,60,0.03217816114788182,hbi,lin,lin:hbi,3.5271430535203763
C8p_QI33,1.0,-0.967570567017674,5.618020335410248e-09,10,1.0,hbi,lin,lin:hbi,-0.9675705560994174
C8p_QI35,0.020000000000000018,-0.9675695498535788,0.5470352108677713,60,0.08057142857142864,hbi,lin,lin:hbi,0.7118518920610768
C8p_QI36,0.020000000000000018,-0.9675782729839284,0.23965185201815714,60,0.08057142857142864,hbi,lin,lin:hbi,-0.35020334730506875
C8p_QI37,0.020000000000000018,-0.9675676416472925,0.5865740432417927,60,0.08057142857142864,hbi,lin,lin:hbi,0.5819324205149314
C8p_QI38,5.104645227160809e-05,-0.9676594382708572,0.557321875316419,60,0.0003998638761275967,hbi,lin,lin:hbi,9.370532400922002
C8p_QI39,0.04461538461538461,-0.9675737171335186,0.524837726861311,60,0.17117739403453688,hbi,lin,lin:hbi,-0.05756960603457628
C8p_QI40,0.0020123222165767674,-0.9675572700355133,0.5105643982388379,60,0.013197089885456939,hbi,lin,lin:hbi,2.042133627644489
C8p_QI41,0.005876508152893312,-0.9675655406563237,1.2288544908227599,60,0.03217816114788182,hbi,lin,lin:hbi,4.954165047274273
C8p_QI42,5.104645227160809e-05,-0.9675593168408341,0.9135070730963468,60,0.0003998638761275967,hbi,lin,lin:hbi,7.586426311247578
C8p_QI43,0.005876508152893312,-0.9675386980741223,1.5964622850795673,60,0.03217816114788182,hbi,lin,lin:hbi,6.825124971933292
C8p_QI44,1.0,-0.9676927868990788,7.295400237943601e-09,10,1.0,hbi,lin,lin:hbi,-0.967692783763141
C8p_QI45,1.0,-0.9675262802563793,7.610895327633453e-09,10,1.0,hbi,lin,lin:hbi,-0.9675262760097212
C8p_QI46,1.0,-0.9675287167224269,5.625705062082595e-08,10,1.0,hbi,lin,lin:hbi,-0.9675287026825572
C8p_QI47,1.0,-0.9675318848192092,5.4364189165996554e-08,10,1.0,hbi,lin,lin:hbi,-0.9675319349212259
C8p_QI48,1.0,-0.9683655896476466,3.476604458836219e-07,10,1.0,hbi,lin,lin:hbi,-0.9683656659544795
C8p_QI49,0.056923076923076854,-0.9113587981410092,1.2920143393188184,60,0.20712655086848608,hbi,lin,lin:hbi,0.9433881779614239
C8p_QI50,1.0,-0.9675338431832188,2.298952970115607e-07,10,1.0,hbi,lin,lin:hbi,-0.9675337395806309
C8p_QI51,1.0,-0.9675281314573567,5.0896784447282544e-08,10,1.0,hbi,lin,lin:hbi,-0.9675280906822081
C8p_QI52,1.0,-0.9675284192283016,6.872430691979447e-08,10,1.0,hbi,lin,lin:hbi,-0.967528487457912
C8p_QI53,1.0,-0.9675278107217764,1.339332439194587e-07,10,1.0,hbi,lin,lin:hbi,-0.9675280898331948
C8p_QI54,5.104645227160809e-05,-0.9675275521296953,0.08196013166227897,60,0.0003998638761275967,hbi,lin,lin:hbi,3.3022502059229737
C8p_QI55,5.104645227160809e-05,-0.9681726269363935,0.3239361002439155,60,0.0003998638761275967,hbi,lin,lin:hbi,9.761258197445386
C8p_QI56,0.10615384615384615,-0.9675863472621131,0.3669516419540141,60,0.35850760018424693,hbi,lin,lin:hbi,-0.8116606295202473
C8p_QI57,0.5,-0.9677046589304155,0.16496626483262655,60,1.0,hbi,lin,lin:hbi,-1.6678404547628816
C8p_QI58,1.0,-0.967574573580805,1.0365166136266494e-08,10,1.0,hbi,lin,lin:hbi,-0.9675745452204865
C8p_QI59,0.005876508152893312,-0.9675645807428737,0.19488090965541904,60,0.03217816114788182,hbi,lin,lin:hbi,-0.020871432759577146
C8p_QI60,5.104645227160809e-05,-0.9675824883465793,0.20632434492327573,60,0.0003998638761275967,hbi,lin,lin:hbi,1.5749299151430023
C8p_QI61,5.104645227160809e-05,-0.9677646193813416,0.2795610288297884,60,0.0003998638761275967,hbi,lin,lin:hbi,7.340457550762039
C8p_QI62,5.104645227160809e-05,-0.9675885808376279,0.22833884911061283,60,0.0003998638761275967,hbi,lin,lin:hbi,3.141351204013972
C8p_QI63,1.0,-0.9675249048423211,4.866202032348303e-09,10,1.0,hbi,lin,lin:hbi,-0.9675249049769263
C8p_QI64,1.0,-0.9675253084092219,1.2128308502468651e-08,10,1.0,hbi,lin,lin:hbi,-0.9675252830875252
C8p_QI66,1.0,-0.9675257080177744,1.701910472558996e-08,10,1.0,hbi,lin,lin:hbi,-0.9675257012922884
C8p_QI68,1.0,-0.967526855508595,3.496461617418684e-08,10,1.0,hbi,lin,lin:hbi,-0.9675268877431336
C8p_QI70,1.0,-0.9676469496432674,3.100666209396765e-07,10,1.0,hbi,lin,lin:hbi,-0.967646563532071
C8p_QI72,0.5,-0.967569456292722,3.3990985318535345e-05,60,1.0,hbi,lin,lin:hbi,-0.9675689462669652
C8p_QI74,0.03230769230769237,-0.9676013276962294,0.4979010922953238,60,0.12480505795574313,hbi,lin,lin:hbi,0.20075279349975972
C8p_QI76,1.0,-0.9675264705365407,1.3674420365202557e-08,10,1.0,hbi,lin,lin:hbi,-0.9675264807892745
C8p_QI78,0.056923076923076854,-0.9678088763262167,0.10815673081229495,60,0.20712655086848608,hbi,lin,lin:hbi,-0.8178974927400304
C8p_QI80,1.0,-0.9675262547289094,1.2043909385343281e-07,10,1.0,hbi,lin,lin:hbi,-0.96752634835957
C8p_QI82,1.0,-0.9675277609112527,2.6955143148178923e-08,10,1.0,hbi,lin,lin:hbi,-0.9675277890710277
C8p_QI84,1.0,-0.9675262323919469,1.204640942233353e-08,10,1.0,hbi,lin,lin:hbi,-0.9675262445916815
C8p_QI86,1.0,-0.9675256094444649,1.68035639390561e-08,10,1.0,hbi,lin,lin:hbi,-0.9675255863517123
C8p_QI89,5.104645227160809e-05,-0.967727319407004,0.23196442453039984,60,0.0003998638761275967,hbi,lin,lin:hbi,1.3990449573930164
C8p_QI91,0.5,-0.9675291726055093,1.0339224887284041e-05,60,1.0,hbi,lin,lin:hbi,-0.9675273247612495
C8p_QI93,0.5,-0.9675267458887902,5.215486205073237e-06,60,1.0,hbi,lin,lin:hbi,-0.9675284295349229
C8p_QI95,1.0,-0.9675330758614109,3.7398505605459826e-08,10,1.0,hbi,lin,lin:hbi,-0.9675330804375335
C8p_QI96,1.0,-0.9675260707458619,2.4333359626139945e-08,10,1.0,hbi,lin,lin:hbi,-0.9675260557464753
C8p_QI98,1.0,-0.9675296017451274,2.670605269859626e-08,10,1.0,hbi,lin,lin:hbi,-0.9675296147802328
C8p_QI100,1.0,-0.9675280573840155,5.6997290046240293e-08,10,1.0,hbi,lin,lin:hbi,-0.967528030192625
C8p_QI101,1.0,-0.9675397919349962,1.1842457388098015e-07,10,1.0,hbi,lin,lin:hbi,-0.9675397227565554
C8p_QI103,0.5,-0.9675528763823422,1.3117001945864939e-05,60,1.0,hbi,lin,lin:hbi,-0.9675786655598131
C8p_QI105,0.5,-0.9675282159919334,1.5527930941870303e-05,60,1.0,hbi,lin,lin:hbi,-0.9675309163922066
C8p_QI107,1.0,-0.9675258525060144,8.584846367644043e-08,10,1.0,hbi,lin,lin:hbi,-0.9675256988816727
C8p_QI116,0.5,-0.9676358379433623,1.1239956083852548e-06,60,1.0,hbi,lin,lin:hbi,-0.9676381570661761
C8p_QI108,0.5,-0.967529477289645,1.5249760480382657e-05,60,1.0,hbi,lin,lin:hbi,-0.9675302608957281
C8p_QI110,0.5,-0.9675280415981433,1.1852608666335237e-05,60,1.0,hbi,lin,lin:hbi,-0.9675247694076461
C8p_QI112,0.5,-0.9675280006163121,1.2326874243903364e-05,60,1.0,hbi,lin,lin:hbi,-0.9675280709893741
C8p_QI114,1.0,-0.9675266977219508,4.7718479686742114e-08,10,1.0,hbi,lin,lin:hbi,-0.9675266529507098
C8p_QI118,0.0014815620967290055,-0.9675601629569428,0.707125747934772,60,0.010316062006853817,hbi,lin,lin:hbi,3.4945605422713015
C8p_QI121,0.5,-0.9675852404516263,0.3910946042481427,60,1.0,hbi,lin,lin:hbi,-2.0028718017088067
C8p_QI123,1.0,-0.9678884991726591,4.845883159699057e-09,10,1.0,hbi,lin,lin:hbi,-0.9678885058251581
C8p_QI125,0.5,-0.967583108462577,0.2671125942564103,60,1.0,hbi,lin,lin:hbi,-1.6605809272837178
C8p_QI127,1.0,-0.9675602857250851,8.495333113070616e-09,10,1.0,hbi,lin,lin:hbi,-0.967560303648952
C8p_QI129,1.0,-0.9675250278721705,1.2252250532009288e-09,10,1.0,hbi,lin,lin:hbi,-0.9675250267528099
C8p_QI130,1.0,-0.9675251742805813,1.0273396093214718e-09,10,1.0,hbi,lin,lin:hbi,-0.9675251726907845
C8p_QI132,1.0,-0.9675261466377378,5.5583998723887105e-09,10,1.0,hbi,lin,lin:hbi,-0.9675261539678104
C8p_QI134,1.0,-0.9675269878694053,4.762036705739759e-09,10,1.0,hbi,lin,lin:hbi,-0.9675269932540687
C8p_QI136,1.0,-0.9675255606916835,2.7525904086503604e-08,10,1.0,hbi,lin,lin:hbi,-0.967525575747004
C8p_QI138,1.0,-0.9675256032750212,1.2506228742308714e-09,10,1.0,hbi,lin,lin:hbi,-0.9675255997274235
C8p_QI140,1.0,-0.9675252325239398,7.890264357666137e-09,10,1.0,hbi,lin,lin:hbi,-0.9675252302954505
C8p_QI142,1.0,-0.9675251990781817,1.2761865410102427e-08,10,1.0,hbi,lin,lin:hbi,-0.9675251857611329
C8p_QI144,1.0,-0.9675261435224911,6.860081220498556e-09,10,1.0,hbi,lin,lin:hbi,-0.967526139520487
C8p_QI146,1.0,-0.9675348683472293,2.590886246014219e-08,10,1.0,hbi,lin,lin:hbi,-0.9675348908499473
C8p_QI149,1.0,-0.9675248737040647,2.3792548321014323e-09,10,1.0,hbi,lin,lin:hbi,-0.9675248728224233
C8p_QI151,1.0,-0.9675253790339866,1.2053745444785962e-08,10,1.0,hbi,lin,lin:hbi,-0.9675253737718776
C8p_QI153,1.0,-0.9675273914378977,4.8051696566674566e-08,10,1.0,hbi,lin,lin:hbi,-0.9675274576347874
C8p_QI155,1.0,-0.967525971537043,1.766716844458143e-07,10,1.0,hbi,lin,lin:hbi,-0.9675260090511983
C8p_QI157,1.0,-0.9675260060905657,1.4608760986213492e-07,10,1.0,hbi,lin,lin:hbi,-0.9675257235098798
C8p_QI159,1.0,-0.9675287089278299,3.417144349836066e-08,10,1.0,hbi,lin,lin:hbi,-0.9675287118684537
C8p_QI161,1.0,-0.9675519292463832,2.981585984980179e-09,10,1.0,hbi,lin,lin:hbi,-0.9675519308657385
C8p_QI163,1.0,-0.9675329023521044,3.4405594287668616e-09,10,1.0,hbi,lin,lin:hbi,-0.9675328988037109
C8p_QI165,1.0,-0.9675252829163128,1.1204519015682447e-09,10,1.0,hbi,lin,lin:hbi,-0.9675252821514277
C8p_QI167,0.10615384615384615,-0.9677966048761846,0.8859815338271091,60,0.35850760018424693,hbi,lin,lin:hbi,-0.6552551777026565
C8p_QI170,1.0,-0.9675266112060399,1.1856463609163122e-08,10,1.0,hbi,lin,lin:hbi,-0.9675266366189135
C8p_QI172,1.0,-0.9675785972438007,9.564274306915463e-08,10,1.0,hbi,lin,lin:hbi,-0.9675785746853762
C8p_QI174,0.5,-0.9675276031794056,2.0859477734979463e-06,60,1.0,hbi,lin,lin:hbi,-0.9675270765173991
C8p_QI176,1.0,-0.9675831134018154,4.215945019720649e-07,10,1.0,hbi,lin,lin:hbi,-0.9675836827436797
C8p_QI178,1.0,-0.9675253313596386,3.418308484758047e-07,10,1.0,hbi,lin,lin:hbi,-0.9675257998865163
C8p_QI180,1.0,-0.9675508238512975,5.218601237606623e-08,10,1.0,hbi,lin,lin:hbi,-0.9675507439774265
C8p_QI182,0.5,-0.9678110491813641,0.5283204205742713,60,1.0,hbi,lin,lin:hbi,-1.3816029320951202
C8p_QI184,1.0,-0.9675291722558086,1.3845221287478972e-08,10,1.0,hbi,lin,lin:hbi,-0.9675291581306737
C8p_QI187,0.5,-0.9675269301806111,1.2769134797915854e-06,60,1.0,hbi,lin,lin:hbi,-0.9675278864733627
C8p_QI189,1.0,-0.9675250320105988,6.464716541121634e-07,10,1.0,hbi,lin,lin:hbi,-0.9675250894415512
C8p_QI191,1.0,-0.967525202091565,7.85756286483259e-07,10,1.0,hbi,lin,lin:hbi,-0.967524782381588
C8p_QI193,0.5,-0.9675285007947423,5.242751745786634e-06,60,1.0,hbi,lin,lin:hbi,-0.9675269908839255
C8p_QI195,1.0,-0.967619935247285,5.181899605869362e-07,10,1.0,hbi,lin,lin:hbi,-0.9676197725120801
C8p_QI197,1.0,-0.9675296499763135,6.061739915112746e-08,10,1.0,hbi,lin,lin:hbi,-0.9675297531707656
C8p_QI198,1.0,-0.967525007975155,3.1688950952161256e-09,10,1.0,hbi,lin,lin:hbi,-0.9675250015816346
C8p_QI199,1.0,-0.9675252793617801,3.4233436287144676e-09,10,1.0,hbi,lin,lin:hbi,-0.9675252785527846
C8p_QI200,1.0,-0.9675261830323052,4.993683764810795e-09,10,1.0,hbi,lin,lin:hbi,-0.9675261834318007
C8p_QI201,1.0,-0.9675263909775822,1.1459273456948263e-08,10,1.0,hbi,lin,lin:hbi,-0.9675263926678781
C8p_QI203,1.0,-0.9675260278618225,2.5706359566926835e-08,10,1.0,hbi,lin,lin:hbi,-0.9675260903995877
C8p_QI205,1.0,-0.9675891576778213,8.371610450003155e-08,10,1.0,hbi,lin,lin:hbi,-0.9675890835665086
C8p_QI207,1.0,-0.9675458084775528,1.227025848395113e-07,10,1.0,hbi,lin,lin:hbi,-0.9675459447180401
C8p_QI209,1.0,-0.9675274770893338,2.274709280760978e-08,10,1.0,hbi,lin,lin:hbi,-0.9675274430646823
C8p_QI212,1.0,-0.9675255182814908,1.8412788302470053e-07,10,1.0,hbi,lin,lin:hbi,-0.9675255621746146
C8p_QI213,1.0,-0.9675251672721288,1.3488131336306896e-09,10,1.0,hbi,lin,lin:hbi,-0.9675251694930012
C8p_QI214,0.5,-0.9676831362137364,0.45454345501556964,60,1.0,hbi,lin,lin:hbi,-1.5901239337322295
C8p_QI215,1.0,-0.9675646403268274,4.344595815755107e-08,10,1.0,hbi,lin,lin:hbi,-0.9675322071375376
C8p_QI65,1.0,-0.9675256223624729,8.433380257027625e-09,10,1.0,hbi,lin,lin:hbi,-0.9675256346008609
C8p_QI67,1.0,-0.9675270891525543,1.0288012561513107e-08,10,1.0,hbi,lin,lin:hbi,-0.9675270760972126
C8p_QI69,1.0,-0.9675275019658329,1.5984544285778376e-08,10,1.0,hbi,lin,lin:hbi,-0.9675274767232622
C8p_QI71,1.0,-0.9675380056805807,1.987126276298767e-07,10,1.0,hbi,lin,lin:hbi,-0.967538373060961
C8p_QI73,1.0,-0.967526419758542,7.503679899293277e-08,10,1.0,hbi,lin,lin:hbi,-0.967526462083697
C8p_QI75,0.5,-0.9675592853659509,0.31207805808395095,60,1.0,hbi,lin,lin:hbi,-1.2366773198664305
C8p_QI77,1.0,-0.9675253848517968,4.713428494428119e-09,10,1.0,hbi,lin,lin:hbi,-0.9675253674399755
C8p_QI79,1.0,-0.9675264557124592,5.801393096530255e-08,10,1.0,hbi,lin,lin:hbi,-0.9675264761426661
C8p_QI81,1.0,-0.9675261120867162,8.57294450283428e-08,10,1.0,hbi,lin,lin:hbi,-0.9675261114739442
C8p_QI83,1.0,-0.967525312150201,7.97140244631898e-09,10,1.0,hbi,lin,lin:hbi,-0.9675253106815944
C8p_QI85,1.0,-0.9675260975841411,4.556612887830248e-09,10,1.0,hbi,lin,lin:hbi,-0.9675260825242731
C8p_QI87,1.0,-0.9675257973831322,3.8862614921500525e-09,10,1.0,hbi,lin,lin:hbi,-0.9675257926483027
C8p_QI90,0.5,-0.9675478240671964,3.198868445786616e-05,60,1.0,hbi,lin,lin:hbi,-2.1085591938144717
C8p_QI92,0.5,-0.9675280439109883,1.3873869939064149e-05,60,1.0,hbi,lin,lin:hbi,-0.9675327123054558
C8p_QI94,1.0,-0.9675253641015615,4.34824213010145e-10,10,1.0,hbi,lin,lin:hbi,-0.9675253629252438
C8p_QI97,1.0,-0.9675254931930795,2.792372448767553e-08,10,1.0,hbi,lin,lin:hbi,-0.9675254949338523
C8p_QI99,0.5,-0.9675274442347472,1.2089142259331575e-05,60,1.0,hbi,lin,lin:hbi,-0.9675276175330509
C8p_QI102,1.0,-0.9675271303369755,1.6658528909944659e-07,10,1.0,hbi,lin,lin:hbi,-0.9675270333295884
C8p_QI104,1.0,-0.9675321462577813,5.44524400504414e-07,10,1.0,hbi,lin,lin:hbi,-0.9675311782493736
C8p_QI106,1.0,-0.9675789931634426,5.089434838966984e-07,10,1.0,hbi,lin,lin:hbi,-0.9675781907590135
C8p_QI117,0.5,-0.9675347348484138,3.1979314505655714e-06,60,1.0,hbi,lin,lin:hbi,-0.9675315526928898
C8p_QI109,1.0,-0.9675466969192712,3.956327554980057e-07,10,1.0,hbi,lin,lin:hbi,-0.9675467828237743
C8p_QI111,0.5,-0.9675267829384211,2.6825147432813614e-06,60,1.0,hbi,lin,lin:hbi,-0.9675257087583304
C8p_QI113,1.0,-0.9675314918767981,1.5317586585715897e-07,10,1.0,hbi,lin,lin:hbi,-0.967531377737032
C8p_QI115,1.0,-0.9675508740581336,1.9628020791966186e-08,10,1.0,hbi,lin,lin:hbi,-0.9675508796472059
C8p_QI119,0.020000000000000018,-0.9677823347569756,0.4191748454387424,60,0.08057142857142864,hbi,lin,lin:hbi,0.29692045618139673
C8p_QI120,1.0,-0.9677851769995414,1.0295079145851914e-08,10,1.0,hbi,lin,lin:hbi,-0.9677851653968901
C8p_QI122,1.0,-0.9675559610318487,1.0157744078758081e-08,10,1.0,hbi,lin,lin:hbi,-0.9675559467627863
C8p_QI124,1.0,-0.9675471400703373,4.762563031593322e-09,10,1.0,hbi,lin,lin:hbi,-0.967547138079226
C8p_QI126,1.0,-0.9675592040916854,1.2565108967327319e-08,10,1.0,hbi,lin,lin:hbi,-0.9675591742920915
C8p_QI128,1.0,-0.9675287256820866,3.098126204427831e-09,10,1.0,hbi,lin,lin:hbi,-0.9675287270383706
C8p_QI135,1.0,-0.9675252222197059,2.066442500660019e-09,10,1.0,hbi,lin,lin:hbi,-0.9675252293086487
C8p_QI137,1.0,-0.9675264575635083,8.391453653679899e-09,10,1.0,hbi,lin,lin:hbi,-0.9675264675861399
C8p_QI141,1.0,-0.9675251985314617,6.674731911418612e-09,10,1.0,hbi,lin,lin:hbi,-0.9675251909766303
C8p_QI143,1.0,-0.967525273437559,1.7143108874884805e-08,10,1.0,hbi,lin,lin:hbi,-0.9675252696042662
C8p_QI145,1.0,-0.9675890400144453,8.171491903649922e-09,10,1.0,hbi,lin,lin:hbi,-0.9675890492626422
C8p_QI147,1.0,-0.9675277622995964,6.273064140297717e-08,10,1.0,hbi,lin,lin:hbi,-0.9675277631181416
C8p_QI148,1.0,-0.9675281683962567,1.4708075724833988e-09,10,1.0,hbi,lin,lin:hbi,-0.9675281665377042
C8p_QI150,1.0,-0.967525076548668,1.880748395065824e-09,10,1.0,hbi,lin,lin:hbi,-0.9675250741918262
C8p_QI152,1.0,-0.9675254507474165,1.319879833643626e-08,10,1.0,hbi,lin,lin:hbi,-0.9675254345661415
C8p_QI154,1.0,-0.9675438863741874,3.386083163238741e-08,10,1.0,hbi,lin,lin:hbi,-0.9675438823260265
C8p_QI156,1.0,-0.967572902832444,1.65742651789201e-07,10,1.0,hbi,lin,lin:hbi,-0.9675729058167235
C8p_QI158,1.0,-0.9676105486485085,1.2932896908940817e-07,10,1.0,hbi,lin,lin:hbi,-0.9676106439392242
C8p_QI160,1.0,-0.9675257139595033,2.300647710267783e-08,10,1.0,hbi,lin,lin:hbi,-0.967525789085812
C8p_QI162,1.0,-0.9676593507479083,6.2943685598692226e-09,10,1.0,hbi,lin,lin:hbi,-0.9676593462863821
C8p_QI164,1.0,-0.9675585790505465,1.098271098396092e-08,10,1.0,hbi,lin,lin:hbi,-0.9675585687682542
C8p_QI166,1.0,-0.9675257567073459,1.0031688842267818e-08,10,1.0,hbi,lin,lin:hbi,-0.9675257590633919
C8p_QI168,1.0,-0.9675254019739441,2.0163209431363053e-08,10,1.0,hbi,lin,lin:hbi,-0.9675254184380719
C8p_QI171,1.0,-0.9675363073667995,8.706524115231643e-09,10,1.0,hbi,lin,lin:hbi,-0.967536312804441
C8p_QI173,1.0,-0.9675263515509869,4.428498845493846e-07,10,1.0,hbi,lin,lin:hbi,-0.9675259829618881
C8p_QI175,1.0,-0.9675436189293123,2.9320097386215994e-07,60,1.0,hbi,lin,lin:hbi,-0.9675436332017853
C8p_QI177,1.0,-0.9675301042354931,2.901810347561998e-07,10,1.0,hbi,lin,lin:hbi,-0.9675299971745517
C8p_QI179,1.0,-0.9675300082535614,1.3231027091103775e-07,10,1.0,hbi,lin,lin:hbi,-0.9675298569013648
C8p_QI181,1.0,-0.9675294920764372,2.2850017378749047e-08,10,1.0,hbi,lin,lin:hbi,-0.9675295003958126
C8p_QI183,0.08153846153846156,-0.9677723526890532,0.3843531440265629,60,0.287423076923077,hbi,lin,lin:hbi,-0.6921980496044853
C8p_QI185,1.0,-0.9675290373654661,1.3842111518477943e-08,10,1.0,hbi,lin,lin:hbi,-0.9675290292666432
C8p_QI186,1.0,-0.9675281792001442,1.1591030003018889e-08,10,1.0,hbi,lin,lin:hbi,-0.9675281733775591
C8p_QI188,0.5,-0.9675443344076484,1.4622785182456327e-06,60,1.0,hbi,lin,lin:hbi,-0.9675433853317372
C8p_QI190,1.0,-0.9675247826794475,4.825071564469007e-07,60,1.0,hbi,lin,lin:hbi,-0.9675247815057446
C8p_QI192,0.5,-0.967531982541459,1.2484174592491839e-06,60,1.0,hbi,lin,lin:hbi,-0.9675311633072852
C8p_QI194,1.0,-0.9675336908858299,3.172291021803023e-07,10,1.0,hbi,lin,lin:hbi,-0.96753367670226
C8p_QI196,1.0,-0.9675275803137993,3.08269558733474e-08,10,1.0,hbi,lin,lin:hbi,-0.9675276596567528
C8p_QI202,1.0,-0.9675254268508979,8.360268727341045e-09,10,1.0,hbi,lin,lin:hbi,-0.9675254314684025
C8p_QI204,1.0,-0.9675261914842395,3.611246414137454e-08,10,1.0,hbi,lin,lin:hbi,-0.967526182527763
C8p_QI206,1.0,-0.9675261663544461,1.4525845999299834e-08,10,1.0,hbi,lin,lin:hbi,-0.9675261578686332
C8p_QI208,1.0,-0.9675249063959654,1.0143068480383214e-08,10,1.0,hbi,lin,lin:hbi,-0.9675249110869117
HILn_QI2,1.0,-0.9675558017820549,1.5957492586055995e-08,10,1.0,hbi,lin,lin:hbi,-0.9675558051426378
HILn_TF1,1.0,-0.9675728989543586,1.42429645455373e-07,10,1.0,hbi,lin,lin:hbi,-0.9675728911765873
HILn_QI3,1.0,-0.9677284662618604,2.273493544203931e-08,10,1.0,hbi,lin,lin:hbi,-0.9677284269632764
HILn_QI5,0.012634658295681112,-0.9676613427322991,0.3308114478872138,60,0.05938289398970122,hbi,lin,lin:hbi,0.26277071318872913
HILn_QI6,5.104645227160809e-05,-0.9675283116669107,0.5337474037761278,60,0.0003998638761275967,hbi,lin,lin:hbi,2.939861473635574
HILn_QI7,1.0,-0.9675256474247362,3.486704837016197e-08,10,1.0,hbi,lin,lin:hbi,-0.967525652652057
HILn_QI9,5.104645227160809e-05,-0.9678456682522665,0.2910020418205493,60,0.0003998638761275967,hbi,lin,lin:hbi,1.60990978122436
HILn_QI10,0.005876508152893312,-0.9678802544858627,1.1630117143463,60,0.03217816114788182,hbi,lin,lin:hbi,4.643883939535044
HILn_QI11,1.0,-0.9675284051675135,6.6060690175276935e-09,10,1.0,hbi,lin,lin:hbi,-0.9675284049349102
HILn_QI13,0.5,-0.9675289859283112,3.174650574342309e-05,60,1.0,hbi,lin,lin:hbi,-0.9675259097457456
HILn_QI14,1.0,-0.9676417125579064,4.843841220598855e-09,10,1.0,hbi,lin,lin:hbi,-0.9676417075061181
HILn_QI16,0.5,-0.9675283227002183,2.699949537908033e-05,60,1.0,hbi,lin,lin:hbi,-0.9675275795143534
HILn_QI17,1.0,-0.9675274178334803,9.404536947063649e-09,10,1.0,hbi,lin,lin:hbi,-0.9675274151318263
HILn_QI18,0.0020123222165767674,-0.9690459291218758,1.099138443401911,60,0.013197089885456939,hbi,lin,lin:hbi,5.730484799251371
HILn_QI19,0.0068487005011163005,-0.9681916254687621,0.4845886185405044,60,0.0364402554965056,hbi,lin,lin:hbi,1.2768799953328198
HILn_QI20,1.0,-0.9675258818997463,3.6775519064849543e-09,10,1.0,hbi,lin,lin:hbi,-0.9675258834945453
HILn_QI22,1.0,-0.9675276105001558,1.1909901512395004e-08,10,1.0,hbi,lin,lin:hbi,-0.9675276140765163
HILn_QI23,1.0,-0.9675252441434168,1.6193614463699852e-07,10,1.0,hbi,lin,lin:hbi,-0.967525697756173
HILn_QI24,0.5,-0.967655321749362,0.31085358153658355,60,1.0,hbi,lin,lin:hbi,-1.7088237752809619
HILn_QI25,0.0005073387537151142,-0.9675254967628462,1.1043715835364043,60,0.0037160916505886285,hbi,lin,lin:hbi,6.659397960318529
HILn_TF2,1.0,-0.9675287690477035,2.7250435199225185e-08,10,1.0,hbi,lin,lin:hbi,-0.9675288029161493
HILn_TF3,0.5,-0.9675297299531849,7.781649167427305e-06,60,1.0,hbi,lin,lin:hbi,-0.9675293761069952
HILn_QI28,0.5,-0.9678185089344424,0.40058707102206065,60,1.0,hbi,lin,lin:hbi,-1.5068729377476302
HILn_TF4,5.104645227160809e-05,-0.9684390015786448,0.2391300158268457,60,0.0003998638761275967,hbi,lin,lin:hbi,1.7485618713390068
HILn_QI30,0.5,-0.967685922291821,0.3961810802628378,60,1.0,hbi,lin,lin:hbi,-1.7025437957636314
HILn_QI31,1.0,-0.9675252844673423,2.026771639427185e-09,10,1.0,hbi,lin,lin:hbi,-0.9675252871991233
HILn_QI32,0.5,-0.9675412659112226,1.2633304065571361e-06,60,1.0,hbi,lin,lin:hbi,-0.967541405736938
HILn_QI33,0.5,-0.9677883766848936,0.14686276452808059,60,1.0,hbi,lin,lin:hbi,-1.5873615080663512
HILn_QI36,1.0,-0.9675250626189609,2.4047219387466453e-07,10,1.0,hbi,lin,lin:hbi,-0.9675250692735062
HILn_QI37,0.10615384615384615,-0.9676125782200415,1.0401771149461694,60,0.35850760018424693,hbi,lin,lin:hbi,-0.6016557190796448
HILn_QI38,0.5,-0.9676300172441188,0.43991786411837924,60,1.0,hbi,lin,lin:hbi,-1.849596229126746
HILn_QI40,0.5,-0.9675763713216838,1.029483726456614e-06,60,1.0,hbi,lin,lin:hbi,-0.9675765823913025
HILn_QI41,1.0,-0.9675249913174184,1.0559966243950725e-09,10,1.0,hbi,lin,lin:hbi,-0.967524993883444
HILn_QI42,0.010841132923171126,-0.9675910364160245,0.7884310404561401,60,0.05363507867253084,hbi,lin,lin:hbi,2.2541977441405834
HILn_TF5,0.5,-0.9675290225673052,2.1413945144937725e-06,60,1.0,hbi,lin,lin:hbi,-0.9675309489612118
HILn_QI44,1.0,-0.9675260975984656,4.474765199595888e-09,10,1.0,hbi,lin,lin:hbi,-0.9675260919962057
HILn_TF7,1.0,-0.967526278473315,4.711435911179772e-08,10,1.0,hbi,lin,lin:hbi,-0.9675261985407815
HILn_QI48,1.0,-0.9676676873423276,1.67546952371708e-07,10,1.0,hbi,lin,lin:hbi,-0.9676677948491488
HILn_QI49,1.0,-0.967525285395368,5.720806466713675e-10,10,1.0,hbi,lin,lin:hbi,-0.9675252855181498
HILn_QI50,0.03230769230769237,-0.9681247603430165,0.9945070167668602,60,0.12480505795574313,hbi,lin,lin:hbi,1.0424604171753344
HILn_QI51,0.09384615384615391,-0.967528500926619,0.28760208535237786,60,0.32672364672364695,hbi,lin,lin:hbi,-0.8144027030457437
HILn_QI52,1.0,-0.9675252301401542,3.587296694074451e-08,10,1.0,hbi,lin,lin:hbi,-0.9675251807366294
HILn_QI53,5.104645227160809e-05,-0.9675325802550105,0.25215879184300644,60,0.0003998638761275967,hbi,lin,lin:hbi,2.957338072654238
HILn_QI54,0.056923076923076854,-0.967943493636767,0.41159424031650976,60,0.20712655086848608,hbi,lin,lin:hbi,-0.38958279917414984
HILn_QI55,5.104645227160809e-05,-0.9675587154804361,0.46935875762503954,60,0.0003998638761275967,hbi,lin,lin:hbi,5.608408595205219
HILn_QI57,1.0,-0.9675264171778508,4.120421285470072e-09,10,1.0,hbi,lin,lin:hbi,-0.9675264216707546
HILn_QI58,0.5,-0.968118294346823,0.1735615394817833,60,1.0,hbi,lin,lin:hbi,-1.145484798807047
HILn_QI59,1.0,-0.9675258510974345,5.614303972536766e-07,10,1.0,hbi,lin,lin:hbi,-0.9675261249585674
HILn_QI61,1.0,-0.967525573764533,2.831004210411799e-08,10,1.0,hbi,lin,lin:hbi,-0.9675255847723747
HILn_QI63,5.104645227160809e-05,-0.9694259714353848,0.3934316482420304,60,0.0003998638761275967,hbi,lin,lin:hbi,4.217037028745835
HILn_QI65,1.0,-0.967525859188072,1.4835329129604206e-08,10,1.0,hbi,lin,lin:hbi,-0.9675258803767974
HILn_QI66,1.0,-0.9675254287863027,5.300400990921275e-09,10,1.0,hbi,lin,lin:hbi,-0.9675254397234312
HILn_QI67,1.0,-0.9675366857550216,6.269298596825378e-08,10,1.0,hbi,lin,lin:hbi,-0.9675366027695418
HILn_QI69,1.0,-0.9675279479786241,1.2346888025067244e-08,10,1.0,hbi,lin,lin:hbi,-0.9675279588996091
HILn_QI71,1.0,-0.9675259622304111,1.0750671052552646e-07,10,1.0,hbi,lin,lin:hbi,-0.9675260862536561
HILn_QI72,1.0,-0.9675268559622054,2.1332050302635086e-08,10,1.0,hbi,lin,lin:hbi,-0.9675268352812054
HILn_QI73,1.0,-0.967546871747345,7.161194312598031e-09,10,1.0,hbi,lin,lin:hbi,-0.9675468919881496
HILn_QI74,1.0,-0.967526923195237,1.2560675020332471e-08,10,1.0,hbi,lin,lin:hbi,-0.9675269107456188
HILn_QI76,1.0,-0.9675287003899484,1.6356773742886e-08,10,1.0,hbi,lin,lin:hbi,-0.9675286819178837
HILn_QI77,5.104645227160809e-05,-0.9678426821542416,0.4513488585260716,60,0.0003998638761275967,hbi,lin,lin:hbi,20.734204296784355
HILn_QI78,0.03230769230769237,-0.9675271521668947,0.6184686608167116,60,0.12480505795574313,hbi,lin,lin:hbi,0.29572779816817274
HILn_QI79,5.104645227160809e-05,-0.9677944417567232,0.6846258672085517,60,0.0003998638761275967,hbi,lin,lin:hbi,6.400185157125634
HILn_QI81,1.0,-0.9675280386024951,7.443503018853481e-08,10,1.0,hbi,lin,lin:hbi,-0.967528134047825
HILn_QI82,1.0,-0.967562798686231,5.713771943232607e-07,60,1.0,hbi,lin,lin:hbi,-0.967562776109844
HILn_QI84,5.104645227160809e-05,-0.9677389000580661,1.7702708555458475,60,0.0003998638761275967,hbi,lin,lin:hbi,14.281686263175743
HILn_QI85,0.005876508152893312,-0.9677882366772792,0.4075263410164887,60,0.03217816114788182,hbi,lin,lin:hbi,0.991933771071217
HILn_QI86,0.020000000000000018,-0.9680263373104481,1.0654632694466264,60,0.08057142857142864,hbi,lin,lin:hbi,2.1332975676900787
HILn_TF12,0.5,-0.9683122223977989,0.38217913123434183,60,1.0,hbi,lin,lin:hbi,-1.5146068743106298
HILn_QI90,1.0,-0.9675270223235657,4.5465811428261963e-08,10,1.0,hbi,lin,lin:hbi,-0.9675270124571398
HILn_QI91,0.056923076923076854,-0.9676692762120638,0.6839831859710703,60,0.20712655086848608,hbi,lin,lin:hbi,-0.1238107046992809
HILn_QI92,1.0,-0.9675873299304385,3.598777606625106e-09,10,1.0,hbi,lin,lin:hbi,-0.967587326038938
HILn_QI93,1.0,-0.9675259418993392,1.0394752149835544e-08,10,1.0,hbi,lin,lin:hbi,-0.9675259430659935
HILn_TF13,0.5,-0.967529095649752,1.2414154622592074e-06,60,1.0,hbi,lin,lin:hbi,-0.9675307447378145
HILn_QI95,0.5,-0.9675254532310191,8.332302685362407e-06,60,1.0,hbi,lin,lin:hbi,-0.9675312415747612
HILn_TF14,1.0,-0.9675250758052698,6.633015161829772e-09,10,1.0,hbi,lin,lin:hbi,-0.9675250747868631
HILn_QI97,0.5,-0.9675261463073639,0.35379527446772924,60,1.0,hbi,lin,lin:hbi,-0.9808718144172417
HILn_QI98,0.5,-0.9675660851396515,0.40949307472872376,60,1.0,hbi,lin,lin:hbi,-1.7704897752855686
HILn_QI99,5.104645227160809e-05,-0.9678321240544392,0.5713017877398002,60,0.0003998638761275967,hbi,lin,lin:hbi,5.475562058271862
HILn_QI101,5.104645227160809e-05,-0.9679768032026459,0.3285870356435541,60,0.0003998638761275967,hbi,lin,lin:hbi,3.439648144606508
HILn_QI28433,1.0,-0.9675293213044824,4.030213610881027e-08,10,1.0,hbi,lin,lin:hbi,-0.9675292704505409
HILn_QI102,5.104645227160809e-05,-0.967649694162219,0.30420378091059425,60,0.0003998638761275967,hbi,lin,lin:hbi,1.5899533521414924
HILn_QI103,1.0,-0.96752884193711,4.4343260183458614e-08,10,1.0,hbi,lin,lin:hbi,-0.9675289024776248
HILn_QI105,1.0,-0.9675300595454246,8.131298311389548e-09,10,1.0,hbi,lin,lin:hbi,-0.9675300414146477
HILn_QI106,1.0,-0.9675291368430408,1.515429558977231e-08,10,1.0,hbi,lin,lin:hbi,-0.9675291104313146
HILn_QI107,0.10615384615384615,-0.9677845919757146,1.4262280477505085,60,0.35850760018424693,hbi,lin,lin:hbi,-0.33646982399659464
HILn_QI108,1.0,-0.9687768426938419,1.1265385051331658e-08,10,1.0,hbi,lin,lin:hbi,-0.9687768353996944
HILn_QI109,0.012634658295681112,-0.9677477002655905,0.37783364059541963,60,0.05938289398970122,hbi,lin,lin:hbi,0.4212837899963233
HILn_QI110,0.5,-0.9677547299934304,0.3123148915732338,60,1.0,hbi,lin,lin:hbi,-1.0298063618238302
HILn_QI111,0.020000000000000018,-0.9684528648440391,0.4611547708698627,60,0.08057142857142864,hbi,lin,lin:hbi,0.42605429904551784
HILn_QI112,5.104645227160809e-05,-0.9675271614064513,2.683712226713052,60,0.0003998638761275967,hbi,lin,lin:hbi,25.30905848008433
HILn_TF16,0.01716094360363818,-0.9678149836172452,0.44604111231552424,60,0.07681565232104709,hbi,lin,lin:hbi,0.4266584488659646
HILn_QI114,5.104645227160809e-05,-0.9678061277509187,0.45851153818533447,60,0.0003998638761275967,hbi,lin,lin:hbi,12.986785407395473
HILn_TF17,0.5,-0.9675901993907701,0.2415177692155198,60,1.0,hbi,lin,lin:hbi,-1.6268114554654858
HILn_QI116,0.056923076923076854,-0.9677647396788416,0.4573770149354606,60,0.20712655086848608,hbi,lin,lin:hbi,-0.33018692750874834
HILn_QI119,0.5,-0.9676954219103209,0.3278260327254632,60,1.0,hbi,lin,lin:hbi,-1.78239970102004
HILn_QI120,5.104645227160809e-05,-0.967680548997123,0.5406602340618831,60,0.0003998638761275967,hbi,lin,lin:hbi,7.745047475033061
HILn_QI121,1.0,-0.9675258371403288,5.75655951773896e-08,10,1.0,hbi,lin,lin:hbi,-0.9675257519616025
HILn_QI123,0.007981729512431257,-0.9676581309174708,0.3694235233608953,60,0.041299958211112195,hbi,lin,lin:hbi,0.5846113035572671
HILn_QI124,0.5,-0.9677326412365801,1.3513098980398214e-05,60,1.0,hbi,lin,lin:hbi,-0.9677395108615201
HILn_QI126,0.5,-0.9675412202827829,0.3007520227256194,60,1.0,hbi,lin,lin:hbi,-1.7895956049501365
HILn_TF18,0.0068487005011163005,-0.9675299138675655,1.6468366694431715,60,0.0364402554965056,hbi,lin,lin:hbi,6.6563411404122235
HILn_QI128,1.0,-0.9675295501874643,9.096742148027145e-08,10,1.0,hbi,lin,lin:hbi,-0.9675295899287448
HILn_QI22769,1.0,-0.967526629657641,5.66809249093513e-07,10,1.0,hbi,lin,lin:hbi,-0.9675262296623259
HILn_QI130,1.0,-0.9675285814432755,2.1650870677906603e-07,10,1.0,hbi,lin,lin:hbi,-0.9675283711990232
HILn_TF19,1.0,-0.9675250329889877,2.637838779918524e-08,10,1.0,hbi,lin,lin:hbi,-0.9675250628315553
HILn_QI132,5.104645227160809e-05,-0.9679734659762289,0.147843511813693,60,0.0003998638761275967,hbi,lin,lin:hbi,0.3280814063878097
HILp_QI715,0.5,-0.9678369704515717,6.66280449692497e-06,60,1.0,hbi,lin,lin:hbi,-0.96784150034091
HILp_QI19549,0.5,-0.9675265110422515,1.1913235706533824e-05,60,1.0,hbi,lin,lin:hbi,-0.9675279665539165
HILp_TF11,1.0,-0.9677086153383243,1.8607585260910957e-07,10,1.0,hbi,lin,lin:hbi,-0.9677083223814407
HILp_QI3107,0.5,-0.9686681831897204,0.38760921033133333,60,1.0,hbi,lin,lin:hbi,-1.222790927461574
HILp_QI1303,1.0,-0.9675809615309845,5.678781554449977e-07,10,1.0,hbi,lin,lin:hbi,-0.9675802634519641
HILp_QI7107,1.0,-0.9675267782329229,8.092142301007956e-08,10,1.0,hbi,lin,lin:hbi,-0.9675267086799977
HILp_QI4902,1.0,-0.9675994026133594,7.682713949483685e-07,60,1.0,hbi,lin,lin:hbi,-0.9675996759688132
HILp_QI29,5.104645227160809e-05,-0.967528767963131,0.4129385811327331,60,0.0003998638761275967,hbi,lin,lin:hbi,3.287025912974059
HILp_QI168,0.0008030905812286271,-0.9675573318197621,1.0459920149257995,60,0.005661788597661821,hbi,lin,lin:hbi,5.979374696884861
HILp_QI352,5.104645227160809e-05,-0.9677002397570504,0.4326997740067471,60,0.0003998638761275967,hbi,lin,lin:hbi,2.5379857494704083
HILp_QI1890,0.020000000000000018,-0.9675291526421006,1.1591178996384763,60,0.08057142857142864,hbi,lin,lin:hbi,2.5889946713473364
HILp_TF38,1.0,-0.9675266854601432,8.012334154656485e-07,60,1.0,hbi,lin,lin:hbi,-0.9675269285189643
HILp_QI1810,1.0,-0.9675765318502272,6.043665034588497e-08,10,1.0,hbi,lin,lin:hbi,-0.9675765540978318
HILp_QI1788,5.104645227160809e-05,-0.9677437481448123,0.9501433825391126,60,0.0003998638761275967,hbi,lin,lin:hbi,8.89197815372836
HILp_QI2162,5.104645227160809e-05,-0.9676421731742266,0.4818089467585125,60,0.0003998638761275967,hbi,lin,lin:hbi,3.1078522936022637
HILp_QI2979,0.0037123836241795827,-0.9675295659619678,0.8438313810775453,60,0.022513810365992308,hbi,lin,lin:hbi,3.6425731705426188
HILp_QI1794,0.009302203534704345,-0.9675267091188289,0.9776555645324533,60,0.047265250392551805,hbi,lin,lin:hbi,3.133668358487739
HILp_TF58,5.104645227160809e-05,-0.9675251622229553,0.4088374643156872,60,0.0003998638761275967,hbi,lin,lin:hbi,3.5564749990035125
HILp_TF54,5.104645227160809e-05,-0.968745667164967,0.51970357984536,60,0.0003998638761275967,hbi,lin,lin:hbi,8.6415177769004
HILp_TF53,5.104645227160809e-05,-0.9685989839317699,0.4633291581654348,60,0.0003998638761275967,hbi,lin,lin:hbi,6.260449777845679
HILp_TF55,5.104645227160809e-05,-0.9687095773970213,0.4917832663653351,60,0.0003998638761275967,hbi,lin,lin:hbi,8.293291190916534
HILp_TF57,5.104645227160809e-05,-0.9698100338355289,0.5247787402375709,60,0.0003998638761275967,hbi,lin,lin:hbi,4.571467682437287
HILp_TF56,5.104645227160809e-05,-0.9682163351908457,0.5123150109903101,60,0.0003998638761275967,hbi,lin,lin:hbi,5.218538558647197
HILp_QI578,5.104645227160809e-05,-0.968440577614956,0.8960523682387996,60,0.0003998638761275967,hbi,lin,lin:hbi,7.9231818862767796
HILp_QI1106,1.0,-0.9675512004268967,9.45361760743685e-09,10,1.0,hbi,lin,lin:hbi,-0.9675511919467681
HILp_QI1169,0.01716094360363818,-0.9675864246169112,0.45455520165519214,60,0.07681565232104709,hbi,lin,lin:hbi,0.4792451994426301
HILp_QI3009,1.0,-0.967529745667207,4.2365143406234406e-08,10,1.0,hbi,lin,lin:hbi,-0.967529658899366
HILp_QI868,5.104645227160809e-05,-0.9677437472485053,0.21022309945147272,60,0.0003998638761275967,hbi,lin,lin:hbi,1.8693000707744432
HILp_QI4915,1.0,-0.9675364698666726,6.847988839340377e-09,10,1.0,hbi,lin,lin:hbi,-0.967536462958833
HILp_QI3039,1.0,-0.967566106294953,4.472206306942725e-09,10,1.0,hbi,lin,lin:hbi,-0.9675660970201534
HILp_QI322,0.056923076923076854,1.3528017028595514,1.7419122962791034,60,0.20712655086848608,hbi,lin,lin:hbi,4.052225002832074
HILp_TF48,0.020000000000000018,-0.9685913733724192,0.41098022930643296,60,0.08057142857142864,hbi,lin,lin:hbi,0.16216432109740708
HILp_QI3588,0.13076923076923075,-0.9675390004026667,1.6889875540317458,60,0.43384615384615377,hbi,lin,lin:hbi,-0.7744128621848176
HILp_TF28,0.5,-0.9683886906336738,0.9187051589866878,60,1.0,hbi,lin,lin:hbi,-1.5712324755304508
HILp_QI3608,1.0,-0.9675306402959905,4.92881508134846e-08,10,1.0,hbi,lin,lin:hbi,-0.9675306378430832
HILp_QI892,1.0,-0.9675258962090538,1.1905709937206112e-08,10,1.0,hbi,lin,lin:hbi,-0.9675258909096556
HILp_QI484,0.5,-0.9678653569828839,0.25561155284155185,60,1.0,hbi,lin,lin:hbi,-1.2485836942332753
HILp_QI1144,1.0,-0.9675536469487724,1.0021975126318012e-08,10,1.0,hbi,lin,lin:hbi,-0.9675536341701445
HILp_QI755,1.0,-0.9675610859269455,4.2987900833989726e-07,10,1.0,hbi,lin,lin:hbi,-0.9675608635188837
HILp_QI615,5.104645227160809e-05,-0.9675293872915063,1.0951539798774534,60,0.0003998638761275967,hbi,lin,lin:hbi,9.213591297412677
HILp_QI331,5.104645227160809e-05,-0.9677431912919019,0.5298127594046032,60,0.0003998638761275967,hbi,lin,lin:hbi,10.117818426027952
HILp_QI6656,0.014724899268362512,-0.9675712985499558,0.3338408212205361,60,0.06807248514226605,hbi,lin,lin:hbi,0.15920228632739963
HILp_QI1757,1.0,-0.9675261704967397,8.473205960389264e-07,10,1.0,hbi,lin,lin:hbi,-0.967525058978481
HILp_TF51,0.5,-0.967524768434032,3.235689347215043e-05,60,1.0,hbi,lin,lin:hbi,-0.9675246830429387
HILp_QI1110,5.104645227160809e-05,-0.9676318585215995,0.050328863472283464,60,0.0003998638761275967,hbi,lin,lin:hbi,1.9290423833344903
HILp_QI522,0.03230769230769237,-0.9676273491534175,0.3060644798880458,60,0.12480505795574313,hbi,lin,lin:hbi,-0.36781194354034596
HILp_QI30,1.0,-0.9675609514690677,3.0581603992552838e-09,10,1.0,hbi,lin,lin:hbi,-0.9675609497435289
HILp_QI7060,0.0068487005011163005,-0.9675293819618673,0.870542261128964,60,0.0364402554965056,hbi,lin,lin:hbi,3.1054743894292187
HILp_QI473,0.10615384615384615,-0.968102910403104,0.16153601760650832,60,0.35850760018424693,hbi,lin,lin:hbi,-0.9029452472777848
HILp_TF9,0.5,-0.9675248054859367,1.3297441989191962e-05,60,1.0,hbi,lin,lin:hbi,-0.9675474111891162
HILp_TF14,1.0,-0.9675346377905498,1.6806288950870052e-07,10,1.0,hbi,lin,lin:hbi,-0.9675346431604339
HILp_QI3040,1.0,-0.9675289548653154,1.3916587875172115e-09,10,1.0,hbi,lin,lin:hbi,-0.9675289542456085
HILp_QI1037,0.00012790824893793573,-0.9683204894693063,0.14724528082793173,60,0.0009618700320132767,hbi,lin,lin:hbi,0.07384588942022674
HILp_TF34,1.0,-0.9675279030757338,2.938700357934894e-07,10,1.0,hbi,lin,lin:hbi,-0.9675280045844374
HILp_QI1320,1.0,-0.9675255913175533,9.30324404906098e-09,10,1.0,hbi,lin,lin:hbi,-0.9675256054206329
HILp_QI1759,1.0,-0.9675247921222763,5.097290707071881e-08,10,1.0,hbi,lin,lin:hbi,-0.9675251624075827
HILp_QI163,1.0,-0.9675262859557279,3.4592552561655795e-08,10,1.0,hbi,lin,lin:hbi,-0.9675262808336811
HILp_QI2598,0.08153846153846156,-0.967560274495554,1.1731681285365645,60,0.287423076923077,hbi,lin,lin:hbi,0.09678459141969142
HILp_TF37,1.0,-0.9675260920557776,8.722902414810094e-07,10,1.0,hbi,lin,lin:hbi,-0.9675260946191884
HILp_QI5874,1.0,-0.9675356840245968,1.9263207181682785e-08,10,1.0,hbi,lin,lin:hbi,-0.9675356939233097
HILp_QI2466,0.012634658295681112,-0.9677194489067915,0.45160612605186334,60,0.05938289398970122,hbi,lin,lin:hbi,0.6948639439360704
HILp_QI4241,0.012634658295681112,-0.9675812834491353,0.3883231175809033,60,0.05938289398970122,hbi,lin,lin:hbi,0.542109384253763
HILp_QI4845,0.020000000000000018,-0.9675609645389613,0.38322258803841097,60,0.08057142857142864,hbi,lin,lin:hbi,0.05648153162746894
HILp_QI6844,1.0,-0.9675282889936625,2.9021358544853467e-08,10,1.0,hbi,lin,lin:hbi,-0.9675282756720662
HILp_QI6120,0.5,-0.9676949524284737,0.00012269305903452147,60,1.0,hbi,lin,lin:hbi,-1.8736338158173567
HILp_QI8757,1.0,-0.9675248714739837,2.67143796381047e-08,10,1.0,hbi,lin,lin:hbi,-0.9675248564046797
HILp_QI9350,1.0,-0.9675253745540431,1.835854400590539e-08,10,1.0,hbi,lin,lin:hbi,-0.9675253903149041
HILp_QI9164,1.0,-0.9675346134802112,2.0575775204638167e-08,10,1.0,hbi,lin,lin:hbi,-0.9675345391528936
HILp_QI10330,0.5,-0.9675260573412743,7.600257361063573e-06,60,1.0,hbi,lin,lin:hbi,-3.032005602139634
HILp_QI11212,5.104645227160809e-05,-0.9676884196776427,0.217586115721943,60,0.0003998638761275967,hbi,lin,lin:hbi,5.700871288369399
HILp_QI11143,5.104645227160809e-05,-0.9676583387745268,0.1449615831143469,60,0.0003998638761275967,hbi,lin,lin:hbi,1.0402877969013389
HILp_QI11066,1.0,-0.9675256948285096,2.8563095103488113e-08,10,1.0,hbi,lin,lin:hbi,-0.9675257400986084
HILp_QI11887,5.104645227160809e-05,-0.9678265711170297,0.5377185374948719,60,0.0003998638761275967,hbi,lin,lin:hbi,11.270067188342182
HILp_TF24,1.0,-0.9675443186013126,5.7844950532155315e-08,10,1.0,hbi,lin,lin:hbi,-0.9675443951518901
HILp_QI12539,1.0,-0.9676096193356898,1.4051599988490314e-07,10,1.0,hbi,lin,lin:hbi,-0.9676094624974212
HILp_QI12494,5.104645227160809e-05,-0.9678719211565294,0.3554183165580006,60,0.0003998638761275967,hbi,lin,lin:hbi,7.9910206934600865
HILp_TF23,1.0,-0.9675250277757641,2.985077143865224e-07,10,1.0,hbi,lin,lin:hbi,-0.9675251301023309
HILp_QI12459,5.104645227160809e-05,-0.9675704624751233,0.17493982035465333,60,0.0003998638761275967,hbi,lin,lin:hbi,5.079871166805788
HILp_QI13219,1.0,-0.9675258478671367,2.9045219794614932e-08,10,1.0,hbi,lin,lin:hbi,-0.9675258170955203
HILp_QI13031,1.0,-0.9675301607712754,3.74526411090249e-08,10,1.0,hbi,lin,lin:hbi,-0.9675300776616496
HILp_QI2602,0.005876508152893312,-0.9679687939237738,1.0001274897636716,60,0.03217816114788182,hbi,lin,lin:hbi,3.924613399768532
HILp_QI8513,0.012634658295681112,-0.9675259281621038,2.2771621774836137,60,0.05938289398970122,hbi,lin,lin:hbi,7.629282894464268
HILp_QI10472,0.03230769230769237,-0.96915534276377,0.15745105378496868,60,0.12480505795574313,hbi,lin,lin:hbi,-0.6246288603988432
HILp_QI1756,1.0,-0.9675260251442523,1.5429158900420478e-09,10,1.0,hbi,lin,lin:hbi,-0.9675260247745427
HILp_QI7751,1.0,-0.9675255453901173,1.879854285593131e-08,10,1.0,hbi,lin,lin:hbi,-0.9675255615625247
HILp_QI2793,1.0,-0.9675253236375738,3.12976544573975e-08,10,1.0,hbi,lin,lin:hbi,-0.9675253349441846
HILp_QI2638,0.005042321249906112,-0.9677634210740962,0.3451420563322559,60,0.02962363734319841,hbi,lin,lin:hbi,0.7715366567008459
HILp_TF8,1.0,-0.9675276926654988,7.671120073523396e-07,10,1.0,hbi,lin,lin:hbi,-0.9675281759682548
HILp_QI418,1.0,-0.9675282117207189,6.428936265415495e-09,10,1.0,hbi,lin,lin:hbi,-0.9675282109324144
HILp_QI1750,1.0,-0.9675281088293559,4.1869809679026476e-08,10,1.0,hbi,lin,lin:hbi,-0.9675280744263546
HILp_QI1929,1.0,-0.9675255755118997,9.161151354588614e-09,10,1.0,hbi,lin,lin:hbi,-0.9675255668685168
HILp_QI3985,0.0031854003004807563,-0.9683311111350577,0.748715218539155,60,0.02065018125828904,hbi,lin,lin:hbi,3.219979820392382
HILp_QI2601,1.0,-0.9675265921346181,6.859909651479255e-07,10,1.0,hbi,lin,lin:hbi,-0.9675267335537683
HILp_TF4,0.5,-0.9676415446901956,6.633346400678367e-06,60,1.0,hbi,lin,lin:hbi,-0.9676338770177608
HILp_QI7860,0.004326549530053292,-0.9678502367785313,1.6520901168096809,60,0.02595929718031975,hbi,lin,lin:hbi,7.705994415720397
HILp_QI1989,0.1430769230769231,-0.9679359230699447,0.36281525763412,60,0.47190283400809724,hbi,lin,lin:hbi,-0.9516987008955766
HILp_QI4966,1.0,-0.9675257309177141,8.766937985209059e-10,10,1.0,hbi,lin,lin:hbi,-0.967525729605768
HILp_TF45,0.014724899268362512,-0.9678727996383714,0.1496543272577026,60,0.06807248514226605,hbi,lin,lin:hbi,-0.44775382348143467
HILp_QI1127,1.0,-0.9675763645454936,3.640470032002166e-08,10,1.0,hbi,lin,lin:hbi,-0.9675764190942573
HILp_QI7038,1.0,-0.9675720006464417,1.7042798297264342e-07,10,1.0,hbi,lin,lin:hbi,-0.9675720468189866
HILp_TF26,1.0,-0.9675251049432063,1.5748430653410486e-07,10,1.0,hbi,lin,lin:hbi,-0.9675248576204467
HILp_QI19408,5.104645227160809e-05,-0.9678868747134857,0.3533907300058083,60,0.0003998638761275967,hbi,lin,lin:hbi,6.910310170579578
HILp_TF5,1.0,-0.9675271796775178,1.8580723976431762e-08,10,1.0,hbi,lin,lin:hbi,-0.9675271864539354
HILp_TF46,0.08153846153846156,-0.9682167240148374,0.2949998844041809,60,0.287423076923077,hbi,lin,lin:hbi,-0.7223871530359247
HILp_QI3770,1.0,-0.9675299413884204,4.662384619024545e-08,10,1.0,hbi,lin,lin:hbi,-0.9675299164218814
HILp_QI10949,0.5,-0.9678203656760616,0.44999945610722525,60,1.0,hbi,lin,lin:hbi,-1.1242706986436133
HILp_TF36,0.020000000000000018,-0.967687680018571,0.2911328444118477,60,0.08057142857142864,hbi,lin,lin:hbi,-0.25065541196272534
HILp_QI8054,0.5,-0.9685870634509683,0.4150227123284245,60,1.0,hbi,lin,lin:hbi,-1.5720152600897563
HILp_TF43,1.0,-0.9675248151579581,5.155125587075121e-07,10,1.0,hbi,lin,lin:hbi,-0.9675248160956471
HILp_QI2874,0.5,-0.9676645615556936,0.0002556040215791249,60,1.0,hbi,lin,lin:hbi,-0.9681782700686199
HILp_TF44,1.0,-0.9675248037337951,1.8148059034392918e-07,10,1.0,hbi,lin,lin:hbi,-0.9675250728369065
HILp_TF47,0.5,-0.9675612042819921,0.9854896398837328,60,1.0,hbi,lin,lin:hbi,-1.5057766105601331
HILp_QI3629,0.5,-0.9675572750054471,0.2496808381616482,60,1.0,hbi,lin,lin:hbi,-1.392321595109479
HILp_QI3716,0.5,-0.9676876526639262,0.12774719738767945,60,1.0,hbi,lin,lin:hbi,-1.671261901435173
HILp_QI1508,1.0,-0.9675283532340018,8.50313994705266e-07,10,1.0,hbi,lin,lin:hbi,-0.9675295018691941
HILp_TF40,0.03230769230769237,-0.968247140076528,0.5034261551449891,60,0.12480505795574313,hbi,lin,lin:hbi,0.15387634502803849
HILp_QI9633,1.0,-0.9675284761447074,4.289975640989481e-07,10,1.0,hbi,lin,lin:hbi,-0.9675285004764191
HILp_TF20,0.5,-0.9675638242015339,1.9055203183911373e-05,60,1.0,hbi,lin,lin:hbi,-0.9675666754833401
HILp_QI1048,0.5,-0.9675283739384213,0.9524762918383433,60,1.0,hbi,lin,lin:hbi,-1.2613437933655405
HILp_TF42,5.104645227160809e-05,-0.9987061717824872,0.6514442111275592,60,0.0003998638761275967,hbi,lin,lin:hbi,4.158420359111005
HILp_QI2850,0.5,-0.9675277938765703,0.9172455018645985,60,1.0,hbi,lin,lin:hbi,-1.6946631852174505
HILp_TF50,0.5,-0.9681027815659036,2.0305964593503894e-05,60,1.0,hbi,lin,lin:hbi,-0.9681357301469689
HILp_QI3549,1.0,-0.9676085101759782,5.827867567109851e-07,10,1.0,hbi,lin,lin:hbi,-0.9676082175592455
HILp_TF52,0.5,-0.9675609538612662,1.0637876037332664e-06,60,1.0,hbi,lin,lin:hbi,-0.9675608789607395
HILp_QI2014,1.0,-0.967531722632657,9.547482802591399e-08,10,1.0,hbi,lin,lin:hbi,-0.9675316721431955
HILp_QI9142,5.104645227160809e-05,-0.9675574734676502,0.295820717157336,60,0.0003998638761275967,hbi,lin,lin:hbi,3.070587336429071
HILp_TF41,0.5,-0.9675242422767951,1.361320917087187e-06,60,1.0,hbi,lin,lin:hbi,-0.9675241912273123
HILp_QI1105,1.0,-0.9675248844155249,6.249648578368353e-10,10,1.0,hbi,lin,lin:hbi,-0.9675248850089702
HILp_QI2994,1.0,-0.9675248989376541,5.193111213419548e-10,10,1.0,hbi,lin,lin:hbi,-0.9675248992134584
HILp_TF22,1.0,-0.9675321078182151,1.3933175516397822e-07,10,1.0,hbi,lin,lin:hbi,-0.9675320798651228
HILp_TF27,1.0,-0.9675241288100551,5.251338694600798e-07,10,1.0,hbi,lin,lin:hbi,-0.9675241374998222
HILp_QI3939,0.5,-0.9675370143706914,7.056004066569424e-06,60,1.0,hbi,lin,lin:hbi,-0.9675427191082235
HILp_QI2965,1.0,-0.9675250072853032,3.094764721676142e-09,10,1.0,hbi,lin,lin:hbi,-0.9675250089680958
HILp_QI1093,0.5,-0.9675249285069185,1.106065917900201e-06,60,1.0,hbi,lin,lin:hbi,-0.9675267329894268
HILp_QI4793,1.0,-0.967528760553023,1.369183919278458e-07,10,1.0,hbi,lin,lin:hbi,-0.9675286393594433
HILp_QI2981,5.104645227160809e-05,-0.9676087341288166,0.30872897691370665,60,0.0003998638761275967,hbi,lin,lin:hbi,2.672551091512105
HILp_QI3593,5.104645227160809e-05,-0.9677174452594954,0.19489111026572553,60,0.0003998638761275967,hbi,lin,lin:hbi,5.649697230052425
HILp_QI1038,0.5,-0.9681638922695583,0.48553187405541187,60,1.0,hbi,lin,lin:hbi,-2.0564582978286126
HILp_TF13,1.0,-0.967530965504011,2.2269687125588447e-08,10,1.0,hbi,lin,lin:hbi,-0.9675309752174144
HILp_QI7976,1.0,-0.9676846454035513,3.423515991083838e-07,10,1.0,hbi,lin,lin:hbi,-0.9676847755258677
HILp_QI1646,1.0,-0.9675269235963242,3.121389579896037e-07,10,1.0,hbi,lin,lin:hbi,-0.9675269312101591
HILp_TF7,0.5,-0.9675313817474489,8.326806501365282e-05,60,1.0,hbi,lin,lin:hbi,-0.9675282994094232
HILp_TF15,0.5,-0.9675299798277592,2.6570525487335858e-06,60,1.0,hbi,lin,lin:hbi,-0.9675296729519687
HILp_QI9662,1.0,-0.967525534290985,3.518304401030912e-09,10,1.0,hbi,lin,lin:hbi,-0.9675255305701285
HILp_TF49,1.0,-0.9675340744086043,8.639168241697017e-08,10,1.0,hbi,lin,lin:hbi,-0.9675340817670985
HILp_QI1968,1.0,-0.9675269159977233,2.795110411324783e-09,10,1.0,hbi,lin,lin:hbi,-0.9675269201293304
HILp_QI8763,0.01716094360363818,-0.9678380350374027,0.4824920122799416,60,0.07681565232104709,hbi,lin,lin:hbi,0.5933895634370856
HILp_QI8646,0.5,-0.9675415626747963,3.2646328999937984e-06,60,1.0,hbi,lin,lin:hbi,-0.9675428566297342
HILp_QI1363,1.0,-0.9675319470200066,9.167033393326844e-08,10,1.0,hbi,lin,lin:hbi,-0.9675318888434958
HILp_QI20478,0.5,-0.9675249378115041,1.9604282286145802e-06,60,1.0,hbi,lin,lin:hbi,-0.967524921176846
HILp_QI13472,1.0,-0.967547206180825,2.8318566656689868e-08,10,1.0,hbi,lin,lin:hbi,-0.9675472182530029
HILp_QI14033,1.0,-0.9675754616137056,1.3082819521981247e-07,10,1.0,hbi,lin,lin:hbi,-0.9675752982375343
HILp_TF30,0.0037123836241795827,-0.9684507727874916,0.3535534481976858,60,0.022513810365992308,hbi,lin,lin:hbi,0.901681293990805
HILp_TF32,0.005042321249906112,-0.9677816854514276,0.3342215641378615,60,0.02962363734319841,hbi,lin,lin:hbi,0.6886176494836036
HILp_TF29,0.5,-0.9675248125868166,3.1873435718141902e-06,60,1.0,hbi,lin,lin:hbi,-0.967524775869606
HILp_QI15155,5.104645227160809e-05,-0.9676735919656494,0.2943101186805324,60,0.0003998638761275967,hbi,lin,lin:hbi,3.0109112822801762
HILp_QI15372,0.010841132923171126,-0.9675297761455113,0.8368066096555363,60,0.05363507867253084,hbi,lin,lin:hbi,2.4064216480710456
HILp_QI16955,5.104645227160809e-05,-0.9675548132991025,0.2719657915386303,60,0.0003998638761275967,hbi,lin,lin:hbi,2.4578119901875652
HILp_QI13719,5.104645227160809e-05,-0.9678024203174118,0.2023220434993962,60,0.0003998638761275967,hbi,lin,lin:hbi,0.954138420127947
HILp_QI14421,0.010841132923171126,-0.9675273710770398,1.575760343551583,60,0.05363507867253084,hbi,lin,lin:hbi,5.419678057205147
HILp_QI13155,1.0,-0.9675268601308744,7.715718116124708e-07,60,1.0,hbi,lin,lin:hbi,-0.9675270909974643
HILp_TF17,5.104645227160809e-05,-0.9679334423426553,0.45032235674933296,60,0.0003998638761275967,hbi,lin,lin:hbi,3.2058192428366965
HILp_TF35,0.5,-0.9675549352980397,0.4111342478392655,60,1.0,hbi,lin,lin:hbi,-1.6196444983766014
HILp_TF19,0.5,-0.9675301491274695,1.015530373296384e-06,60,1.0,hbi,lin,lin:hbi,-0.9675314468868237
HILp_QI25304,0.5,-0.9675960493093498,0.4781595371065493,60,1.0,hbi,lin,lin:hbi,-1.458591204037475
HILp_TF2,0.5,-0.9675255414686035,2.8012823658829e-06,60,1.0,hbi,lin,lin:hbi,-0.9675296949808398
HILp_TF3,0.5,-0.9675308463474721,2.1801965311169313e-06,60,1.0,hbi,lin,lin:hbi,-0.9675308421010413
HILp_TF12,0.5,-0.9675248080561687,2.4489437128029526e-05,60,1.0,hbi,lin,lin:hbi,-0.967524810958821
HILp_QI23736,1.0,-0.9675249334370619,8.74873958439129e-09,10,1.0,hbi,lin,lin:hbi,-0.9675249247893589
HILp_QI24373,5.104645227160809e-05,-0.9676536243746341,0.20744694667221378,60,0.0003998638761275967,hbi,lin,lin:hbi,1.192623565836584
C18n_QI06,1.0,-4.804527126639869,1.0111981698835395e-07,10,1.0,hbi,squared_exponential,squared_exponential:hbi,-4.804527115589281
C18n_QI07,1.0,-4.804473946491498,9.63850937328679e-08,10,1.0,hbi,squared_exponential,squared_exponential:hbi,-4.804473907060128
C18n_QI08,0.5,-4.804455058599842,7.312621283127123e-06,60,1.0,hbi,squared_exponential,squared_exponential:hbi,-4.804454725050164
C18n_QI10,1.0,-4.804453437623351,1.62106524627994e-08,10,1.0,hbi,squared_exponential,squared_exponential:hbi,-4.804453442582144
C18n_QI11,0.5,-4.804453213972465,2.7136480249411755e-06,60,1.0,hbi,squared_exponential,squared_exponential:hbi,-4.804469160014833
C18n_TF1,1.0,-4.804455704951124,3.509439075312509e-08,10,1.0,hbi,squared_exponential,squared_exponential:hbi,-4.804455616984342
C18n_QI12,0.5,-4.804484691855578,3.902210080930397e-05,60,1.0,hbi,squared_exponential,squared_exponential:hbi,-4.804484532076003
C18n_QI13,1.0,-4.804455285340509,2.0735809428366885e-08,10,1.0,hbi,squared_exponential,squared_exponential:hbi,-4.804455299746678
C18n_QI14,1.0,-4.804452338155443,4.612896530126572e-09,10,1.0,hbi,squared_exponential,squared_exponential:hbi,-4.804452333280551
C18n_TF2,0.5,-4.8044531047312375,4.381899872563434e-06,60,1.0,hbi,squared_exponential,squared_exponential:hbi,-4.80445518275701
C18n_QI15,1.0,-4.8044602048059915,1.3135059682934432e-07,10,1.0,hbi,squared_exponential,squared_exponential:hbi,-4.804460172672407
C18n_QI16,1.0,-4.804452828764397,8.516536879075658e-09,10,1.0,hbi,squared_exponential,squared_exponential:hbi,-4.804452802507967
C18n_QI17,1.0,-4.80445283535164,4.808173394522503e-09,10,1.0,hbi,squared_exponential,squared_exponential:hbi,-4.804452829623187
C18n_QI18,1.0,-4.804453844323689,6.431000250314714e-07,10,1.0,hbi,squared_exponential,squared_exponential:hbi,-4.8044543185933435
C18n_TF3,1.0,-4.804528809011117,2.2407906656845475e-07,10,1.0,hbi,squared_exponential,squared_exponential:hbi,-4.804528707530153
C18n_TF4,0.1430769230769231,-5.043052933386662,1.1129832929508432,60,1.0,hbi,squared_exponential,squared_exponential:hbi,-3.746675122367378
C18n_QI19,1.0,-4.804452161019981,5.262886577975731e-09,10,1.0,hbi,squared_exponential,squared_exponential:hbi,-4.804452147410757
C18n_QI20,1.0,-4.804454757778103,7.738852319306815e-07,10,1.0,hbi,squared_exponential,squared_exponential:hbi,-4.804453643988381
C18n_QI21,0.5,-4.804458081013763,3.318959270859148e-06,60,1.0,hbi,squared_exponential,squared_exponential:hbi,-4.804457524033751
C18n_QI22,1.0,-4.804458228972635,5.323928797834357e-09,10,1.0,hbi,squared_exponential,squared_exponential:hbi,-4.804458228726617
C18n_QI23,0.216923076923077,-4.8053720365157915,0.8165875153646883,60,1.0,hbi,squared_exponential,squared_exponential:hbi,-4.750196434480586
C18n_QI25,1.0,-4.80445160618433,3.3485826686209397e-07,10,1.0,hbi,squared_exponential,squared_exponential:hbi,-4.804451479804811
C18n_QI26,0.5,-4.805197256287556,0.24535385523396352,60,1.0,hbi,squared_exponential,squared_exponential:hbi,-5.239583410647356
C18n_QI27,0.5,-4.804462683436668,8.547391613353524e-05,60,1.0,hbi,squared_exponential,squared_exponential:hbi,-4.804451817502013
C18n_QI28,0.5,-4.80446110381672,0.00010239904691510942,60,1.0,hbi,squared_exponential,squared_exponential:hbi,-4.804866087414666
C18n_QI29,0.5,-4.80445518506167,2.6221064251761438e-05,60,1.0,hbi,squared_exponential,squared_exponential:hbi,-4.804455165512081
C18n_QI30,1.0,-4.80445877018974,4.980187720774722e-09,10,1.0,hbi,squared_exponential,squared_exponential:hbi,-4.8044587749323
C18n_QI31,0.5,-4.804457178233406,4.42066602813752e-05,60,1.0,hbi,squared_exponential,squared_exponential:hbi,-4.804456275628581
C18n_QI32,0.5,-4.8044542593877395,8.894628601034814e-06,60,1.0,hbi,squared_exponential,squared_exponential:hbi,-4.804452949785627
C18n_QI33,0.5,-4.804500193959029,7.039722212212412e-06,60,1.0,hbi,squared_exponential,squared_exponential:hbi,-4.804502190360836
C18n_QI34,0.5,-4.804455094933019,1.2377428758872528e-05,60,1.0,hbi,squared_exponential,squared_exponential:hbi,-4.804455151803268
C18n_QI35,0.5,-4.8044546766345775,1.7166491100358423e-05,60,1.0,hbi,squared_exponential,squared_exponential:hbi,-4.804453875311083
C18n_QI36,0.5,-4.8044549002147505,1.2924729408554283e-05,60,1.0,hbi,squared_exponential,squared_exponential:hbi,-4.804456526841932
C18n_QI37,0.5,-4.804462528156819,7.5430529027061335e-06,60,1.0,hbi,squared_exponential,squared_exponential:hbi,-4.804463961909278
C18n_QI38,0.5,-4.804459458704059,9.108526983429428e-06,60,1.0,hbi,squared_exponential,squared_exponential:hbi,-4.804462369070279
C18n_QI39,0.5,-4.804452848515211,3.5147481603119735e-06,60,1.0,hbi,squared_exponential,squared_exponential:hbi,-4.804452195365229
C18n_QI40,1.0,-4.804460259936604,1.4683829643735606e-08,10,1.0,hbi,squared_exponential,squared_exponential:hbi,-4.804460247409224
C18n_QI41,0.5,-4.80445595017909,3.141947771500924e-05,60,1.0,hbi,squared_exponential,squared_exponential:hbi,-4.804458949188302
C18n_QI42,0.5,-4.804454930562088,2.9025374278584102e-05,60,1.0,hbi,squared_exponential,squared_exponential:hbi,-4.80445191941044
C18n_QI43,0.5,-4.8046852120971835,6.083347631775293e-05,60,1.0,hbi,squared_exponential,squared_exponential:hbi,-4.8050677085466305
C18n_QI44,0.5,-4.804453802793432,6.310319148248875e-06,60,1.0,hbi,squared_exponential,squared_exponential:hbi,-4.80445414198357
C18n_QI45,1.0,-4.804452249004498,1.7202609000499872e-09,10,1.0,hbi,squared_exponential,squared_exponential:hbi,-4.804452247691188
C18n_QI46,1.0,-4.804492484325465,3.6975841607257253e-07,10,1.0,hbi,squared_exponential,squared_exponential:hbi,-4.804492708576163
C18n_QI47,0.5,-4.806211443074517,0.781681944083327,60,1.0,hbi,squared_exponential,squared_exponential:hbi,-5.469665829005862
C18n_QI48,0.5,-4.804454559740407,7.47728358392436e-06,60,1.0,hbi,squared_exponential,squared_exponential:hbi,-4.804454921079923
C18n_QI49,0.5,-4.804472882176469,0.001222586752376586,60,1.0,hbi,squared_exponential,squared_exponential:hbi,-4.807344731673766
C18n_QI50,0.5,-4.804458909072309,2.0027184173239667e-05,60,1.0,hbi,squared_exponential,squared_exponential:hbi,-4.804457690140225
C18n_QI51,1.0,-4.8044586036451165,5.254659153480101e-07,10,1.0,hbi,squared_exponential,squared_exponential:hbi,-4.804458849924686
C18n_QI52,1.0,-4.8044547533991135,6.060345226548923e-07,10,1.0,hbi,squared_exponential,squared_exponential:hbi,-4.80445424930258
C18n_QI53,1.0,-4.804481851673927,1.882131003185301e-07,10,1.0,hbi,squared_exponential,squared_exponential:hbi,-4.80448132211086
C18n_QI54,0.5,-4.80445665643947,1.0087021204086527e-05,60,1.0,hbi,squared_exponential,squared_exponential:hbi,-4.80445724260062
C18n_QI55,1.0,-4.804452516264519,1.412959491288745e-08,10,1.0,hbi,squared_exponential,squared_exponential:hbi,-4.804452508812119
C18n_QI56,0.5,-4.80445638740548,4.9969099162587486e-05,60,1.0,hbi,squared_exponential,squared_exponential:hbi,-4.804452246979508
C18n_QI57,0.5,-4.804617573923906,5.2008736540594236e-06,60,1.0,hbi,squared_exponential,squared_exponential:hbi,-4.804623602668016
C18n_QI58,0.5,-4.804454285065731,7.632619411647401e-06,60,1.0,hbi,squared_exponential,squared_exponential:hbi,-4.804452659966955
C18n_QI59,0.5,-4.804459253544337,2.6997768175419402e-05,60,1.0,hbi,squared_exponential,squared_exponential:hbi,-4.804464577096496
C18n_QI60,1.0,-4.804456283253558,8.09055411838568e-08,10,1.0,hbi,squared_exponential,squared_exponential:hbi,-4.8044562629893335
C18n_QI61,0.5,-4.804468131360409,2.7603198327481272e-05,60,1.0,hbi,squared_exponential,squared_exponential:hbi,-4.8044820045065535
C18n_QI62,0.5,-4.80445972236862,8.329059953821134e-06,60,1.0,hbi,squared_exponential,squared_exponential:hbi,-4.804460066961383
C18n_QI63,0.5,-4.804601979830977,3.195394285367306e-05,60,1.0,hbi,squared_exponential,squared_exponential:hbi,-4.8046093524249045
C18n_QI64,1.0,-4.804453623960171,3.079806043994203e-08,10,1.0,hbi,squared_exponential,squared_exponential:hbi,-4.804453690305763
C18n_QI65,0.5,-4.804462094623204,3.09919594497916e-05,60,1.0,hbi,squared_exponential,squared_exponential:hbi,-4.8044663143791695
C18n_QI66,0.5,-4.804455187134863,1.0488677447706866e-05,60,1.0,hbi,squared_exponential,squared_exponential:hbi,-4.804452868009321
C18n_TF5,1.0,-4.804452805007941,1.5348501230744808e-08,10,1.0,hbi,squared_exponential,squared_exponential:hbi,-4.804452773144476
C18n_QI67,0.5,-4.804454225853306,1.0393898084813599e-05,60,1.0,hbi,squared_exponential,squared_exponential:hbi,-4.804465475820507
C18n_QI68,1.0,-4.8044529769786095,1.416679350536844e-07,10,1.0,hbi,squared_exponential,squared_exponential:hbi,-4.804452916418086
C18n_QI69,1.0,-4.804453067554277,4.592345235435667e-08,10,1.0,hbi,squared_exponential,squared_exponential:hbi,-4.804452998127999
C18n_QI70,1.0,-4.804452809471968,9.914777618665683e-09,10,1.0,hbi,squared_exponential,squared_exponential:hbi,-4.80445281333823
C18n_QI73,0.5,-4.807913006124409,0.9539364828428107,60,1.0,hbi,squared_exponential,squared_exponential:hbi,-5.574194223778704
C18n_QI74,0.5,-4.8044589707703835,5.89925140501558e-06,60,1.0,hbi,squared_exponential,squared_exponential:hbi,-4.804457508531414
C18n_QI77,1.0,-4.804458015841874,8.531532103082485e-08,10,1.0,hbi,squared_exponential,squared_exponential:hbi,-4.804457909930534
C18n_QI78,1.0,-4.804504561346448,6.399250974154377e-09,10,1.0,hbi,squared_exponential,squared_exponential:hbi,-4.804504570010977
C18n_QI79,1.0,-4.804453564627465,1.320733465290356e-09,10,1.0,hbi,squared_exponential,squared_exponential:hbi,-4.804453563964671
C18n_QI80,1.0,-4.804454579564663,2.6958568869728872e-08,10,1.0,hbi,squared_exponential,squared_exponential:hbi,-4.80445456844609
C18n_QI4788,1.0,-4.804452106258736,1.767133226673933e-10,10,1.0,hbi,squared_exponential,squared_exponential:hbi,-4.804452106239978
C18n_QI81,1.0,-4.804452041184618,1.6636992797204283e-09,10,1.0,hbi,squared_exponential,squared_exponential:hbi,-4.804452042407775
C18n_QI83,1.0,-4.804451629417599,4.269094272694303e-08,10,1.0,hbi,squared_exponential,squared_exponential:hbi,-4.804451663549116
C18n_QI84,0.1676923076923077,-4.804703812310208,1.2761462124320693,60,1.0,hbi,squared_exponential,squared_exponential:hbi,-4.215755839254598
C18n_QI85,1.0,-4.804460452602598,4.7370031905909543e-07,10,1.0,hbi,squared_exponential,squared_exponential:hbi,-4.8044607045194425
C18n_QI86,1.0,-4.804453445146919,4.514931176874107e-08,10,1.0,hbi,squared_exponential,squared_exponential:hbi,-4.804453394316624
C18n_TF8,0.5,-4.804455313790868,1.0127640027729765e-05,60,1.0,hbi,squared_exponential,squared_exponential:hbi,-4.804459205653529
C18n_QI88,1.0,-4.804454906317005,5.006644371547133e-07,10,1.0,hbi,squared_exponential,squared_exponential:hbi,-4.804455349656109
C18n_QI89,0.5,-4.805094426518281,0.8474364119146455,60,1.0,hbi,squared_exponential,squared_exponential:hbi,-6.19912235153879
C18n_QI91,1.0,-4.804454610122775,2.66046552195469e-09,10,1.0,hbi,squared_exponential,squared_exponential:hbi,-4.804454603283375
C18n_QI92,1.0,-4.804453300136629,2.848279779961374e-10,10,1.0,hbi,squared_exponential,squared_exponential:hbi,-4.804453300358091
C8p_QI02,0.5,-4.804454258055102,6.2386028069849605e-06,60,1.0,hbi,squared_exponential,squared_exponential:hbi,-4.804454277208151
C8p_QI03,1.0,-4.804457576866298,2.8697720762389468e-08,10,1.0,hbi,squared_exponential,squared_exponential:hbi,-4.8044575959356735
C8p_QI04,0.5,-4.804469643943776,1.2870939188036916e-05,60,1.0,hbi,squared_exponential,squared_exponential:hbi,-4.804470609610689
C8p_QI05,0.5,-4.8045216172045,4.60123270387213e-05,60,1.0,hbi,squared_exponential,squared_exponential:hbi,-4.804579332219419
C8p_QI06,0.5,-4.804456565035252,1.2932455227282669e-05,60,1.0,hbi,squared_exponential,squared_exponential:hbi,-4.8044545843672495
C8p_QI07,0.5,-4.804530299918497,2.6011758863293753e-05,60,1.0,hbi,squared_exponential,squared_exponential:hbi,-4.804527265631805
C8p_QI08,0.5,-4.80446263071849,1.1351091146463939e-05,60,1.0,hbi,squared_exponential,squared_exponential:hbi,-4.80446058777261
C8p_QI09,1.0,-4.804453697631288,5.366632554329314e-09,10,1.0,hbi,squared_exponential,squared_exponential:hbi,-4.804453695818211
C8p_QI10,0.5,-4.804454088954117,2.374652194705832e-05,60,1.0,hbi,squared_exponential,squared_exponential:hbi,-4.804462025460452
C8p_QI12,1.0,-4.804452813075841,2.9521579261534943e-09,10,1.0,hbi,squared_exponential,squared_exponential:hbi,-4.804452809606573
C8p_QI13,0.5,-4.8044547163299285,1.051649643729711e-05,60,1.0,hbi,squared_exponential,squared_exponential:hbi,-4.8044553618628925
C8p_QI14,1.0,-4.804455447402006,9.975418378430618e-09,10,1.0,hbi,squared_exponential,squared_exponential:hbi,-4.8044554459224855
C8p_QI15,0.5,-4.804629256275575,5.3377961199195745e-05,60,1.0,hbi,squared_exponential,squared_exponential:hbi,-4.804630465690934
C8p_QI16,0.5,-4.804466140015393,1.9738965461563933e-05,60,1.0,hbi,squared_exponential,squared_exponential:hbi,-4.804464083978928
C8p_QI18,0.5,-4.80445813956544,4.400292192235385e-06,60,1.0,hbi,squared_exponential,squared_exponential:hbi,-4.8044622124944
C8p_QI19,0.5,-4.804453581725511,1.2728481424104516e-05,60,1.0,hbi,squared_exponential,squared_exponential:hbi,-4.804452533823223
C8p_QI20,0.5,-4.804453430110243,1.5584644247567426e-05,60,1.0,hbi,squared_exponential,squared_exponential:hbi,-4.804452415985452
C8p_QI21,0.5,-4.804455902559312,0.15652325897017058,60,1.0,hbi,squared_exponential,squared_exponential:hbi,-4.80445452548156
C8p_QI22,0.5,-4.804455243932807,1.4134465271814795e-05,60,1.0,hbi,squared_exponential,squared_exponential:hbi,-4.8044884482405905
C8p_QI23,0.5,-4.804460884558921,5.373401185091978e-06,60,1.0,hbi,squared_exponential,squared_exponential:hbi,-4.80445998638379
C8p_QI24,0.5,-4.804454520742638,1.6077430413977434e-05,60,1.0,hbi,squared_exponential,squared_exponential:hbi,-4.8044565490213245
C8p_QI25,0.5,-4.804455843699316,2.013514461448886e-05,60,1.0,hbi,squared_exponential,squared_exponential:hbi,-4.804455897913613
C8p_QI26,0.5,-4.804454192193589,1.3549497392746363e-05,60,1.0,hbi,squared_exponential,squared_exponential:hbi,-4.804489274569278
C8p_QI27,1.0,-4.804453713653629,5.956249581702164e-08,10,1.0,hbi,squared_exponential,squared_exponential:hbi,-4.804453726655993
C8p_QI28,1.0,-4.804452010005434,5.610517798806312e-09,10,1.0,hbi,squared_exponential,squared_exponential:hbi,-4.804452005955227
C8p_QI29,0.5,-4.804509860687858,2.0468005718186054e-05,60,1.0,hbi,squared_exponential,squared_exponential:hbi,-4.804510771268269
C8p_QI30,0.5,-4.804453805362755,9.057334106916366e-06,60,1.0,hbi,squared_exponential,squared_exponential:hbi,-4.804453592620121
C8p_QI31,0.5,-4.804454041057852,5.4838166276386215e-06,60,1.0,hbi,squared_exponential,squared_exponential:hbi,-4.804456231299355
C8p_QI33,1.0,-4.804455154546304,8.166728347667584e-09,10,1.0,hbi,squared_exponential,squared_exponential:hbi,-4.80445517404678
C8p_QI35,0.5,-4.8044535819710745,7.102564714141344e-06,60,1.0,hbi,squared_exponential,squared_exponential:hbi,-4.804453133976949
C8p_QI36,0.5,-4.804453535664834,7.085985898123011e-06,60,1.0,hbi,squared_exponential,squared_exponential:hbi,-4.8044535742324115
C8p_QI37,0.5,-4.80445355416532,1.060299922829319e-05,60,1.0,hbi,squared_exponential,squared_exponential:hbi,-4.804453099873172
C8p_QI38,0.5,-4.804454310953815,2.6736033904773645e-05,60,1.0,hbi,squared_exponential,squared_exponential:hbi,-4.804453632346849
C8p_QI39,0.5,-4.804457197978763,4.274292362323697e-06,60,1.0,hbi,squared_exponential,squared_exponential:hbi,-4.804456386274069
C8p_QI40,0.5,-4.8044529318465266,1.232552652724123e-05,60,1.0,hbi,squared_exponential,squared_exponential:hbi,-4.804453299023862
C8p_QI41,0.5,-4.804453672778891,1.3790791362301159e-05,60,1.0,hbi,squared_exponential,squared_exponential:hbi,-4.804453385037959
C8p_QI42,0.5,-4.8044533800996305,1.7145882736862847e-05,60,1.0,hbi,squared_exponential,squared_exponential:hbi,-4.80445364547586
C8p_QI43,0.5,-4.804451665084798,2.129690544645448e-06,60,1.0,hbi,squared_exponential,squared_exponential:hbi,-4.804452001851132
C8p_QI44,1.0,-4.804813369881003,1.05014712630925e-08,10,1.0,hbi,squared_exponential,squared_exponential:hbi,-4.804813378243125
C8p_QI45,1.0,-4.804454975888802,5.072894093303198e-09,10,1.0,hbi,squared_exponential,squared_exponential:hbi,-4.804454972871554
C8p_QI46,1.0,-4.8044560727282715,3.387591249912342e-08,10,1.0,hbi,squared_exponential,squared_exponential:hbi,-4.804456086060782
C8p_QI47,1.0,-4.804453296185329,3.647585740381984e-08,10,1.0,hbi,squared_exponential,squared_exponential:hbi,-4.804453280017242
C8p_QI48,1.0,-4.804456015481264,3.805108338337124e-07,10,1.0,hbi,squared_exponential,squared_exponential:hbi,-4.804456015247979
C8p_QI49,0.5,-4.804461418814299,1.9788304872898788e-05,60,1.0,hbi,squared_exponential,squared_exponential:hbi,-4.804465286574214
C8p_QI50,1.0,-4.804454124517861,2.579145647192909e-07,10,1.0,hbi,squared_exponential,squared_exponential:hbi,-4.804454424348933
C8p_QI51,1.0,-4.804456214689026,4.45886065835561e-08,10,1.0,hbi,squared_exponential,squared_exponential:hbi,-4.804456244387438
C8p_QI52,1.0,-4.804453328856198,5.102335769900189e-08,10,1.0,hbi,squared_exponential,squared_exponential:hbi,-4.804453389198898
C8p_QI53,1.0,-4.804454675829447,5.657843397973988e-08,10,1.0,hbi,squared_exponential,squared_exponential:hbi,-4.804454745244129
C8p_QI54,0.5,-4.804529934518769,7.4682629003783305e-06,60,1.0,hbi,squared_exponential,squared_exponential:hbi,-4.804533117405754
C8p_QI55,0.5,-4.804457756082684,1.142404774978799e-05,60,1.0,hbi,squared_exponential,squared_exponential:hbi,-4.804456237424802
C8p_QI56,0.5,-4.804465367823013,1.0151635890614729e-05,60,1.0,hbi,squared_exponential,squared_exponential:hbi,-4.804464265588649
C8p_QI57,0.5,-4.804454565681226,2.0161889340684052e-05,60,1.0,hbi,squared_exponential,squared_exponential:hbi,-4.8044563424987246
C8p_QI58,1.0,-4.8044530890445,7.730998587331905e-09,10,1.0,hbi,squared_exponential,squared_exponential:hbi,-4.804453073783861
C8p_QI59,0.5,-4.80445370943653,1.1428209831833371e-05,60,1.0,hbi,squared_exponential,squared_exponential:hbi,-4.804454015225474
C8p_QI60,0.5,-4.804453835498407,4.036060246397468e-06,60,1.0,hbi,squared_exponential,squared_exponential:hbi,-4.80448309175199
C8p_QI61,0.5,-4.804454843122812,1.9122814765046115e-05,60,1.0,hbi,squared_exponential,squared_exponential:hbi,-4.804457223306599
C8p_QI62,0.5,-4.8044545341963385,5.670475774897448e-06,60,1.0,hbi,squared_exponential,squared_exponential:hbi,-4.804454294279367
C8p_QI63,1.0,-4.804451595607816,5.2371524977654045e-09,10,1.0,hbi,squared_exponential,squared_exponential:hbi,-4.804451592519854
C8p_QI64,1.0,-4.804451987526136,1.2863328466660786e-08,10,1.0,hbi,squared_exponential,squared_exponential:hbi,-4.8044519838385895
C8p_QI66,1.0,-4.8044564433121195,2.6454576611514885e-08,10,1.0,hbi,squared_exponential,squared_exponential:hbi,-4.804456448520796
C8p_QI68,1.0,-4.804456348548229,4.235831975937189e-08,10,1.0,hbi,squared_exponential,squared_exponential:hbi,-4.804456412708532
C8p_QI70,1.0,-4.804458494043956,1.6653069837262752e-07,10,1.0,hbi,squared_exponential,squared_exponential:hbi,-4.80445859913516
C8p_QI72,0.5,-4.804458436702589,0.9006677139313843,60,1.0,hbi,squared_exponential,squared_exponential:hbi,-9.802802322425123
C8p_QI74,0.5,-4.804458391256958,1.9736832860936967e-05,60,1.0,hbi,squared_exponential,squared_exponential:hbi,-4.804458841222186
C8p_QI76,1.0,-4.8044531856771755,1.3579619602725804e-08,10,1.0,hbi,squared_exponential,squared_exponential:hbi,-4.804453189356991
C8p_QI78,0.5,-4.804540737979778,1.1562033337117201e-05,60,1.0,hbi,squared_exponential,squared_exponential:hbi,-4.804545371309814
C8p_QI80,1.0,-4.804453287860724,1.5171883177676715e-07,10,1.0,hbi,squared_exponential,squared_exponential:hbi,-4.804453300084333
C8p_QI82,1.0,-4.804472039386383,2.21602435157549e-08,10,1.0,hbi,squared_exponential,squared_exponential:hbi,-4.804472024041388
C8p_QI84,1.0,-4.804455816949485,1.2884549152469348e-08,10,1.0,hbi,squared_exponential,squared_exponential:hbi,-4.804455821266856
C8p_QI86,1.0,-4.80445246012755,1.5768405185137016e-08,10,1.0,hbi,squared_exponential,squared_exponential:hbi,-4.80445245880037
C8p_QI89,0.5,-4.80473400055007,6.813994055414631e-06,60,1.0,hbi,squared_exponential,squared_exponential:hbi,-4.804742135806464
C8p_QI91,0.009302203534704345,-4.804455382761034,1.9337643863090022,60,1.0,hbi,squared_exponential,squared_exponential:hbi,1.1441736334113557
C8p_QI93,0.5,-4.804526526725567,1.0078301999232069,60,1.0,hbi,squared_exponential,squared_exponential:hbi,-6.122376551435536
C8p_QI95,1.0,-4.80449054928863,4.294506661832274e-08,10,1.0,hbi,squared_exponential,squared_exponential:hbi,-4.804490559123678
C8p_QI96,1.0,-4.80445291574506,3.009907550805298e-08,10,1.0,hbi,squared_exponential,squared_exponential:hbi,-4.804452892924928
C8p_QI98,1.0,-4.804463621573632,3.654543993350192e-08,10,1.0,hbi,squared_exponential,squared_exponential:hbi,-4.8044636084150625
C8p_QI100,1.0,-4.804454832410784,5.3844535872388075e-08,10,1.0,hbi,squared_exponential,squared_exponential:hbi,-4.804454831941257
C8p_QI101,1.0,-4.8044557299595,1.819964849289519e-07,10,1.0,hbi,squared_exponential,squared_exponential:hbi,-4.80445573655561
C8p_QI103,0.5,-4.804732988689921,0.42517420208249695,60,1.0,hbi,squared_exponential,squared_exponential:hbi,-4.949859872547677
C8p_QI105,0.020000000000000018,-4.805097323571317,1.0786979025854448,60,1.0,hbi,squared_exponential,squared_exponential:hbi,-2.16148489337138
C8p_QI107,1.0,-4.804454373801036,8.475942395923845e-08,10,1.0,hbi,squared_exponential,squared_exponential:hbi,-4.804454297206576
C8p_QI116,1.0,-4.804451746025279,8.968485031859714e-07,60,1.0,hbi,squared_exponential,squared_exponential:hbi,-4.804451750504995
C8p_QI108,0.5,-4.804841663741627,0.5470888189866264,60,1.0,hbi,squared_exponential,squared_exponential:hbi,-5.104216463486409
C8p_QI110,0.0027332237455781616,-4.804841703067723,0.4705727738947992,60,0.7707690962530416,hbi,squared_exponential,squared_exponential:hbi,-2.960618027640521
C8p_QI112,0.5,-4.805164898083376,0.5126160867278675,60,1.0,hbi,squared_exponential,squared_exponential:hbi,-6.130594793141427
C8p_QI114,1.0,-4.8044631044635935,6.410061963943784e-08,10,1.0,hbi,squared_exponential,squared_exponential:hbi,-4.80446304199495
C8p_QI118,0.5,-4.804453042104797,5.20847972348003e-06,60,1.0,hbi,squared_exponential,squared_exponential:hbi,-4.804457767207168
C8p_QI121,0.5,-4.8044545578868565,4.433436083618237e-06,60,1.0,hbi,squared_exponential,squared_exponential:hbi,-4.804459550692627
C8p_QI123,1.0,-4.804457186473655,5.769734337545994e-09,10,1.0,hbi,squared_exponential,squared_exponential:hbi,-4.804457192330574
C8p_QI125,0.5,-4.804460144645645,7.396810436713725e-06,60,1.0,hbi,squared_exponential,squared_exponential:hbi,-4.8044761335204385
C8p_QI127,1.0,-4.8044525451696245,1.0229618527735813e-08,10,1.0,hbi,squared_exponential,squared_exponential:hbi,-4.804452561092148
C8p_QI129,1.0,-4.804452458226251,1.1226710769602763e-09,10,1.0,hbi,squared_exponential,squared_exponential:hbi,-4.804452455907267
C8p_QI130,1.0,-4.804451915544405,1.233848724212009e-09,10,1.0,hbi,squared_exponential,squared_exponential:hbi,-4.804451916626022
C8p_QI132,1.0,-4.804452841631928,6.226681943670903e-09,10,1.0,hbi,squared_exponential,squared_exponential:hbi,-4.804452860110359
C8p_QI134,1.0,-4.804453260428772,2.831799416620298e-09,10,1.0,hbi,squared_exponential,squared_exponential:hbi,-4.804453261821436
C8p_QI136,1.0,-4.8044524910496875,4.920257697566963e-09,10,1.0,hbi,squared_exponential,squared_exponential:hbi,-4.804452479073461
C8p_QI138,1.0,-4.80445293156879,1.2381682862642037e-09,10,1.0,hbi,squared_exponential,squared_exponential:hbi,-4.804452932226241
C8p_QI140,1.0,-4.804451790384519,6.918295425510558e-09,10,1.0,hbi,squared_exponential,squared_exponential:hbi,-4.804451801270261
C8p_QI142,1.0,-4.8044543921712375,2.1834924330170934e-08,10,1.0,hbi,squared_exponential,squared_exponential:hbi,-4.804454381292089
C8p_QI144,1.0,-4.804452349531402,6.990830313756668e-09,10,1.0,hbi,squared_exponential,squared_exponential:hbi,-4.804452335926271
C8p_QI146,1.0,-4.804455881599779,1.3816931524002801e-08,10,1.0,hbi,squared_exponential,squared_exponential:hbi,-4.804455852268347
C8p_QI149,1.0,-4.804451499084166,1.9747083229553836e-09,10,1.0,hbi,squared_exponential,squared_exponential:hbi,-4.804451501158837
C8p_QI151,1.0,-4.80445218488876,9.47604125630107e-09,10,1.0,hbi,squared_exponential,squared_exponential:hbi,-4.804452182164823
C8p_QI153,1.0,-4.804453868729524,4.580678875624576e-08,10,1.0,hbi,squared_exponential,squared_exponential:hbi,-4.804453862900118
C8p_QI155,1.0,-4.804454957499274,1.1548211230365144e-07,10,1.0,hbi,squared_exponential,squared_exponential:hbi,-4.80445505835587
C8p_QI157,1.0,-4.804452694464317,1.5936910097887526e-07,10,1.0,hbi,squared_exponential,squared_exponential:hbi,-4.804452435845178
C8p_QI159,1.0,-4.804453320457242,6.035466075638082e-08,10,1.0,hbi,squared_exponential,squared_exponential:hbi,-4.804453379706501
C8p_QI161,1.0,-4.804452006130987,3.208414365819963e-09,10,1.0,hbi,squared_exponential,squared_exponential:hbi,-4.804452009299439
C8p_QI163,1.0,-4.804452008465887,2.3506039803274354e-09,10,1.0,hbi,squared_exponential,squared_exponential:hbi,-4.804452007868349
C8p_QI165,1.0,-4.804451980165254,7.249280028452474e-10,10,1.0,hbi,squared_exponential,squared_exponential:hbi,-4.8044519793163545
C8p_QI167,0.5,-4.804452388186746,4.106468318664869e-06,60,1.0,hbi,squared_exponential,squared_exponential:hbi,-4.80445238639868
C8p_QI170,1.0,-4.804453106209621,1.4375147057113857e-08,10,1.0,hbi,squared_exponential,squared_exponential:hbi,-4.804453104711683
C8p_QI172,1.0,-4.804478538345393,8.945952552289766e-08,10,1.0,hbi,squared_exponential,squared_exponential:hbi,-4.804478548628595
C8p_QI174,0.5,-4.804472521153002,1.1310261748820918e-06,60,1.0,hbi,squared_exponential,squared_exponential:hbi,-4.8044719678619
C8p_QI176,1.0,-4.80445662889997,5.505858177898144e-07,10,1.0,hbi,squared_exponential,squared_exponential:hbi,-4.804455919568682
C8p_QI178,1.0,-4.804451733363521,6.522595477738074e-07,10,1.0,hbi,squared_exponential,squared_exponential:hbi,-4.80445224937057
C8p_QI180,1.0,-4.804456945679476,3.3245686507069807e-08,10,1.0,hbi,squared_exponential,squared_exponential:hbi,-4.804456917722291
C8p_QI182,0.5,-4.804455391040392,1.7606469920176617e-05,60,1.0,hbi,squared_exponential,squared_exponential:hbi,-4.804452854990814
C8p_QI184,1.0,-4.80445614717928,1.4895213680165134e-08,10,1.0,hbi,squared_exponential,squared_exponential:hbi,-4.804456138612295
C8p_QI187,0.5,-4.804456355746879,1.3238332748468074e-06,60,1.0,hbi,squared_exponential,squared_exponential:hbi,-4.804456284691696
C8p_QI189,1.0,-4.804452059198411,7.585866469594242e-07,10,1.0,hbi,squared_exponential,squared_exponential:hbi,-4.804451924103887
C8p_QI191,1.0,-4.804455755975596,6.488684867585902e-07,10,1.0,hbi,squared_exponential,squared_exponential:hbi,-4.804455742281789
C8p_QI193,0.5,-4.804461399272441,0.7591616521083436,60,1.0,hbi,squared_exponential,squared_exponential:hbi,-7.125642095247713
C8p_QI195,1.0,-4.804455319254885,5.067698229735108e-07,10,1.0,hbi,squared_exponential,squared_exponential:hbi,-4.804455031314319
C8p_QI197,1.0,-4.804456303068264,7.6182745630285e-08,10,1.0,hbi,squared_exponential,squared_exponential:hbi,-4.804456440573176
C8p_QI198,1.0,-4.804452658979699,6.761004995388922e-09,10,1.0,hbi,squared_exponential,squared_exponential:hbi,-4.804452652086184
C8p_QI199,1.0,-4.804453011722444,2.665390670428137e-09,10,1.0,hbi,squared_exponential,squared_exponential:hbi,-4.804453011118312
C8p_QI200,1.0,-4.804453218999015,4.3516728186396505e-09,10,1.0,hbi,squared_exponential,squared_exponential:hbi,-4.8044532185022035
C8p_QI201,1.0,-4.804453675582408,7.801890594032063e-09,10,1.0,hbi,squared_exponential,squared_exponential:hbi,-4.80445366695858
C8p_QI203,1.0,-4.804452867364716,2.4908233141259187e-08,10,1.0,hbi,squared_exponential,squared_exponential:hbi,-4.804452897166357
C8p_QI205,1.0,-4.804491386265454,6.800324841159424e-08,10,1.0,hbi,squared_exponential,squared_exponential:hbi,-4.804491355847858
C8p_QI207,1.0,-4.8044576122526905,5.882718285598543e-08,10,1.0,hbi,squared_exponential,squared_exponential:hbi,-4.804457686454043
C8p_QI209,1.0,-4.804452614295087,1.8528401721593662e-08,10,1.0,hbi,squared_exponential,squared_exponential:hbi,-4.804452594075883
C8p_QI212,1.0,-4.804453080488656,2.669052120435774e-07,10,1.0,hbi,squared_exponential,squared_exponential:hbi,-4.804452984227282
C8p_QI213,1.0,-4.8044521708737875,1.139641252460203e-09,10,1.0,hbi,squared_exponential,squared_exponential:hbi,-4.804452171859111
C8p_QI214,0.5,-4.804453946839203,6.3342321906265794e-06,60,1.0,hbi,squared_exponential,squared_exponential:hbi,-4.80445282806113
C8p_QI215,1.0,-4.804491365017839,2.75260848191047e-08,10,1.0,hbi,squared_exponential,squared_exponential:hbi,-4.804491376360602
C8p_QI65,1.0,-4.80445341236009,7.171316077572105e-09,10,1.0,hbi,squared_exponential,squared_exponential:hbi,-4.804453415154512
C8p_QI67,1.0,-4.804453878781487,5.259407499294007e-09,10,1.0,hbi,squared_exponential,squared_exponential:hbi,-4.8044538686122
C8p_QI69,1.0,-4.804454492492596,2.51243640453381e-08,10,1.0,hbi,squared_exponential,squared_exponential:hbi,-4.804454504685964
C8p_QI71,1.0,-4.804479234224573,2.0185689665760242e-07,10,1.0,hbi,squared_exponential,squared_exponential:hbi,-4.804479612871546
C8p_QI73,1.0,-4.804453207732877,3.083489677899104e-08,10,1.0,hbi,squared_exponential,squared_exponential:hbi,-4.804453221039239
C8p_QI75,0.5,-4.804454709105585,1.343478996719332e-05,60,1.0,hbi,squared_exponential,squared_exponential:hbi,-4.804453978250876
C8p_QI77,1.0,-4.804452301429137,5.842501474723587e-09,10,1.0,hbi,squared_exponential,squared_exponential:hbi,-4.804452303342259
C8p_QI79,1.0,-4.8044531733828535,7.172402572836441e-08,10,1.0,hbi,squared_exponential,squared_exponential:hbi,-4.804453176107927
C8p_QI81,1.0,-4.804451687713026,5.665575985263716e-08,10,1.0,hbi,squared_exponential,squared_exponential:hbi,-4.804451660201266
C8p_QI83,1.0,-4.804452065752457,6.671598626971202e-09,10,1.0,hbi,squared_exponential,squared_exponential:hbi,-4.804452055821457
C8p_QI85,1.0,-4.804455802176108,5.136942772377618e-09,10,1.0,hbi,squared_exponential,squared_exponential:hbi,-4.804455796434922
C8p_QI87,1.0,-4.804453395197925,4.530002502990962e-09,10,1.0,hbi,squared_exponential,squared_exponential:hbi,-4.804453404018659
C8p_QI90,0.5,-4.8044519562179175,1.8998399255859406e-06,60,1.0,hbi,squared_exponential,squared_exponential:hbi,-4.8044550677655025
C8p_QI92,0.1184615384615384,-1.4126416282510945,4.205542311576316,60,1.0,hbi,squared_exponential,squared_exponential:hbi,6.134391943537139
C8p_QI94,1.0,-4.804452077527685,2.421144916101866e-10,10,1.0,hbi,squared_exponential,squared_exponential:hbi,-4.804452077675705
C8p_QI97,1.0,-4.804453807654909,1.5473234962057054e-08,10,1.0,hbi,squared_exponential,squared_exponential:hbi,-4.80445380650508
C8p_QI99,0.5,-4.804460881480054,0.5057047827252185,60,1.0,hbi,squared_exponential,squared_exponential:hbi,-6.035637383765334
C8p_QI102,1.0,-4.804457117305219,1.7996880083201646e-07,10,1.0,hbi,squared_exponential,squared_exponential:hbi,-4.804457063976315
C8p_QI104,1.0,-4.804456658173876,3.74254158892321e-07,10,1.0,hbi,squared_exponential,squared_exponential:hbi,-4.804456580545775
C8p_QI106,1.0,-4.804453824017855,4.4214444894365003e-07,10,1.0,hbi,squared_exponential,squared_exponential:hbi,-4.804452933092762
C8p_QI117,0.5,-4.80446021244461,2.6490545896429786e-06,60,1.0,hbi,squared_exponential,squared_exponential:hbi,-4.804456657745504
C8p_QI109,1.0,-4.804480993248944,6.386559467516923e-07,10,1.0,hbi,squared_exponential,squared_exponential:hbi,-4.804481594306708
C8p_QI111,0.5,-4.8044549651017405,2.4198132183544083e-06,60,1.0,hbi,squared_exponential,squared_exponential:hbi,-4.804454088490274
C8p_QI113,1.0,-4.804517450154435,8.999741436589601e-08,10,1.0,hbi,squared_exponential,squared_exponential:hbi,-4.804517445832971
C8p_QI115,1.0,-4.804459943645497,1.821547641864539e-08,10,1.0,hbi,squared_exponential,squared_exponential:hbi,-4.804459987004066
C8p_QI119,0.5,-4.804453463309301,5.556100887818196e-06,60,1.0,hbi,squared_exponential,squared_exponential:hbi,-4.8044519713112095
C8p_QI120,1.0,-4.804455857445646,8.416323091043642e-09,10,1.0,hbi,squared_exponential,squared_exponential:hbi,-4.804455848644011
C8p_QI122,1.0,-4.804454021789525,1.0899498359358566e-08,10,1.0,hbi,squared_exponential,squared_exponential:hbi,-4.804453994753203
C8p_QI124,1.0,-4.80445306920069,5.889233198326466e-09,10,1.0,hbi,squared_exponential,squared_exponential:hbi,-4.804453048581763
C8p_QI126,1.0,-4.804452481055478,8.262505569696052e-09,10,1.0,hbi,squared_exponential,squared_exponential:hbi,-4.804452478647363
C8p_QI128,1.0,-4.804465076031192,3.0950889630563735e-09,10,1.0,hbi,squared_exponential,squared_exponential:hbi,-4.804465076348151
C8p_QI135,1.0,-4.80445191124511,3.064048914540517e-09,10,1.0,hbi,squared_exponential,squared_exponential:hbi,-4.8044519240750105
C8p_QI137,1.0,-4.804452980657288,9.486439936277203e-09,10,1.0,hbi,squared_exponential,squared_exponential:hbi,-4.804452973343814
C8p_QI141,1.0,-4.804451913376852,4.12037583933963e-09,10,1.0,hbi,squared_exponential,squared_exponential:hbi,-4.804451912755894
C8p_QI143,1.0,-4.804453056696502,2.1375165757760367e-08,10,1.0,hbi,squared_exponential,squared_exponential:hbi,-4.8044530370275425
C8p_QI145,1.0,-4.804454433131696,8.013892324673554e-09,10,1.0,hbi,squared_exponential,squared_exponential:hbi,-4.80445442026712
C8p_QI147,1.0,-4.804455775228234,5.732701960504482e-08,10,1.0,hbi,squared_exponential,squared_exponential:hbi,-4.804455723039609
C8p_QI148,1.0,-4.804454301042142,1.2526231879828648e-09,10,1.0,hbi,squared_exponential,squared_exponential:hbi,-4.804454300381849
C8p_QI150,1.0,-4.80445178377056,2.370359795271919e-09,10,1.0,hbi,squared_exponential,squared_exponential:hbi,-4.8044517813114
C8p_QI152,1.0,-4.804452181812849,6.10094066362879e-09,10,1.0,hbi,squared_exponential,squared_exponential:hbi,-4.804452178986139
C8p_QI154,1.0,-4.804453767697851,3.678470103441996e-08,10,1.0,hbi,squared_exponential,squared_exponential:hbi,-4.80445376496391
C8p_QI156,1.0,-4.804452035833265,8.855450706482775e-08,10,1.0,hbi,squared_exponential,squared_exponential:hbi,-4.8044521035367325
C8p_QI158,1.0,-4.804453573981391,7.97457451563234e-08,10,1.0,hbi,squared_exponential,squared_exponential:hbi,-4.80445372414988
C8p_QI160,1.0,-4.804452470629258,1.2512789781994995e-08,10,1.0,hbi,squared_exponential,squared_exponential:hbi,-4.8044524768429255
C8p_QI162,1.0,-4.804456484090906,6.520350035915032e-09,10,1.0,hbi,squared_exponential,squared_exponential:hbi,-4.804456480020235
C8p_QI164,1.0,-4.804459446637793,4.843923856230657e-09,10,1.0,hbi,squared_exponential,squared_exponential:hbi,-4.804459450433569
C8p_QI166,1.0,-4.804452449347991,2.3975666953153695e-09,10,1.0,hbi,squared_exponential,squared_exponential:hbi,-4.804452447925996
C8p_QI168,1.0,-4.804452421660244,1.3448264364190695e-08,10,1.0,hbi,squared_exponential,squared_exponential:hbi,-4.804452435868825
C8p_QI171,1.0,-4.804453680783354,1.298066457288063e-08,10,1.0,hbi,squared_exponential,squared_exponential:hbi,-4.80445370610596
C8p_QI173,1.0,-4.804456877131088,4.069123935560685e-07,10,1.0,hbi,squared_exponential,squared_exponential:hbi,-4.804456429623315
C8p_QI175,1.0,-4.8044564904753315,9.502677399901668e-07,60,1.0,hbi,squared_exponential,squared_exponential:hbi,-4.804456465763451
C8p_QI177,1.0,-4.804456005204656,1.6593525861249283e-07,10,1.0,hbi,squared_exponential,squared_exponential:hbi,-4.804456138165733
C8p_QI179,1.0,-4.804452890483162,2.772478303917236e-07,10,1.0,hbi,squared_exponential,squared_exponential:hbi,-4.804453143880892
C8p_QI181,1.0,-4.80445875646592,1.4677967845857717e-08,10,1.0,hbi,squared_exponential,squared_exponential:hbi,-4.804458779015022
C8p_QI183,0.5,-4.804453205677419,3.933946052543933e-06,60,1.0,hbi,squared_exponential,squared_exponential:hbi,-4.804453029641536
C8p_QI185,1.0,-4.804458197444546,2.2693274764503028e-08,10,1.0,hbi,squared_exponential,squared_exponential:hbi,-4.804458187992168
C8p_QI186,1.0,-4.80445493534512,6.635955869580561e-09,10,1.0,hbi,squared_exponential,squared_exponential:hbi,-4.804454933303987
C8p_QI188,0.5,-4.804452535827295,1.199666181828615e-06,60,1.0,hbi,squared_exponential,squared_exponential:hbi,-4.804451979381156
C8p_QI190,0.5,-4.804451822629744,1.1987829526141718e-06,60,1.0,hbi,squared_exponential,squared_exponential:hbi,-4.8044518144934045
C8p_QI192,1.0,-4.80446826215757,7.710206076132955e-07,60,1.0,hbi,squared_exponential,squared_exponential:hbi,-4.804467874210786
C8p_QI194,1.0,-4.804470706593293,2.645538053938507e-07,10,1.0,hbi,squared_exponential,squared_exponential:hbi,-4.804470866954944
C8p_QI196,1.0,-4.804453930351201,3.6893447949574007e-08,10,1.0,hbi,squared_exponential,squared_exponential:hbi,-4.804453987514535
C8p_QI202,1.0,-4.804452471242939,8.3260834275607e-09,10,1.0,hbi,squared_exponential,squared_exponential:hbi,-4.804452482412671
C8p_QI204,1.0,-4.8044528867533245,4.673242967119732e-08,10,1.0,hbi,squared_exponential,squared_exponential:hbi,-4.80445285101132
C8p_QI206,1.0,-4.804466009999942,1.6426562676325257e-08,10,1.0,hbi,squared_exponential,squared_exponential:hbi,-4.804466038620831
C8p_QI208,1.0,-4.804451770883361,4.22175301846339e-09,10,1.0,hbi,squared_exponential,squared_exponential:hbi,-4.804451771769436
HILn_QI2,1.0,-4.80445329141935,1.4196094108829985e-08,10,1.0,hbi,squared_exponential,squared_exponential:hbi,-4.804453295180792
HILn_TF1,1.0,-4.804462192257461,1.2342720573384225e-07,10,1.0,hbi,squared_exponential,squared_exponential:hbi,-4.804461939764678
HILn_QI3,1.0,-4.804454793663808,2.6071429706702633e-08,10,1.0,hbi,squared_exponential,squared_exponential:hbi,-4.80445477781177
HILn_QI5,0.5,-4.8044561282422364,1.8509747824556005e-05,60,1.0,hbi,squared_exponential,squared_exponential:hbi,-4.804455112470805
HILn_QI6,0.5,-4.804454770172697,0.004462071229966625,60,1.0,hbi,squared_exponential,squared_exponential:hbi,-4.804453050472603
HILn_QI7,1.0,-4.804452420274629,1.7343278448592948e-08,10,1.0,hbi,squared_exponential,squared_exponential:hbi,-4.804452384824344
HILn_QI9,0.5,-4.804454121658864,3.878806787479513e-06,60,1.0,hbi,squared_exponential,squared_exponential:hbi,-4.804454800633266
HILn_QI10,0.5,-4.804453231665775,4.38962362242935e-06,60,1.0,hbi,squared_exponential,squared_exponential:hbi,-4.804454848917885
HILn_QI11,1.0,-4.804674443074873,1.7289686023599238e-09,10,1.0,hbi,squared_exponential,squared_exponential:hbi,-4.804674443342265
HILn_QI13,0.5,-4.8061788112572685,0.32483966248895063,60,1.0,hbi,squared_exponential,squared_exponential:hbi,-5.384887806914776
HILn_QI14,1.0,-4.804453635181289,7.509093023077517e-10,10,1.0,hbi,squared_exponential,squared_exponential:hbi,-4.8044536355123455
HILn_QI16,0.5,-4.804614124761201,2.646868471698886,60,1.0,hbi,squared_exponential,squared_exponential:hbi,-5.658874525598549
HILn_QI17,1.0,-4.8044552917028795,6.7832991361145455e-09,10,1.0,hbi,squared_exponential,squared_exponential:hbi,-4.804455303852592
HILn_QI18,0.5,-4.804453302351021,6.954042024880218e-06,60,1.0,hbi,squared_exponential,squared_exponential:hbi,-4.80445709282867
HILn_QI19,0.5,-4.804454870477912,2.0240678175985495e-05,60,1.0,hbi,squared_exponential,squared_exponential:hbi,-4.804452994073927
HILn_QI20,1.0,-4.804454952367905,1.6919913673855937e-09,10,1.0,hbi,squared_exponential,squared_exponential:hbi,-4.804454951450225
HILn_QI22,1.0,-4.804455161061696,7.687456067249504e-09,10,1.0,hbi,squared_exponential,squared_exponential:hbi,-4.804455155260712
HILn_QI23,1.0,-4.804461463634198,1.5318634518097924e-07,10,1.0,hbi,squared_exponential,squared_exponential:hbi,-4.8044617436689805
HILn_QI24,0.5,-4.80445360269141,1.6564456767886517e-05,60,1.0,hbi,squared_exponential,squared_exponential:hbi,-4.804453034722883
HILn_QI25,0.5,-4.804453004886454,3.6114128015451432e-06,60,1.0,hbi,squared_exponential,squared_exponential:hbi,-4.80445290429725
HILn_TF2,1.0,-4.804452039218631,3.374149330254616e-08,10,1.0,hbi,squared_exponential,squared_exponential:hbi,-4.80445205868682
HILn_TF3,0.1184615384615384,-4.804455567593095,1.011080854800056,60,1.0,hbi,squared_exponential,squared_exponential:hbi,-2.7787456686337464
HILn_QI28,0.5,-4.8044534852058405,3.519463291540248e-06,60,1.0,hbi,squared_exponential,squared_exponential:hbi,-4.804456351783301
HILn_TF4,0.5,-4.804457439463931,1.060652806489337e-05,60,1.0,hbi,squared_exponential,squared_exponential:hbi,-4.804453856072541
HILn_QI30,0.5,-4.8044532368685395,1.01710217874613e-05,60,1.0,hbi,squared_exponential,squared_exponential:hbi,-4.804452557810691
HILn_QI31,1.0,-4.804451973624737,8.098508786852399e-10,10,1.0,hbi,squared_exponential,squared_exponential:hbi,-4.804451974036056
HILn_QI32,1.0,-4.80447026802608,1.4654830336235586e-07,60,1.0,hbi,squared_exponential,squared_exponential:hbi,-4.80447012536024
HILn_QI33,0.5,-4.804470222650707,4.830116696255313e-05,60,1.0,hbi,squared_exponential,squared_exponential:hbi,-4.804520399909961
HILn_QI36,1.0,-4.804458379824155,3.7073458627198265e-07,10,1.0,hbi,squared_exponential,squared_exponential:hbi,-4.8044580582172784
HILn_QI37,0.5,-4.804454639101095,2.8293911885389933e-05,60,1.0,hbi,squared_exponential,squared_exponential:hbi,-4.804452233020129
HILn_QI38,0.5,-4.804454338959886,5.680043511199749e-06,60,1.0,hbi,squared_exponential,squared_exponential:hbi,-4.804453782794553
HILn_QI40,0.5,-4.804475447584537,1.074904966093395e-06,60,1.0,hbi,squared_exponential,squared_exponential:hbi,-4.804477205942931
HILn_QI41,1.0,-4.8044541322645955,3.944976304434106e-10,10,1.0,hbi,squared_exponential,squared_exponential:hbi,-4.804454132166256
HILn_QI42,0.5,-4.804475079449048,1.0064048128064358e-05,60,1.0,hbi,squared_exponential,squared_exponential:hbi,-4.804477731365296
HILn_TF5,0.5,-4.80445510434447,3.565364780244693e-06,60,1.0,hbi,squared_exponential,squared_exponential:hbi,-4.804452746465358
HILn_QI44,1.0,-4.804453462711535,3.5582634887995493e-09,10,1.0,hbi,squared_exponential,squared_exponential:hbi,-4.804453460217701
HILn_TF7,1.0,-4.80445400462736,3.7054103207312616e-08,10,1.0,hbi,squared_exponential,squared_exponential:hbi,-4.804453978313177
HILn_QI48,1.0,-4.804452851058159,1.5266252259616776e-07,10,1.0,hbi,squared_exponential,squared_exponential:hbi,-4.80445281281618
HILn_QI49,1.0,-4.804452084843092,4.3255255777447775e-10,10,1.0,hbi,squared_exponential,squared_exponential:hbi,-4.804452085342518
HILn_QI50,0.5,-4.80445463956039,8.007306631516573e-06,60,1.0,hbi,squared_exponential,squared_exponential:hbi,-4.804453195426049
HILn_QI51,0.5,-4.804588877522292,0.00013402179937507949,60,1.0,hbi,squared_exponential,squared_exponential:hbi,-4.804826276156746
HILn_QI52,1.0,-4.804454437768754,3.3408299032489176e-08,10,1.0,hbi,squared_exponential,squared_exponential:hbi,-4.804454361218177
HILn_QI53,0.5,-4.804454599799101,2.658251317839015e-05,60,1.0,hbi,squared_exponential,squared_exponential:hbi,-4.804454426306165
HILn_QI54,0.5,-4.8045437525026955,2.440922757251975e-05,60,1.0,hbi,squared_exponential,squared_exponential:hbi,-4.804559603818689
HILn_QI55,0.5,-4.804453115835713,3.581967360354825e-05,60,1.0,hbi,squared_exponential,squared_exponential:hbi,-4.804453899583223
HILn_QI57,1.0,-4.804453286289345,3.002940283534739e-09,10,1.0,hbi,squared_exponential,squared_exponential:hbi,-4.804453285026284
HILn_QI58,0.5,-4.805106029063609,2.281419817379688e-05,60,1.0,hbi,squared_exponential,squared_exponential:hbi,-4.8051446114964165
HILn_QI59,1.0,-4.804453567514884,4.718115726191588e-07,10,1.0,hbi,squared_exponential,squared_exponential:hbi,-4.8044533536904055
HILn_QI61,1.0,-4.804459261729789,1.3065225337312298e-08,10,1.0,hbi,squared_exponential,squared_exponential:hbi,-4.804459262489672
HILn_QI63,0.5,-4.805854264112895,0.00028619595282837197,60,1.0,hbi,squared_exponential,squared_exponential:hbi,-4.8061113235366975
HILn_QI65,1.0,-4.804452590392657,4.3746195153558865e-09,10,1.0,hbi,squared_exponential,squared_exponential:hbi,-4.804452595985822
HILn_QI66,1.0,-4.804452238869999,7.51228890294315e-09,10,1.0,hbi,squared_exponential,squared_exponential:hbi,-4.804452241296531
HILn_QI67,1.0,-4.804452140418789,7.247883657119579e-08,10,1.0,hbi,squared_exponential,squared_exponential:hbi,-4.8044520842686325
HILn_QI69,1.0,-4.804454666818174,7.75774786648258e-09,10,1.0,hbi,squared_exponential,squared_exponential:hbi,-4.804454679107039
HILn_QI71,1.0,-4.804452605085999,1.5218502905566426e-07,10,1.0,hbi,squared_exponential,squared_exponential:hbi,-4.8044525886448355
HILn_QI72,1.0,-4.8044544802248765,1.5121860429387702e-08,10,1.0,hbi,squared_exponential,squared_exponential:hbi,-4.804454456604617
HILn_QI73,1.0,-4.804453960922501,5.3150408878341036e-09,10,1.0,hbi,squared_exponential,squared_exponential:hbi,-4.804453974539683
HILn_QI74,1.0,-4.8044547675474405,1.0898237161468507e-08,10,1.0,hbi,squared_exponential,squared_exponential:hbi,-4.80445475919214
HILn_QI76,1.0,-4.804452364939152,1.4712410479560124e-08,10,1.0,hbi,squared_exponential,squared_exponential:hbi,-4.804452366327496
HILn_QI77,0.5,-4.804454940910773,8.276230474179224e-06,60,1.0,hbi,squared_exponential,squared_exponential:hbi,-4.804460156150071
HILn_QI78,0.5,-4.804453916869534,1.4550868619332557e-05,60,1.0,hbi,squared_exponential,squared_exponential:hbi,-4.804458617495129
HILn_QI79,0.5,-4.804463530854264,3.1226838985669555e-05,60,1.0,hbi,squared_exponential,squared_exponential:hbi,-4.8044603613670915
HILn_QI81,1.0,-4.804460371486812,8.407526168315687e-08,10,1.0,hbi,squared_exponential,squared_exponential:hbi,-4.804460275155179
HILn_QI82,1.0,-4.804451586264804,3.188589928702686e-07,60,1.0,hbi,squared_exponential,squared_exponential:hbi,-4.804451577906548
HILn_QI84,0.5,-4.805781943814964,0.0006275996620926811,60,1.0,hbi,squared_exponential,squared_exponential:hbi,-4.806020303857167
HILn_QI85,0.5,-4.804454896298466,7.773143826418833e-06,60,1.0,hbi,squared_exponential,squared_exponential:hbi,-4.804453008724522
HILn_QI86,0.5,-4.804454381260939,1.2057227533602809e-05,60,1.0,hbi,squared_exponential,squared_exponential:hbi,-4.804454730251564
HILn_TF12,0.5,-4.804454300590805,6.933103457986072e-05,60,1.0,hbi,squared_exponential,squared_exponential:hbi,-4.804454850974253
HILn_QI90,1.0,-4.8044537109315115,3.613215027204939e-08,10,1.0,hbi,squared_exponential,squared_exponential:hbi,-4.804453696289329
HILn_QI91,0.5,-4.804452831277331,2.1804578198163412e-06,60,1.0,hbi,squared_exponential,squared_exponential:hbi,-4.804453403168736
HILn_QI92,1.0,-4.8044918326393145,3.0836681811021108e-09,10,1.0,hbi,squared_exponential,squared_exponential:hbi,-4.804491829620019
HILn_QI93,1.0,-4.804453316227637,8.89986352695751e-09,10,1.0,hbi,squared_exponential,squared_exponential:hbi,-4.804453324278256
HILn_TF13,0.5,-4.804455725556636,1.0734990624285008e-06,60,1.0,hbi,squared_exponential,squared_exponential:hbi,-4.804457741286569
HILn_QI95,0.5,-4.804452274463301,7.995539966138123e-06,60,1.0,hbi,squared_exponential,squared_exponential:hbi,-4.804458137560687
HILn_TF14,1.0,-4.804451753726653,3.806949588124388e-09,10,1.0,hbi,squared_exponential,squared_exponential:hbi,-4.8044517632661154
HILn_QI97,0.5,-4.804452778651694,1.83918861732597e-05,60,1.0,hbi,squared_exponential,squared_exponential:hbi,-4.804452295325518
HILn_QI98,0.5,-4.804453989329886,1.890186422729147e-05,60,1.0,hbi,squared_exponential,squared_exponential:hbi,-4.804456307962937
HILn_QI99,0.5,-4.804464283870402,8.975582803027888e-06,60,1.0,hbi,squared_exponential,squared_exponential:hbi,-4.8044639539575655
HILn_QI101,0.5,-4.804492325265528,1.3442409195961431e-05,60,1.0,hbi,squared_exponential,squared_exponential:hbi,-4.804494916567819
HILn_QI28433,1.0,-4.804457857435409,5.8355811594167354e-08,10,1.0,hbi,squared_exponential,squared_exponential:hbi,-4.804457841781186
HILn_QI102,0.5,-4.804471150941254,6.20212831626914e-06,60,1.0,hbi,squared_exponential,squared_exponential:hbi,-4.804470213075547
HILn_QI103,1.0,-4.804455574445228,3.271198632601322e-08,10,1.0,hbi,squared_exponential,squared_exponential:hbi,-4.8044555898150065
HILn_QI105,1.0,-4.804458771056716,6.954532364417287e-09,10,1.0,hbi,squared_exponential,squared_exponential:hbi,-4.804458765760046
HILn_QI106,1.0,-4.804456709432998,5.028989883087054e-09,10,1.0,hbi,squared_exponential,squared_exponential:hbi,-4.804456702272091
HILn_QI107,0.5,-4.804453910914617,6.924493327463869e-06,60,1.0,hbi,squared_exponential,squared_exponential:hbi,-4.804452170556942
HILn_QI108,1.0,-4.805101426873762,1.2804698559123574e-08,10,1.0,hbi,squared_exponential,squared_exponential:hbi,-4.80510143363108
HILn_QI109,0.5,-4.80445381501886,1.1939376184189123e-05,60,1.0,hbi,squared_exponential,squared_exponential:hbi,-4.804452721491998
HILn_QI110,0.5,-4.80445419964758,8.543059471494726e-06,60,1.0,hbi,squared_exponential,squared_exponential:hbi,-4.804457033016661
HILn_QI111,0.5,-4.804455349724321,2.1583958565301177e-05,60,1.0,hbi,squared_exponential,squared_exponential:hbi,-4.804452931180549
HILn_QI112,0.5,-4.804454787990153,3.693996498618816e-05,60,1.0,hbi,squared_exponential,squared_exponential:hbi,-4.804456356903756
HILn_TF16,0.5,-4.804454121449453,2.2314654423951726e-06,60,1.0,hbi,squared_exponential,squared_exponential:hbi,-4.804454473943224
HILn_QI114,0.5,-4.804455657768585,1.1771648769396186e-05,60,1.0,hbi,squared_exponential,squared_exponential:hbi,-4.804453972260944
HILn_TF17,0.5,-4.804456060270695,1.2786120208847934e-05,60,1.0,hbi,squared_exponential,squared_exponential:hbi,-4.804454669271308
HILn_QI116,0.5,-4.804453897827216,2.0820927564613224e-06,60,1.0,hbi,squared_exponential,squared_exponential:hbi,-4.804458838501432
HILn_QI119,0.5,-4.804454827597738,1.919385228246424e-05,60,1.0,hbi,squared_exponential,squared_exponential:hbi,-4.804452248733014
HILn_QI120,0.5,-4.804453762148796,6.816763734309866e-06,60,1.0,hbi,squared_exponential,squared_exponential:hbi,-4.804454231271848
HILn_QI121,1.0,-4.804453326253224,4.953136626917187e-08,10,1.0,hbi,squared_exponential,squared_exponential:hbi,-4.804453296413158
HILn_QI123,0.5,-4.804454814563314,4.841066561036356e-06,60,1.0,hbi,squared_exponential,squared_exponential:hbi,-4.804453441714031
HILn_QI124,0.17999999999999994,-4.805463706734372,0.4434184620502435,60,1.0,hbi,squared_exponential,squared_exponential:hbi,-4.624686061046759
HILn_QI126,0.5,-4.804452160122082,5.6519220849060365e-05,60,1.0,hbi,squared_exponential,squared_exponential:hbi,-4.8044517882776745
HILn_TF18,0.5,-4.804459521528315,2.6579704447311896e-05,60,1.0,hbi,squared_exponential,squared_exponential:hbi,-4.804459964329908
HILn_QI128,1.0,-4.804463500807515,2.4614363068556363e-07,10,1.0,hbi,squared_exponential,squared_exponential:hbi,-4.804463592680349
HILn_QI22769,1.0,-4.80445946928603,6.789586283738718e-07,10,1.0,hbi,squared_exponential,squared_exponential:hbi,-4.804459779224544
HILn_QI130,1.0,-4.804813661397475,2.2303400972441362e-07,10,1.0,hbi,squared_exponential,squared_exponential:hbi,-4.804813580379687
HILn_TF19,1.0,-4.804456356137052,5.318276935909957e-08,10,1.0,hbi,squared_exponential,squared_exponential:hbi,-4.804456386852962
HILn_QI132,0.5,-4.804454004458421,3.367441874125069e-05,60,1.0,hbi,squared_exponential,squared_exponential:hbi,-4.804453000993362
HILp_QI715,0.010841132923171126,-4.804971367950884,0.527567403438816,60,1.0,hbi,squared_exponential,squared_exponential:hbi,-3.266613827056972
HILp_QI19549,0.056923076923076854,-4.804455957920254,0.17555622809858304,60,1.0,hbi,squared_exponential,squared_exponential:hbi,-4.410838174116179
HILp_TF11,1.0,-4.804461472309413,8.267295629016363e-08,10,1.0,hbi,squared_exponential,squared_exponential:hbi,-4.80446140861477
HILp_QI3107,0.5,-4.804971078085146,2.323014320874753e-05,60,1.0,hbi,squared_exponential,squared_exponential:hbi,-4.804999513207804
HILp_QI1303,1.0,-4.804454363938476,4.4526827988295103e-07,10,1.0,hbi,squared_exponential,squared_exponential:hbi,-4.804454048527077
HILp_QI7107,1.0,-4.80445381474442,5.99562082820005e-08,10,1.0,hbi,squared_exponential,squared_exponential:hbi,-4.80445382322614
HILp_QI4902,0.5,-4.804454475727198,1.1302236642041844e-06,60,1.0,hbi,squared_exponential,squared_exponential:hbi,-4.804453875264699
HILp_QI29,0.5,-4.804454255388464,8.435733109541413e-06,60,1.0,hbi,squared_exponential,squared_exponential:hbi,-4.8044527672614095
HILp_QI168,0.5,-4.804453227644444,1.0622404773712902e-05,60,1.0,hbi,squared_exponential,squared_exponential:hbi,-4.804452566750115
HILp_QI352,0.5,-4.804452777157394,2.930975557155034e-06,60,1.0,hbi,squared_exponential,squared_exponential:hbi,-4.804452690687867
HILp_QI1890,0.5,-4.804453906333038,8.950257731165623e-06,60,1.0,hbi,squared_exponential,squared_exponential:hbi,-4.804453501261378
HILp_TF38,1.0,-4.804452276314805,7.492983602348642e-07,60,1.0,hbi,squared_exponential,squared_exponential:hbi,-4.804453365084555
HILp_QI1810,1.0,-4.804452792551729,2.977347102364777e-08,10,1.0,hbi,squared_exponential,squared_exponential:hbi,-4.8044528030545735
HILp_QI1788,0.5,-4.804455125419736,1.9223410578486244e-05,60,1.0,hbi,squared_exponential,squared_exponential:hbi,-4.804453594737879
HILp_QI2162,0.5,-4.8044612628968935,6.782713191468498e-06,60,1.0,hbi,squared_exponential,squared_exponential:hbi,-4.804465128258016
HILp_QI2979,0.5,-4.804454607697608,1.712027045369715e-05,60,1.0,hbi,squared_exponential,squared_exponential:hbi,-4.804452296246382
HILp_QI1794,0.5,-4.8044534071964335,6.525472613636302e-06,60,1.0,hbi,squared_exponential,squared_exponential:hbi,-4.804455956546008
HILp_TF58,0.5,-4.804665629502324,9.30880013491838e-05,60,1.0,hbi,squared_exponential,squared_exponential:hbi,-4.804689024580512
HILp_TF54,0.5,-4.804691066515261,0.00010021865351809616,60,1.0,hbi,squared_exponential,squared_exponential:hbi,-4.804764449382674
HILp_TF53,0.5,-4.804498000611147,0.00014125504775387902,60,1.0,hbi,squared_exponential,squared_exponential:hbi,-4.804517662394574
HILp_TF55,0.5,-4.804641102230562,0.0002563486259635172,60,1.0,hbi,squared_exponential,squared_exponential:hbi,-4.804634135423839
HILp_TF57,0.5,-4.804487702592269,9.136547154641952e-05,60,1.0,hbi,squared_exponential,squared_exponential:hbi,-4.804451425241496
HILp_TF56,0.5,-4.804469573280585,3.6752716235193485e-05,60,1.0,hbi,squared_exponential,squared_exponential:hbi,-4.804487772938046
HILp_QI578,0.5,-4.804455033277236,1.0580276180957529e-05,60,1.0,hbi,squared_exponential,squared_exponential:hbi,-4.804452534078337
HILp_QI1106,1.0,-4.8044530493182265,1.2468288805174445e-08,10,1.0,hbi,squared_exponential,squared_exponential:hbi,-4.804453058140098
HILp_QI1169,0.5,-4.8044535415431255,6.441505432387376e-06,60,1.0,hbi,squared_exponential,squared_exponential:hbi,-4.804455187763779
HILp_QI3009,1.0,-4.8044565774184775,6.327234806728599e-08,10,1.0,hbi,squared_exponential,squared_exponential:hbi,-4.804456583167848
HILp_QI868,0.5,-4.8044638982987635,1.6504005064001678e-05,60,1.0,hbi,squared_exponential,squared_exponential:hbi,-4.804463832672354
HILp_QI4915,1.0,-4.80446124199716,3.4666910942644732e-09,10,1.0,hbi,squared_exponential,squared_exponential:hbi,-4.804461249449105
HILp_QI3039,1.0,-4.804453370918509,3.32249910675258e-09,10,1.0,hbi,squared_exponential,squared_exponential:hbi,-4.80445336808134
HILp_QI322,0.5,-4.804452323093756,2.1418109047149393e-05,60,1.0,hbi,squared_exponential,squared_exponential:hbi,-4.804453980274047
HILp_TF48,0.5,-4.804726387104438,0.00010874143961329657,60,1.0,hbi,squared_exponential,squared_exponential:hbi,-4.804743156460972
HILp_QI3588,0.5,-4.804452462435393,1.3775467949563247e-05,60,1.0,hbi,squared_exponential,squared_exponential:hbi,-4.804452672694879
HILp_TF28,0.5,-4.804457506122617,1.8847332664315512e-05,60,1.0,hbi,squared_exponential,squared_exponential:hbi,-4.804452594364193
HILp_QI3608,1.0,-4.804457805816128,3.810866479259955e-08,10,1.0,hbi,squared_exponential,squared_exponential:hbi,-4.804457770343561
HILp_QI892,1.0,-4.804452695606415,1.0769729992537272e-08,10,1.0,hbi,squared_exponential,squared_exponential:hbi,-4.804452691938877
HILp_QI484,0.5,-4.804454617267766,8.178775522392783e-06,60,1.0,hbi,squared_exponential,squared_exponential:hbi,-4.804453098206977
HILp_QI1144,1.0,-4.8044528191476275,6.343927768206444e-09,10,1.0,hbi,squared_exponential,squared_exponential:hbi,-4.804452819875678
HILp_QI755,1.0,-4.804491209923526,3.6931097388459335e-07,10,1.0,hbi,squared_exponential,squared_exponential:hbi,-4.80449037110202
HILp_QI615,0.5,-4.804581058072017,3.0037890454701376e-05,60,1.0,hbi,squared_exponential,squared_exponential:hbi,-4.804582086293522
HILp_QI331,0.5,-4.805482523342562,0.0004678080504322485,60,1.0,hbi,squared_exponential,squared_exponential:hbi,-4.80555038224702
HILp_QI6656,0.5,-4.804455413236155,8.137679106747689e-06,60,1.0,hbi,squared_exponential,squared_exponential:hbi,-4.804454931755572
HILp_QI1757,1.0,-4.804484443897991,8.347878172824209e-07,10,1.0,hbi,squared_exponential,squared_exponential:hbi,-4.804483686984895
HILp_TF51,0.5,-4.804452064930047,2.0827659235672862e-05,60,1.0,hbi,squared_exponential,squared_exponential:hbi,-4.80448760611489
HILp_QI1110,0.5,-4.804456314831896,7.797137150406168e-06,60,1.0,hbi,squared_exponential,squared_exponential:hbi,-4.804457636259485
HILp_QI522,0.5,-4.80446872755806,1.8773533436678047e-05,60,1.0,hbi,squared_exponential,squared_exponential:hbi,-4.804467608912546
HILp_QI30,1.0,-4.804488541718229,2.7169171749127284e-09,10,1.0,hbi,squared_exponential,squared_exponential:hbi,-4.80448853978578
HILp_QI7060,0.5,-4.804471004405059,1.7227830149657203e-05,60,1.0,hbi,squared_exponential,squared_exponential:hbi,-4.804469416028951
HILp_QI473,0.5,-4.804455721593513,2.7029078785504862e-05,60,1.0,hbi,squared_exponential,squared_exponential:hbi,-4.804454455894756
HILp_TF9,0.5,-4.804459574588691,1.2592964706131994e-05,60,1.0,hbi,squared_exponential,squared_exponential:hbi,-4.804492614141054
HILp_TF14,1.0,-4.8044629576309035,1.6610464974023772e-07,10,1.0,hbi,squared_exponential,squared_exponential:hbi,-4.804463013937493
HILp_QI3040,1.0,-4.804452168995795,1.2992602861882975e-09,10,1.0,hbi,squared_exponential,squared_exponential:hbi,-4.804452169482602
HILp_QI1037,0.5,-4.804453818954016,3.0160754367039158e-05,60,1.0,hbi,squared_exponential,squared_exponential:hbi,-4.804452587229207
HILp_TF34,1.0,-4.804453225375255,1.4826948428958598e-07,10,1.0,hbi,squared_exponential,squared_exponential:hbi,-4.8044531268901665
HILp_QI1320,1.0,-4.804453120176959,1.0182296461156728e-08,10,1.0,hbi,squared_exponential,squared_exponential:hbi,-4.804453124952033
HILp_QI1759,1.0,-4.804454320113109,1.0976342823274408e-07,10,1.0,hbi,squared_exponential,squared_exponential:hbi,-4.804454439203255
HILp_QI163,1.0,-4.804457807580093,3.198962198378177e-08,10,1.0,hbi,squared_exponential,squared_exponential:hbi,-4.8044577850059795
HILp_QI2598,0.5,-4.804452334154121,7.307522380420009e-06,60,1.0,hbi,squared_exponential,squared_exponential:hbi,-4.804456167708395
HILp_TF37,1.0,-4.804454008896528,3.901996374456599e-07,10,1.0,hbi,squared_exponential,squared_exponential:hbi,-4.804454935255308
HILp_QI5874,1.0,-4.804451765476642,1.622071999242853e-08,10,1.0,hbi,squared_exponential,squared_exponential:hbi,-4.804451770690321
HILp_QI2466,0.5,-4.804454827156405,1.910962325642612e-05,60,1.0,hbi,squared_exponential,squared_exponential:hbi,-4.804453600311263
HILp_QI4241,0.5,-4.804466863550942,1.1469519030334394e-05,60,1.0,hbi,squared_exponential,squared_exponential:hbi,-4.804467305638809
HILp_QI4845,0.5,-4.804455065353977,1.59503716333778e-05,60,1.0,hbi,squared_exponential,squared_exponential:hbi,-4.8044550158720085
HILp_QI6844,1.0,-4.804457118638766,4.164691210314245e-08,10,1.0,hbi,squared_exponential,squared_exponential:hbi,-4.804457130663195
HILp_QI6120,0.5,-4.804452376730069,7.345694727836755e-06,60,1.0,hbi,squared_exponential,squared_exponential:hbi,-4.804451983749459
HILp_QI8757,1.0,-4.804451912406421,2.5977007584906744e-08,10,1.0,hbi,squared_exponential,squared_exponential:hbi,-4.804451950914654
HILp_QI9350,1.0,-4.804451950789257,3.2671180320552796e-08,10,1.0,hbi,squared_exponential,squared_exponential:hbi,-4.804451974690437
HILp_QI9164,1.0,-4.804452511086083,2.018090478202597e-08,10,1.0,hbi,squared_exponential,squared_exponential:hbi,-4.804452435843814
HILp_QI10330,0.5,-4.804454917789599,7.598239103454199e-06,60,1.0,hbi,squared_exponential,squared_exponential:hbi,-4.80445743633436
HILp_QI11212,0.5,-4.804454510819141,1.0318371561301782e-05,60,1.0,hbi,squared_exponential,squared_exponential:hbi,-4.804454707313198
HILp_QI11143,0.5,-4.8044537760515595,8.963040276041048e-06,60,1.0,hbi,squared_exponential,squared_exponential:hbi,-4.804453180652217
HILp_QI11066,1.0,-4.804453566475104,1.8168781070262976e-08,10,1.0,hbi,squared_exponential,squared_exponential:hbi,-4.804453617167383
HILp_QI11887,0.5,-4.804454355937196,0.13598002565587694,60,1.0,hbi,squared_exponential,squared_exponential:hbi,-4.804453131750506
HILp_TF24,1.0,-4.804452772039667,6.021008781026603e-08,10,1.0,hbi,squared_exponential,squared_exponential:hbi,-4.804452562921142
HILp_QI12539,1.0,-4.804452535427117,9.334366408936455e-08,10,1.0,hbi,squared_exponential,squared_exponential:hbi,-4.804452612575915
HILp_QI12494,0.5,-4.804455451999729,7.4189647552486285e-06,60,1.0,hbi,squared_exponential,squared_exponential:hbi,-4.804454529479699
HILp_TF23,1.0,-4.804451482923014,1.4587861094328159e-07,10,1.0,hbi,squared_exponential,squared_exponential:hbi,-4.804451474120015
HILp_QI12459,0.5,-4.804454187940792,6.178050075976407e-06,60,1.0,hbi,squared_exponential,squared_exponential:hbi,-4.804456289426071
HILp_QI13219,1.0,-4.804452551327131,2.9109260820095135e-08,10,1.0,hbi,squared_exponential,squared_exponential:hbi,-4.804452549926282
HILp_QI13031,1.0,-4.80445787255303,3.56963563949249e-08,10,1.0,hbi,squared_exponential,squared_exponential:hbi,-4.804457700371131
HILp_QI2602,0.5,-4.804454523181903,4.2822357250592815e-05,60,1.0,hbi,squared_exponential,squared_exponential:hbi,-4.804453929208194
HILp_QI8513,0.5,-4.804452234373684,1.7472410298265954e-06,60,1.0,hbi,squared_exponential,squared_exponential:hbi,-4.804452323264286
HILp_QI10472,0.5,-4.804510224806563,4.2534414412820476e-05,60,1.0,hbi,squared_exponential,squared_exponential:hbi,-4.804508348719082
HILp_QI1756,1.0,-4.804453549043728,1.4983414706749431e-09,10,1.0,hbi,squared_exponential,squared_exponential:hbi,-4.804453551539154
HILp_QI7751,1.0,-4.80445224007758,1.0966299066264332e-08,10,1.0,hbi,squared_exponential,squared_exponential:hbi,-4.804452237416172
HILp_QI2793,1.0,-4.804455072199744,4.189972834490906e-08,10,1.0,hbi,squared_exponential,squared_exponential:hbi,-4.804455049808894
HILp_QI2638,0.5,-4.804453455139992,7.822372720209143e-06,60,1.0,hbi,squared_exponential,squared_exponential:hbi,-4.804457321914924
HILp_TF8,1.0,-4.804455947838733,6.641824136988821e-07,10,1.0,hbi,squared_exponential,squared_exponential:hbi,-4.804456103193388
HILp_QI418,1.0,-4.8044521245894884,9.928397128577465e-10,10,1.0,hbi,squared_exponential,squared_exponential:hbi,-4.804452123210467
HILp_QI1750,1.0,-4.80529584466899,2.4756140806737183e-08,10,1.0,hbi,squared_exponential,squared_exponential:hbi,-4.805295865865446
HILp_QI1929,1.0,-4.8044523472922265,2.4703277793419763e-09,10,1.0,hbi,squared_exponential,squared_exponential:hbi,-4.804452343852972
HILp_QI3985,0.5,-4.804454226755979,5.135248710563028e-06,60,1.0,hbi,squared_exponential,squared_exponential:hbi,-4.804452731704714
HILp_QI2601,1.0,-4.8044533876836795,6.275365478388334e-07,10,1.0,hbi,squared_exponential,squared_exponential:hbi,-4.804452749664506
HILp_TF4,0.5,-4.804502101981598,1.7309742630277714e-06,60,1.0,hbi,squared_exponential,squared_exponential:hbi,-4.804502071219758
HILp_QI7860,0.5,-4.804473137347031,2.664112046233581e-05,60,1.0,hbi,squared_exponential,squared_exponential:hbi,-4.8044730320443705
HILp_QI1989,0.5,-4.804460042115579,2.594035454791233e-05,60,1.0,hbi,squared_exponential,squared_exponential:hbi,-4.804497898933278
HILp_QI4966,1.0,-4.804452385478044,6.214138791480535e-10,10,1.0,hbi,squared_exponential,squared_exponential:hbi,-4.804452384772958
HILp_TF45,0.5,-4.804461794211875,3.662447185733629e-05,60,1.0,hbi,squared_exponential,squared_exponential:hbi,-4.804480268652696
HILp_QI1127,1.0,-4.804462293226152,2.8685681447240054e-08,10,1.0,hbi,squared_exponential,squared_exponential:hbi,-4.804462349375626
HILp_QI7038,1.0,-4.8044983786903686,1.2531854915167093e-07,10,1.0,hbi,squared_exponential,squared_exponential:hbi,-4.804498494591371
HILp_TF26,1.0,-4.804451814241702,1.2504804342812435e-07,10,1.0,hbi,squared_exponential,squared_exponential:hbi,-4.8044516456288875
HILp_QI19408,0.5,-4.804455015995472,1.0920797817637798e-05,60,1.0,hbi,squared_exponential,squared_exponential:hbi,-4.8044540083669744
HILp_TF5,1.0,-4.804451615377275,2.1496675915129158e-08,10,1.0,hbi,squared_exponential,squared_exponential:hbi,-4.804451605490158
HILp_TF46,0.5,-4.804605551093573,7.90979297368854e-05,60,1.0,hbi,squared_exponential,squared_exponential:hbi,-4.804705189956621
HILp_QI3770,1.0,-4.804456661467384,4.524110136304375e-08,10,1.0,hbi,squared_exponential,squared_exponential:hbi,-4.804456647312236
HILp_QI10949,0.5,-4.804456475621691,2.9244113828138917e-05,60,1.0,hbi,squared_exponential,squared_exponential:hbi,-4.8045849802483644
HILp_TF36,0.5,-4.804455222098113,1.7987280479292917e-05,60,1.0,hbi,squared_exponential,squared_exponential:hbi,-4.804468414357871
HILp_QI8054,0.5,-4.804454047349964,4.7535562837147296e-05,60,1.0,hbi,squared_exponential,squared_exponential:hbi,-4.804452871505418
HILp_TF43,1.0,-4.804459625142044,3.375840776910687e-07,10,1.0,hbi,squared_exponential,squared_exponential:hbi,-4.804459606526507
HILp_QI2874,0.020000000000000018,-4.804463540395773,16.13915631929782,60,1.0,hbi,squared_exponential,squared_exponential:hbi,36.603606692989615
HILp_TF44,1.0,-4.804452531440575,3.203162037873017e-08,10,1.0,hbi,squared_exponential,squared_exponential:hbi,-4.8044525895375045
HILp_TF47,0.5,-4.804482583547269,8.85785546138298e-06,60,1.0,hbi,squared_exponential,squared_exponential:hbi,-4.804502165032318
HILp_QI3629,0.5,-4.804451845079257,5.674108104847316e-06,60,1.0,hbi,squared_exponential,squared_exponential:hbi,-4.8044518193514705
HILp_QI3716,0.5,-4.8044533909098845,4.804717760885885e-06,60,1.0,hbi,squared_exponential,squared_exponential:hbi,-4.804454065927985
HILp_QI1508,1.0,-4.804454636833498,9.383839303712806e-07,10,1.0,hbi,squared_exponential,squared_exponential:hbi,-4.804456597019453
HILp_TF40,0.5,-4.804456651561395,1.985434032331888e-05,60,1.0,hbi,squared_exponential,squared_exponential:hbi,-4.804451817260087
HILp_QI9633,1.0,-4.807248948913639,3.7212502713219696e-07,10,1.0,hbi,squared_exponential,squared_exponential:hbi,-4.807249109793702
HILp_TF20,0.5,-4.80445603419912,3.4522596180874876e-05,60,1.0,hbi,squared_exponential,squared_exponential:hbi,-4.804457373925288
HILp_QI1048,0.5,-4.804453964985896,4.536383479107245e-06,60,1.0,hbi,squared_exponential,squared_exponential:hbi,-4.804484951439463
HILp_TF42,0.5,-4.8044518899046125,0.00033399834438342543,60,1.0,hbi,squared_exponential,squared_exponential:hbi,-4.804453973371892
HILp_QI2850,5.104645227160809e-05,-4.8044543619694196,0.1842464043697882,60,0.028790199081186962,hbi,squared_exponential,squared_exponential:hbi,-1.325596731533551
HILp_TF50,0.5,-4.8044557661960425,2.1727686551298865e-05,60,1.0,hbi,squared_exponential,squared_exponential:hbi,-4.80448363018877
HILp_QI3549,1.0,-4.804467588644002,4.38911167916376e-07,10,1.0,hbi,squared_exponential,squared_exponential:hbi,-4.804466638787744
HILp_TF52,1.0,-4.804452250061331,8.448593669301932e-07,60,1.0,hbi,squared_exponential,squared_exponential:hbi,-4.804452275791391
HILp_QI2014,1.0,-4.8044529501464694,8.463498561549861e-08,10,1.0,hbi,squared_exponential,squared_exponential:hbi,-4.80445303059696
HILp_QI9142,0.5,-4.804453141025078,1.8848099720889976e-05,60,1.0,hbi,squared_exponential,squared_exponential:hbi,-4.804453024779832
HILp_TF41,0.5,-4.804451493518172,1.909206144966485e-06,60,1.0,hbi,squared_exponential,squared_exponential:hbi,-4.804451505728139
HILp_QI1105,1.0,-4.804451581911962,2.4745384553765165e-10,10,1.0,hbi,squared_exponential,squared_exponential:hbi,-4.8044515820567995
HILp_QI2994,1.0,-4.8044519612938075,2.7615242889669424e-10,10,1.0,hbi,squared_exponential,squared_exponential:hbi,-4.804451961809036
HILp_TF22,1.0,-4.804454406100604,1.221184147116498e-07,10,1.0,hbi,squared_exponential,squared_exponential:hbi,-4.804454362737033
HILp_TF27,1.0,-4.804451956175399,3.0636829092397456e-07,10,1.0,hbi,squared_exponential,squared_exponential:hbi,-4.804451965446788
HILp_QI3939,0.5,-4.8044714295892845,6.437421910793249e-06,60,1.0,hbi,squared_exponential,squared_exponential:hbi,-4.804471448286677
HILp_QI2965,1.0,-4.804451982678984,1.5656701036360147e-09,10,1.0,hbi,squared_exponential,squared_exponential:hbi,-4.804451982658975
HILp_QI1093,0.5,-4.8044523970347655,1.1382875009262216e-06,60,1.0,hbi,squared_exponential,squared_exponential:hbi,-4.804451883164802
HILp_QI4793,1.0,-4.804461591319523,1.632609700531631e-07,10,1.0,hbi,squared_exponential,squared_exponential:hbi,-4.80446153180992
HILp_QI2981,0.5,-4.804455100922041,9.349470974819376e-06,60,1.0,hbi,squared_exponential,squared_exponential:hbi,-4.804453420160826
HILp_QI3593,0.5,-4.804461132247525,6.848460903125703e-06,60,1.0,hbi,squared_exponential,squared_exponential:hbi,-4.804459606090859
HILp_QI1038,0.5,-4.804455979548948,1.5343390789047967e-05,60,1.0,hbi,squared_exponential,squared_exponential:hbi,-4.804454753826576
HILp_TF13,1.0,-4.804469884043556,3.301799318499942e-08,10,1.0,hbi,squared_exponential,squared_exponential:hbi,-4.804469885276376
HILp_QI7976,1.0,-4.804461997922772,3.0137845572019566e-07,10,1.0,hbi,squared_exponential,squared_exponential:hbi,-4.80446215846132
HILp_QI1646,1.0,-4.804453796288044,2.2476469488966702e-07,10,1.0,hbi,squared_exponential,squared_exponential:hbi,-4.804453620023651
HILp_TF7,0.5,-4.818986549146757,0.7666120765616551,60,1.0,hbi,squared_exponential,squared_exponential:hbi,-5.163370120163563
HILp_TF15,0.5,-4.804462062989387,6.1094755235925656e-06,60,1.0,hbi,squared_exponential,squared_exponential:hbi,-4.804468322990942
HILp_QI9662,1.0,-4.804457520241726,3.785323720041419e-09,10,1.0,hbi,squared_exponential,squared_exponential:hbi,-4.80445751955267
HILp_TF49,1.0,-4.804451780049931,8.858265574532406e-08,10,1.0,hbi,squared_exponential,squared_exponential:hbi,-4.804451658265407
HILp_QI1968,1.0,-4.80445388541375,9.233628119313698e-10,10,1.0,hbi,squared_exponential,squared_exponential:hbi,-4.804453886061765
HILp_QI8763,0.5,-4.8044555440342265,3.353468887256417e-05,60,1.0,hbi,squared_exponential,squared_exponential:hbi,-4.80445549065098
HILp_QI8646,0.5,-4.804457944915157,3.4328629445480405e-06,60,1.0,hbi,squared_exponential,squared_exponential:hbi,-4.804459299096379
HILp_QI1363,1.0,-4.804459963472482,5.161004720691546e-08,10,1.0,hbi,squared_exponential,squared_exponential:hbi,-4.8044598483315895
HILp_QI20478,0.5,-4.804457196878047,2.381534601560119e-06,60,1.0,hbi,squared_exponential,squared_exponential:hbi,-4.804457161785649
HILp_QI13472,1.0,-4.8044533810634675,3.337954082856364e-08,10,1.0,hbi,squared_exponential,squared_exponential:hbi,-4.804453382486827
HILp_QI14033,1.0,-4.804452561132621,8.433347665145476e-08,10,1.0,hbi,squared_exponential,squared_exponential:hbi,-4.804452541666706
HILp_TF30,0.5,-4.8044635941200795,0.00010095424541818223,60,1.0,hbi,squared_exponential,squared_exponential:hbi,-4.8044603762919
HILp_TF32,0.5,-4.804464271060624,1.6009539798460246e-05,60,1.0,hbi,squared_exponential,squared_exponential:hbi,-4.8044603577673115
HILp_TF29,0.5,-4.804469285546929,3.453843771549587e-06,60,1.0,hbi,squared_exponential,squared_exponential:hbi,-4.804469285234518
HILp_QI15155,0.5,-4.804455957201299,1.4310520894585466e-05,60,1.0,hbi,squared_exponential,squared_exponential:hbi,-4.8044527811171065
HILp_QI15372,0.5,-4.804458232669276,2.334400273260772e-05,60,1.0,hbi,squared_exponential,squared_exponential:hbi,-4.804457593443658
HILp_QI16955,0.5,-4.804453062758512,5.528623902244143e-06,60,1.0,hbi,squared_exponential,squared_exponential:hbi,-4.804452822267194
HILp_QI13719,0.5,-4.8044550643410275,1.0977681098417608e-05,60,1.0,hbi,squared_exponential,squared_exponential:hbi,-4.804453645499962
HILp_QI14421,0.5,-4.8044541396122895,3.520523513621762e-05,60,1.0,hbi,squared_exponential,squared_exponential:hbi,-4.804453991810078
HILp_QI13155,0.5,-4.804460611509512,1.4527602348255008e-06,60,1.0,hbi,squared_exponential,squared_exponential:hbi,-4.804464797288347
HILp_TF17,0.5,-4.80449130728266,2.6003993456171103e-05,60,1.0,hbi,squared_exponential,squared_exponential:hbi,-4.804490748872922
HILp_TF35,0.5,-4.804454001425711,2.582432341740515e-06,60,1.0,hbi,squared_exponential,squared_exponential:hbi,-4.804458682341192
HILp_TF19,0.5,-4.804455448987028,1.0847423732761309e-06,60,1.0,hbi,squared_exponential,squared_exponential:hbi,-4.804456386963466
HILp_QI25304,0.5,-4.804452142075661,2.6697759761369355e-06,60,1.0,hbi,squared_exponential,squared_exponential:hbi,-4.804454746131341
HILp_TF2,0.5,-4.804456427971218,2.5412167306357772e-06,60,1.0,hbi,squared_exponential,squared_exponential:hbi,-4.804455439480989
HILp_TF3,0.5,-4.804459957299514,2.4271553339685223e-06,60,1.0,hbi,squared_exponential,squared_exponential:hbi,-4.804461669393277
HILp_TF12,0.5,-4.804481428348026,2.063774559350822e-05,60,1.0,hbi,squared_exponential,squared_exponential:hbi,-4.804481520352056
HILp_QI23736,1.0,-4.804452466654311,6.770997564595131e-09,10,1.0,hbi,squared_exponential,squared_exponential:hbi,-4.804452468994441
HILp_QI24373,0.5,-4.804454470755218,9.26670360256944e-06,60,1.0,hbi,squared_exponential,squared_exponential:hbi,-4.804453237368307
C18n_QI06,0.5,-0.9675384182323796,2.4924090575919168e-05,60,1.0,time_from_max,lin,lin:time_from_max,-0.9675366426681649
C18n_QI07,1.0,-0.9675347878865068,1.3892400958849775e-07,10,1.0,time_from_max,lin,lin:time_from_max,-0.9675347276233879
C18n_QI08,1.0,-0.9675260985968634,1.0318029787976185e-09,10,1.0,time_from_max,lin,lin:time_from_max,-0.9675260985218301
C18n_QI10,1.0,-0.9675266669187295,3.1491545967388725e-08,10,1.0,time_from_max,lin,lin:time_from_max,-0.9675266919498426
C18n_QI11,0.5,-0.9680338018929433,0.33897983582878416,60,1.0,time_from_max,lin,lin:time_from_max,-1.1975018292068853
C18n_TF1,1.0,-0.9675251067631052,3.1761049442004994e-08,10,1.0,time_from_max,lin,lin:time_from_max,-0.9675251059593393
C18n_QI12,0.5,-0.9675513924325969,1.904380302886876e-05,60,1.0,time_from_max,lin,lin:time_from_max,-0.9675515445474048
C18n_QI13,1.0,-0.9675280342808037,1.1531787074876978e-08,10,1.0,time_from_max,lin,lin:time_from_max,-0.9675280441956602
C18n_QI14,1.0,-0.9675474710488743,6.532032821366909e-09,10,1.0,time_from_max,lin,lin:time_from_max,-0.9675474531127293
C18n_TF2,1.0,-0.9675261516515548,2.9819975501597433e-08,10,1.0,time_from_max,lin,lin:time_from_max,-0.9675260909502867
C18n_QI15,1.0,-0.9675375583942696,1.1991080841853037e-07,10,1.0,time_from_max,lin,lin:time_from_max,-0.9675375563811031
C18n_QI16,1.0,-0.967525696671828,2.405335113202521e-08,10,1.0,time_from_max,lin,lin:time_from_max,-0.9675257232711374
C18n_QI17,1.0,-0.967526065699758,1.0945354622634466e-08,10,1.0,time_from_max,lin,lin:time_from_max,-0.9675260565059034
C18n_QI18,1.0,-0.9675265028927242,5.172035694435526e-07,10,1.0,time_from_max,lin,lin:time_from_max,-0.9675272410759135
C18n_TF3,1.0,-0.9675328314465332,3.1319121835149785e-07,10,1.0,time_from_max,lin,lin:time_from_max,-0.9675328826283476
C18n_TF4,0.5,-0.9678412101106915,4.6398644154008446e-05,60,1.0,time_from_max,lin,lin:time_from_max,-0.9678403465013616
C18n_QI19,1.0,-0.9675539141765057,4.252392648430178e-09,10,1.0,time_from_max,lin,lin:time_from_max,-0.9675539117924927
C18n_QI20,1.0,-0.9675265165690234,3.658573749382044e-07,10,1.0,time_from_max,lin,lin:time_from_max,-0.967526997915229
C18n_QI21,0.5,-0.9675320169585575,8.66682949138915e-05,60,1.0,time_from_max,lin,lin:time_from_max,-0.9675254562553164
C18n_QI22,1.0,-0.9675255460037988,9.978580474632735e-09,10,1.0,time_from_max,lin,lin:time_from_max,-0.9675255235274562
C18n_QI23,1.0,-0.9675266703766283,5.344549949247517e-08,10,1.0,time_from_max,lin,lin:time_from_max,-0.9675266196218217
C18n_QI25,1.0,-0.9675249241734036,1.4306893509088584e-07,10,1.0,time_from_max,lin,lin:time_from_max,-0.9675247822347046
C18n_QI26,0.5,-0.9675298888328143,1.268001339200107e-06,60,1.0,time_from_max,lin,lin:time_from_max,-0.9675305152923102
C18n_QI27,1.0,-0.9675247373957063,1.811538400456395e-08,10,1.0,time_from_max,lin,lin:time_from_max,-0.9675247242066689
C18n_QI28,0.5,-0.9675322703096754,0.00013282482877273837,60,1.0,time_from_max,lin,lin:time_from_max,-0.9675252754168469
C18n_QI29,0.5,-0.9675261400579984,2.138485231843554e-06,60,1.0,time_from_max,lin,lin:time_from_max,-0.9675283305887206
C18n_QI30,1.0,-0.9675311162643538,2.630773133029999e-08,10,1.0,time_from_max,lin,lin:time_from_max,-0.9675311039891312
C18n_QI31,1.0,-0.9675353580962565,5.930063149707501e-08,10,1.0,time_from_max,lin,lin:time_from_max,-0.9675354997884824
C18n_QI32,1.0,-0.9675262208163531,1.159074292219127e-08,10,1.0,time_from_max,lin,lin:time_from_max,-0.9675262187779481
C18n_QI33,1.0,-0.9676954358403691,1.1458993313543358e-08,10,1.0,time_from_max,lin,lin:time_from_max,-0.9676954266396933
C18n_QI34,1.0,-0.9675281851082218,4.194710901386691e-07,10,1.0,time_from_max,lin,lin:time_from_max,-0.9675285741031985
C18n_QI35,1.0,-0.9675261821103049,9.205395255878831e-07,60,1.0,time_from_max,lin,lin:time_from_max,-0.9675267868651645
C18n_QI36,1.0,-0.9675278038816941,9.72145054868816e-07,60,1.0,time_from_max,lin,lin:time_from_max,-0.9675287913223656
C18n_QI37,1.0,-0.9675417111363913,2.4761458029079427e-07,10,1.0,time_from_max,lin,lin:time_from_max,-0.9675414350435858
C18n_QI38,1.0,-0.9675395262825077,2.2523702850879037e-07,10,1.0,time_from_max,lin,lin:time_from_max,-0.967540083831409
C18n_QI39,1.0,-0.9675255064769317,5.6811481568558004e-08,10,1.0,time_from_max,lin,lin:time_from_max,-0.9675254427274922
C18n_QI40,1.0,-0.9675264617026187,1.5444234171230272e-08,10,1.0,time_from_max,lin,lin:time_from_max,-0.9675264511333808
C18n_QI41,1.0,-0.967537226482591,2.9412350700449664e-07,10,1.0,time_from_max,lin,lin:time_from_max,-0.9675374217372337
C18n_QI42,1.0,-0.9675258382428638,7.099456077718467e-07,10,1.0,time_from_max,lin,lin:time_from_max,-0.9675247412928911
C18n_QI43,0.5,-0.9691583547601113,0.00015709470263143663,60,1.0,time_from_max,lin,lin:time_from_max,-0.9691583508779331
C18n_QI44,1.0,-0.9675274868552606,1.8730931101077334e-08,10,1.0,time_from_max,lin,lin:time_from_max,-0.9675275051777135
C18n_QI45,0.5,-0.9675268640819468,1.5349852306428428e-05,60,1.0,time_from_max,lin,lin:time_from_max,-0.967525556489818
C18n_QI46,1.0,-0.9675659124220601,3.896779953213213e-07,60,1.0,time_from_max,lin,lin:time_from_max,-0.9675661765613768
C18n_QI47,1.0,-0.9675478919600664,1.7772688395342083e-07,10,1.0,time_from_max,lin,lin:time_from_max,-0.9675478880881201
C18n_QI48,0.5,-0.9675341156876129,2.3993181950037935e-06,60,1.0,time_from_max,lin,lin:time_from_max,-0.9675340777630481
C18n_QI49,1.0,-0.968158137577575,6.763792566585152e-07,10,1.0,time_from_max,lin,lin:time_from_max,-0.9681595458168886
C18n_QI50,0.5,-0.9675330592763203,2.658906970620019e-06,60,1.0,time_from_max,lin,lin:time_from_max,-0.9675307416509895
C18n_QI51,1.0,-0.9675264144509583,5.579875002922701e-07,10,1.0,time_from_max,lin,lin:time_from_max,-0.9675258566185221
C18n_QI52,1.0,-0.9675875125992661,3.314649785892598e-07,10,1.0,time_from_max,lin,lin:time_from_max,-0.9675877322515589
C18n_QI53,1.0,-0.9676728748256664,5.697293232086947e-07,10,1.0,time_from_max,lin,lin:time_from_max,-0.9676726666807554
C18n_QI54,0.5,-0.9675249291572072,1.116039275166393e-06,60,1.0,time_from_max,lin,lin:time_from_max,-0.9675255130268852
C18n_QI55,0.5,-0.9675975216111965,0.1397147287924125,60,1.0,time_from_max,lin,lin:time_from_max,-1.0459440652462035
C18n_QI56,1.0,-0.9675267652282855,7.053510775398236e-07,10,1.0,time_from_max,lin,lin:time_from_max,-0.9675276033121918
C18n_QI57,1.0,-0.9675367915926927,2.9663030554008697e-07,10,1.0,time_from_max,lin,lin:time_from_max,-0.9675370273826047
C18n_QI58,1.0,-0.9675259180662579,4.137802783369247e-08,10,1.0,time_from_max,lin,lin:time_from_max,-0.9675259844552784
C18n_QI59,0.5,-0.9677768913063574,1.678078635328662e-05,60,1.0,time_from_max,lin,lin:time_from_max,-0.9677815912496044
C18n_QI60,0.005685951554023516,-0.9676661704447724,0.7358815637408128,60,0.40976194330151605,time_from_max,lin,lin:time_from_max,1.9215777222652832
C18n_QI61,0.5,-0.9675428780924449,1.9572132581057996e-06,60,1.0,time_from_max,lin,lin:time_from_max,-0.9675427056176886
C18n_QI62,1.0,-0.9675795213829588,7.056138349535652e-08,10,1.0,time_from_max,lin,lin:time_from_max,-0.9675794532045074
C18n_QI63,1.0,-0.9675293889949899,1.2492495930637224e-07,10,1.0,time_from_max,lin,lin:time_from_max,-0.9675295900597121
C18n_QI64,1.0,-0.9675311823598349,1.8796794173826493e-08,10,1.0,time_from_max,lin,lin:time_from_max,-0.9675312022600338
C18n_QI65,1.0,-0.967610196978967,1.8974998080865901e-07,10,1.0,time_from_max,lin,lin:time_from_max,-0.9676100341448546
C18n_QI66,1.0,-0.9675279357679756,8.176983728510706e-09,10,1.0,time_from_max,lin,lin:time_from_max,-0.9675279200678233
C18n_TF5,1.0,-0.9675259430423466,1.392964021962029e-07,10,1.0,time_from_max,lin,lin:time_from_max,-0.9675259272676158
C18n_QI67,1.0,-0.9675415273550243,6.55580093630894e-09,10,1.0,time_from_max,lin,lin:time_from_max,-0.9675415288775184
C18n_QI68,1.0,-0.9675257238393442,1.0898647444668846e-07,10,1.0,time_from_max,lin,lin:time_from_max,-0.9675256097225429
C18n_QI69,1.0,-0.9675263175506643,3.4025303159778785e-08,10,1.0,time_from_max,lin,lin:time_from_max,-0.9675262847754311
C18n_QI70,1.0,-0.9675260376973256,6.968406772443526e-09,10,1.0,time_from_max,lin,lin:time_from_max,-0.967526040786197
C18n_QI73,0.5,-0.9678214727532577,8.427250141158128e-05,60,1.0,time_from_max,lin,lin:time_from_max,-0.9678343105970271
C18n_QI74,1.0,-0.9675254737392152,3.7275801439374805e-09,10,1.0,time_from_max,lin,lin:time_from_max,-0.9675254785456673
C18n_QI77,1.0,-0.9675311104690536,9.670899012611004e-08,10,1.0,time_from_max,lin,lin:time_from_max,-0.9675310671095758
C18n_QI78,1.0,-0.967604189265785,1.892493534691762e-08,10,1.0,time_from_max,lin,lin:time_from_max,-0.9676042123978732
C18n_QI79,1.0,-0.9675261407157905,1.4415246544516493e-09,10,1.0,time_from_max,lin,lin:time_from_max,-0.9675261399306692
C18n_QI80,1.0,-0.9675258282873074,4.505168932319608e-08,10,1.0,time_from_max,lin,lin:time_from_max,-0.9675257859548765
C18n_QI4788,1.0,-0.9675252226364819,1.6560288951003915e-09,10,1.0,time_from_max,lin,lin:time_from_max,-0.9675252215158707
C18n_QI81,1.0,-0.9675253502662144,1.5291164786781695e-09,10,1.0,time_from_max,lin,lin:time_from_max,-0.9675253506065928
C18n_QI83,1.0,-0.9675249749288923,4.944639463400915e-08,10,1.0,time_from_max,lin,lin:time_from_max,-0.9675249863812496
C18n_QI84,0.5,-0.9675275620425055,7.371838476952178e-06,60,1.0,time_from_max,lin,lin:time_from_max,-0.9675265270238924
C18n_QI85,1.0,-0.9675289976544263,2.9648574426338584e-07,10,1.0,time_from_max,lin,lin:time_from_max,-0.9675296667901421
C18n_QI86,1.0,-0.9675270200555133,4.8236039437684885e-08,10,1.0,time_from_max,lin,lin:time_from_max,-0.9675270709431061
C18n_TF8,1.0,-0.9675317046967393,3.6753199765403924e-07,10,1.0,time_from_max,lin,lin:time_from_max,-0.9675317211608672
C18n_QI88,1.0,-0.9675735467376398,7.289845653174846e-07,10,1.0,time_from_max,lin,lin:time_from_max,-0.9675722975084682
C18n_QI89,0.5,-0.9675275380643598,2.559392913550119e-05,60,1.0,time_from_max,lin,lin:time_from_max,-0.9675299504897339
C18n_QI91,1.0,-0.9675277273845495,6.337865309883281e-09,10,1.0,time_from_max,lin,lin:time_from_max,-0.9675277208766602
C18n_QI92,1.0,-0.9675255311877891,7.63808446149931e-10,10,1.0,time_from_max,lin,lin:time_from_max,-0.967525532814534
C8p_QI02,1.0,-0.9675262101643511,1.6605863549967775e-08,10,1.0,time_from_max,lin,lin:time_from_max,-0.96752623239081
C8p_QI03,1.0,-0.9675270288212232,1.7393260992191464e-08,10,1.0,time_from_max,lin,lin:time_from_max,-0.9675270001298486
C8p_QI04,0.5,-0.9675541406554657,1.2928491970231132e-06,60,1.0,time_from_max,lin,lin:time_from_max,-0.9675547148490296
C8p_QI05,0.5,-0.9676304560716744,5.114622955998219e-05,60,1.0,time_from_max,lin,lin:time_from_max,-0.967594562469003
C8p_QI06,0.5,-0.9675407154722961,4.1076764286969715e-05,60,1.0,time_from_max,lin,lin:time_from_max,-0.9675395025747093
C8p_QI07,1.0,-0.9675465869720483,2.9807690831506744e-07,10,1.0,time_from_max,lin,lin:time_from_max,-0.9675467258589379
C8p_QI08,1.0,-0.9675292778467792,1.854902359431739e-07,10,1.0,time_from_max,lin,lin:time_from_max,-0.9675292788829211
C8p_QI09,1.0,-0.9675268500373022,4.509804621251463e-09,10,1.0,time_from_max,lin,lin:time_from_max,-0.967526849256501
C8p_QI10,1.0,-0.9675271564431114,3.0728579809644894e-07,10,1.0,time_from_max,lin,lin:time_from_max,-0.9675272153754122
C8p_QI12,1.0,-0.9675256818259186,2.593140718646115e-09,10,1.0,time_from_max,lin,lin:time_from_max,-0.9675256798859664
C8p_QI13,1.0,-0.9675291632047447,1.3823456068663287e-07,10,1.0,time_from_max,lin,lin:time_from_max,-0.9675289255765165
C8p_QI14,1.0,-0.9675267471843654,1.0610775743337295e-08,10,1.0,time_from_max,lin,lin:time_from_max,-0.9675267149659703
C8p_QI15,0.5,-0.9686459888478112,0.6512592148161338,60,1.0,time_from_max,lin,lin:time_from_max,-1.0792302851286877
C8p_QI16,1.0,-0.9675262371424651,5.0201188963619695e-08,10,1.0,time_from_max,lin,lin:time_from_max,-0.9675262255113921
C8p_QI18,0.0037387596029245795,0.872168106060144,1.6168196021921428,60,0.40976194330151605,time_from_max,lin,lin:time_from_max,7.667072785535765
C8p_QI19,1.0,-0.9675258441950518,2.093734796971928e-09,10,1.0,time_from_max,lin,lin:time_from_max,-0.9675258444499377
C8p_QI20,1.0,-0.9675256743685168,8.39874848829006e-09,10,1.0,time_from_max,lin,lin:time_from_max,-0.9675256795321729
C8p_QI21,1.0,-0.967529556051204,1.1175528188955142e-08,10,1.0,time_from_max,lin,lin:time_from_max,-0.9675295489746532
C8p_QI22,1.0,-0.9675604121985089,1.0943658818541053e-07,10,1.0,time_from_max,lin,lin:time_from_max,-0.9675604144440513
C8p_QI23,1.0,-0.9675259242671927,5.330257574002609e-09,10,1.0,time_from_max,lin,lin:time_from_max,-0.9675259268005902
C8p_QI24,1.0,-0.9675297327542012,1.4557542717548797e-08,10,1.0,time_from_max,lin,lin:time_from_max,-0.9675297435328503
C8p_QI25,1.0,-0.967527015766791,5.281079704436003e-08,10,1.0,time_from_max,lin,lin:time_from_max,-0.9675270225297936
C8p_QI26,1.0,-0.9675586432413184,2.1984203254421975e-08,10,1.0,time_from_max,lin,lin:time_from_max,-0.9675586335179105
C8p_QI27,1.0,-0.9675269173003471,5.602717030210951e-08,10,1.0,time_from_max,lin,lin:time_from_max,-0.967526925693619
C8p_QI28,1.0,-0.9675252981999165,9.784652558257874e-09,10,1.0,time_from_max,lin,lin:time_from_max,-0.9675253103246177
C8p_QI29,1.0,-0.9675567287379181,7.843007300940817e-09,10,1.0,time_from_max,lin,lin:time_from_max,-0.967556718472224
C8p_QI30,1.0,-0.9675266897843358,1.7368479562670973e-07,10,1.0,time_from_max,lin,lin:time_from_max,-0.9675265492433027
C8p_QI31,1.0,-0.9675265150108316,8.973740690482349e-08,10,1.0,time_from_max,lin,lin:time_from_max,-0.9675265080736608
C8p_QI33,1.0,-0.9675280863386888,5.145135082756136e-09,10,1.0,time_from_max,lin,lin:time_from_max,-0.9675280936885429
C8p_QI35,1.0,-0.967526472415102,7.927385649689695e-09,10,1.0,time_from_max,lin,lin:time_from_max,-0.9675264681040971
C8p_QI36,1.0,-0.9675266131441731,1.4343942820333962e-08,10,1.0,time_from_max,lin,lin:time_from_max,-0.9675266184335669
C8p_QI37,1.0,-0.9675260519848052,1.8899596106889163e-08,10,1.0,time_from_max,lin,lin:time_from_max,-0.9675260960952983
C8p_QI38,1.0,-0.967527413336029,1.3458366422001717e-08,10,1.0,time_from_max,lin,lin:time_from_max,-0.9675274067121791
C8p_QI39,1.0,-0.9675273273428502,9.83815635470814e-09,10,1.0,time_from_max,lin,lin:time_from_max,-0.9675273224893317
C8p_QI40,1.0,-0.967526541470761,1.2539202095602705e-08,10,1.0,time_from_max,lin,lin:time_from_max,-0.9675265352043425
C8p_QI41,1.0,-0.9675267672528207,4.100148595268947e-08,10,1.0,time_from_max,lin,lin:time_from_max,-0.9675266698727683
C8p_QI42,1.0,-0.9675272288429824,2.687011652534775e-08,10,1.0,time_from_max,lin,lin:time_from_max,-0.967527284206426
C8p_QI43,1.0,-0.9675251977946573,1.5883073196741872e-08,10,1.0,time_from_max,lin,lin:time_from_max,-0.9675251906705853
C8p_QI44,1.0,-0.9676936698797363,9.313829413923872e-08,10,1.0,time_from_max,lin,lin:time_from_max,-0.9676936778919298
C8p_QI45,1.0,-0.9675264927507214,8.685531862466563e-09,10,1.0,time_from_max,lin,lin:time_from_max,-0.9675264967531803
C8p_QI46,1.0,-0.9677841824493498,6.063074996517402e-08,10,1.0,time_from_max,lin,lin:time_from_max,-0.9677840869253487
C8p_QI47,1.0,-0.9675295002541588,4.013059078145815e-08,10,1.0,time_from_max,lin,lin:time_from_max,-0.9675295468787226
C8p_QI48,1.0,-0.9688604168820802,3.817090421789115e-07,10,1.0,time_from_max,lin,lin:time_from_max,-0.9688604443099393
C8p_QI49,1.0,-0.9675295874019412,8.714728550579092e-09,10,1.0,time_from_max,lin,lin:time_from_max,-0.9675295777665269
C8p_QI50,1.0,-0.9675564828166898,2.1841192348654038e-07,10,1.0,time_from_max,lin,lin:time_from_max,-0.9675569166315654
C8p_QI51,1.0,-0.9675281343518236,7.51333421864698e-08,10,1.0,time_from_max,lin,lin:time_from_max,-0.9675281051518141
C8p_QI52,1.0,-0.9675267919972157,4.9377800698366624e-08,10,1.0,time_from_max,lin,lin:time_from_max,-0.9675268734572455
C8p_QI53,0.020000000000000018,-0.967873011979691,0.5579504735816864,60,1.0,time_from_max,lin,lin:time_from_max,0.04757338730678384
C8p_QI54,1.0,-0.9675407243566951,2.037873131428644e-08,10,1.0,time_from_max,lin,lin:time_from_max,-0.9675407537683895
C8p_QI55,1.0,-0.9678658270868254,4.5409544935865686e-07,10,1.0,time_from_max,lin,lin:time_from_max,-0.9678651141716728
C8p_QI56,1.0,-0.9675327606432802,1.1914787386906933e-08,10,1.0,time_from_max,lin,lin:time_from_max,-0.9675327558020399
C8p_QI57,1.0,-0.9675295543461289,9.1183482187294e-08,10,1.0,time_from_max,lin,lin:time_from_max,-0.9675295036104217
C8p_QI58,1.0,-0.9675259670700598,8.544423929521173e-09,10,1.0,time_from_max,lin,lin:time_from_max,-0.9675259571317838
C8p_QI59,1.0,-0.9675261350100754,1.0198578700477871e-08,10,1.0,time_from_max,lin,lin:time_from_max,-0.9675261212332771
C8p_QI60,1.0,-0.9675564636725085,4.663790798657895e-08,10,1.0,time_from_max,lin,lin:time_from_max,-0.967556376662742
C8p_QI61,1.0,-0.967545361065504,5.5464458200940964e-08,10,1.0,time_from_max,lin,lin:time_from_max,-0.967545048295051
C8p_QI62,1.0,-0.9675259910909517,2.8039384771883013e-08,10,1.0,time_from_max,lin,lin:time_from_max,-0.9675260612671082
C8p_QI63,1.0,-0.9675249067552159,4.239947037053265e-09,10,1.0,time_from_max,lin,lin:time_from_max,-0.9675249012043423
C8p_QI64,1.0,-0.9675252102235845,1.4545366948547632e-08,10,1.0,time_from_max,lin,lin:time_from_max,-0.9675251940611815
C8p_QI66,1.0,-0.9675256850805454,4.0900228163280763e-08,10,1.0,time_from_max,lin,lin:time_from_max,-0.9675257384592442
C8p_QI68,1.0,-0.9675291435262352,3.166888781977455e-08,10,1.0,time_from_max,lin,lin:time_from_max,-0.9675291502967411
C8p_QI70,1.0,-0.9675274315072784,2.635984059577884e-07,10,1.0,time_from_max,lin,lin:time_from_max,-0.9675274496903512
C8p_QI72,1.0,-0.9678003217181868,1.4056005539476208e-07,10,1.0,time_from_max,lin,lin:time_from_max,-0.9678003778667517
C8p_QI74,1.0,-0.9675252368501788,4.739727448555007e-08,10,1.0,time_from_max,lin,lin:time_from_max,-0.9675252692923095
C8p_QI76,1.0,-0.9680777954224595,1.4013255676929302e-08,10,1.0,time_from_max,lin,lin:time_from_max,-0.9680778063707294
C8p_QI78,1.0,-0.9675952705692907,6.439816202780767e-08,10,1.0,time_from_max,lin,lin:time_from_max,-0.9675952496518221
C8p_QI80,1.0,-0.9675260980463918,1.6377860992585067e-07,10,1.0,time_from_max,lin,lin:time_from_max,-0.9675262737077901
C8p_QI82,1.0,-0.9675280688929888,2.4044821835692953e-08,10,1.0,time_from_max,lin,lin:time_from_max,-0.9675280712372114
C8p_QI84,1.0,-0.9675262505263618,1.50013641998431e-08,10,1.0,time_from_max,lin,lin:time_from_max,-0.9675262572782231
C8p_QI86,1.0,-0.9675255962197298,1.762791670111867e-08,10,1.0,time_from_max,lin,lin:time_from_max,-0.9675255876090887
C8p_QI89,1.0,-0.9675303456067468,2.0730428364233642e-08,10,1.0,time_from_max,lin,lin:time_from_max,-0.9675303162157434
C8p_QI91,1.0,-0.9675581231877004,1.0816777982492e-07,10,1.0,time_from_max,lin,lin:time_from_max,-0.9675580941707267
C8p_QI93,1.0,-0.9675284404290778,6.125791533216269e-09,10,1.0,time_from_max,lin,lin:time_from_max,-0.967528440033675
C8p_QI95,1.0,-0.9675305308414863,1.0015861091731345e-07,10,1.0,time_from_max,lin,lin:time_from_max,-0.9675304411011894
C8p_QI96,1.0,-0.9675260627941498,2.4382969434460282e-08,10,1.0,time_from_max,lin,lin:time_from_max,-0.9675260537269423
C8p_QI98,1.0,-0.9675271398241421,2.1862840632125476e-08,10,1.0,time_from_max,lin,lin:time_from_max,-0.9675271128730856
C8p_QI100,1.0,-0.9675269846206902,6.107208817861885e-08,10,1.0,time_from_max,lin,lin:time_from_max,-0.9675269269368982
C8p_QI101,1.0,-0.9675277934527458,7.739534090805758e-08,10,1.0,time_from_max,lin,lin:time_from_max,-0.96752784510727
C8p_QI103,0.5,-0.9675587277151863,1.198480757400969e-06,60,1.0,time_from_max,lin,lin:time_from_max,-0.9675576557156091
C8p_QI105,1.0,-0.9675298922447837,9.444818050332524e-07,60,1.0,time_from_max,lin,lin:time_from_max,-0.9675301290499192
C8p_QI107,1.0,-0.9675258089419003,7.631883342234652e-08,10,1.0,time_from_max,lin,lin:time_from_max,-0.9675257028648048
C8p_QI116,1.0,-0.9675250279829015,6.872822655920174e-07,10,1.0,time_from_max,lin,lin:time_from_max,-0.9675250357804543
C8p_QI108,0.5,-0.9675352348194792,1.8266077367890122e-06,60,1.0,time_from_max,lin,lin:time_from_max,-0.9675397844939653
C8p_QI110,1.0,-0.9675249561119017,6.673334668744673e-07,10,1.0,time_from_max,lin,lin:time_from_max,-0.9675249212277777
C8p_QI112,1.0,-0.9675286079955185,1.8555551701665332e-07,10,1.0,time_from_max,lin,lin:time_from_max,-0.9675286867545765
C8p_QI114,1.0,-0.9675270232569346,7.201507692173631e-08,10,1.0,time_from_max,lin,lin:time_from_max,-0.9675269037197722
C8p_QI118,1.0,-0.9675310390264258,2.2465467384794557e-08,10,1.0,time_from_max,lin,lin:time_from_max,-0.9675310050324697
C8p_QI121,1.0,-0.9675451733580758,4.1876056233146476e-08,10,1.0,time_from_max,lin,lin:time_from_max,-0.9675452365700039
C8p_QI123,1.0,-0.9675301175643654,4.097183292566123e-09,10,1.0,time_from_max,lin,lin:time_from_max,-0.967530121654363
C8p_QI125,1.0,-0.9675632642968139,1.356533965118266e-08,10,1.0,time_from_max,lin,lin:time_from_max,-0.9675632886787753
C8p_QI127,1.0,-0.9675256281980182,8.832109445628432e-09,10,1.0,time_from_max,lin,lin:time_from_max,-0.967525626188035
C8p_QI129,1.0,-0.9675250258062533,3.0960412673832303e-09,10,1.0,time_from_max,lin,lin:time_from_max,-0.9675250250706995
C8p_QI130,1.0,-0.9675251554856459,1.046147073054357e-09,10,1.0,time_from_max,lin,lin:time_from_max,-0.9675251559274329
C8p_QI132,1.0,-0.967526156419126,9.853202756164545e-09,10,1.0,time_from_max,lin,lin:time_from_max,-0.967526154711777
C8p_QI134,1.0,-0.967526481528239,2.477834800424204e-09,10,1.0,time_from_max,lin,lin:time_from_max,-0.9675264828397303
C8p_QI136,1.0,-0.9675255366712463,2.6793015919623272e-08,10,1.0,time_from_max,lin,lin:time_from_max,-0.9675255097754416
C8p_QI138,1.0,-0.9675255210996738,3.0364191699369775e-09,10,1.0,time_from_max,lin,lin:time_from_max,-0.9675255197466868
C8p_QI140,1.0,-0.967524986554281,6.3039980356962365e-09,10,1.0,time_from_max,lin,lin:time_from_max,-0.9675249918905138
C8p_QI142,1.0,-0.9675251939213467,1.867154091807437e-08,10,1.0,time_from_max,lin,lin:time_from_max,-0.9675251578501047
C8p_QI144,1.0,-0.9675256651455584,8.96508134913545e-09,10,1.0,time_from_max,lin,lin:time_from_max,-0.9675256660893865
C8p_QI146,1.0,-0.9675632044761642,4.287245087476935e-08,10,1.0,time_from_max,lin,lin:time_from_max,-0.9675632848752684
C8p_QI149,1.0,-0.9675248092567017,1.3833792110884202e-09,10,1.0,time_from_max,lin,lin:time_from_max,-0.967524809786255
C8p_QI151,1.0,-0.9675252548729532,1.559260835730607e-08,10,1.0,time_from_max,lin,lin:time_from_max,-0.967525282034785
C8p_QI153,1.0,-0.9675271675569093,4.562483042137311e-08,10,1.0,time_from_max,lin,lin:time_from_max,-0.9675271230548788
C8p_QI155,0.0065387544143858944,-0.9675785671252015,0.5830210550433247,60,0.40976194330151605,time_from_max,lin,lin:time_from_max,1.0862334248909065
C8p_QI157,0.5,-0.9675271674582291,1.170011836457314e-05,60,1.0,time_from_max,lin,lin:time_from_max,-0.9675259452287719
C8p_QI159,1.0,-0.9675265718908577,7.283992149028612e-08,10,1.0,time_from_max,lin,lin:time_from_max,-0.9675265398909687
C8p_QI161,1.0,-0.9675252662764251,5.363159649531305e-09,10,1.0,time_from_max,lin,lin:time_from_max,-0.967525272988496
C8p_QI163,1.0,-0.9675252445124443,3.6482505487423354e-09,10,1.0,time_from_max,lin,lin:time_from_max,-0.9675252401329999
C8p_QI165,1.0,-0.9675252833975492,1.749834656427705e-09,10,1.0,time_from_max,lin,lin:time_from_max,-0.9675252853653546
C8p_QI167,1.0,-0.9675253020018317,1.8185523950582824e-09,10,1.0,time_from_max,lin,lin:time_from_max,-0.9675253023501682
C8p_QI170,1.0,-0.9675266270119209,1.155905460438548e-08,10,1.0,time_from_max,lin,lin:time_from_max,-0.9675266450421987
C8p_QI172,1.0,-0.9675519913052995,5.807918896092503e-08,10,1.0,time_from_max,lin,lin:time_from_max,-0.9675519437737421
C8p_QI174,0.5,-0.9675305337423197,1.3012072209743588e-06,60,1.0,time_from_max,lin,lin:time_from_max,-0.9675291733210543
C8p_QI176,1.0,-0.9675251640346687,1.2935706668567758e-07,10,1.0,time_from_max,lin,lin:time_from_max,-0.9675250707268788
C8p_QI178,1.0,-0.9675250666680313,4.356075984716856e-07,10,1.0,time_from_max,lin,lin:time_from_max,-0.9675256264140444
C8p_QI180,1.0,-0.9675350279594568,8.642558135503783e-08,10,1.0,time_from_max,lin,lin:time_from_max,-0.9675349122767329
C8p_QI182,1.0,-0.9675262519624539,3.1061723742851665e-08,10,1.0,time_from_max,lin,lin:time_from_max,-0.9675262008408936
C8p_QI184,1.0,-0.9675676705769547,1.843554642565779e-08,10,1.0,time_from_max,lin,lin:time_from_max,-0.9675676792157901
C8p_QI187,0.5,-0.9675823089355617,0.3533469466995758,60,1.0,time_from_max,lin,lin:time_from_max,-1.3473927541590456
C8p_QI189,1.0,-0.9675249101655936,4.562916536871469e-07,10,1.0,time_from_max,lin,lin:time_from_max,-0.9675247757277248
C8p_QI191,1.0,-0.9675262118098544,8.57468492042247e-07,10,1.0,time_from_max,lin,lin:time_from_max,-0.9675256320279004
C8p_QI193,0.5,-0.9675288676289711,1.9884041807387464e-06,60,1.0,time_from_max,lin,lin:time_from_max,-0.9675262060027308
C8p_QI195,1.0,-0.9675266421761535,4.419495215389621e-07,10,1.0,time_from_max,lin,lin:time_from_max,-0.9675262500741155
C8p_QI197,1.0,-0.9675297672827128,8.410729207215686e-08,10,1.0,time_from_max,lin,lin:time_from_max,-0.9675296543218792
C8p_QI198,1.0,-0.9675250129591859,7.558431613895297e-09,10,1.0,time_from_max,lin,lin:time_from_max,-0.9675250058644451
C8p_QI199,1.0,-0.9675252793019808,2.8430528042791307e-09,10,1.0,time_from_max,lin,lin:time_from_max,-0.9675252811161954
C8p_QI200,1.0,-0.9675261815971226,4.254880113980374e-09,10,1.0,time_from_max,lin,lin:time_from_max,-0.9675261741558643
C8p_QI201,8.59106529209619e-05,-0.9675786521104328,0.4692387414556451,60,0.016151202749140836,time_from_max,lin,lin:time_from_max,2.636627961994691
C8p_QI203,0.5,-0.9675273954505883,7.418350033911086e-06,60,1.0,time_from_max,lin,lin:time_from_max,-0.967526035033643
C8p_QI205,0.5,-0.9677243488147269,3.381321225735286e-05,60,1.0,time_from_max,lin,lin:time_from_max,-0.9677304697879663
C8p_QI207,0.5,-0.9675316558807481,2.791640496608714e-05,60,1.0,time_from_max,lin,lin:time_from_max,-0.9675315134754783
C8p_QI209,0.0065387544143858944,-0.9675789514360531,0.6497219519018721,60,0.40976194330151605,time_from_max,lin,lin:time_from_max,1.0762828792912842
C8p_QI212,0.5,-0.9941501291721124,0.5707403273470648,60,1.0,time_from_max,lin,lin:time_from_max,-1.6921967610510364
C8p_QI213,1.0,-0.9675251678106633,8.851532555941745e-10,10,1.0,time_from_max,lin,lin:time_from_max,-0.9675251687774562
C8p_QI214,1.0,-0.9675261346565094,1.2371813364819461e-08,10,1.0,time_from_max,lin,lin:time_from_max,-0.9675261210477402
C8p_QI215,1.0,-0.9675647049746203,4.591306637762945e-08,10,1.0,time_from_max,lin,lin:time_from_max,-0.9675646089926886
C8p_QI65,1.0,-0.9675256251432529,6.892278090372637e-09,10,1.0,time_from_max,lin,lin:time_from_max,-0.9675256341565728
C8p_QI67,1.0,-0.9675270844272745,4.790127914306139e-09,10,1.0,time_from_max,lin,lin:time_from_max,-0.967527081251319
C8p_QI69,1.0,-0.9675275169852284,1.3830884008753775e-08,10,1.0,time_from_max,lin,lin:time_from_max,-0.9675274970454666
C8p_QI71,1.0,-0.9675990098348848,1.1818348497308199e-07,10,1.0,time_from_max,lin,lin:time_from_max,-0.9675989889956327
C8p_QI73,1.0,-0.9675264301947664,7.187655155717356e-08,10,1.0,time_from_max,lin,lin:time_from_max,-0.9675262776568161
C8p_QI75,1.0,-0.9675257105009223,1.0029863190439272e-08,10,1.0,time_from_max,lin,lin:time_from_max,-0.9675256924283531
C8p_QI77,1.0,-0.9675251907578968,9.130363714387437e-09,10,1.0,time_from_max,lin,lin:time_from_max,-0.967525180381017
C8p_QI79,1.0,-0.9675264092436464,4.85939630518082e-08,10,1.0,time_from_max,lin,lin:time_from_max,-0.9675264517677533
C8p_QI81,1.0,-0.9675250164821136,5.7595725521081266e-08,10,1.0,time_from_max,lin,lin:time_from_max,-0.9675250122049874
C8p_QI83,1.0,-0.967525308588165,7.595867252224701e-09,10,1.0,time_from_max,lin,lin:time_from_max,-0.9675253119498848
C8p_QI85,1.0,-0.9675252946076398,7.338178580588773e-09,10,1.0,time_from_max,lin,lin:time_from_max,-0.9675252955398719
C8p_QI87,1.0,-0.967525786780925,3.2586609224479574e-09,10,1.0,time_from_max,lin,lin:time_from_max,-0.9675257963599506
C8p_QI90,1.0,-0.967528346041945,9.654851624599008e-10,10,1.0,time_from_max,lin,lin:time_from_max,-0.9675283458172999
C8p_QI92,1.0,-0.9675322146460985,5.3490831437961596e-08,10,1.0,time_from_max,lin,lin:time_from_max,-0.967532266332455
C8p_QI94,1.0,-0.9675253641473773,1.5705024545077678e-09,10,1.0,time_from_max,lin,lin:time_from_max,-0.9675253642039934
C8p_QI97,1.0,-0.9675254877163297,1.4486050829744978e-08,10,1.0,time_from_max,lin,lin:time_from_max,-0.9675254743610822
C8p_QI99,0.5,-0.9677170644081343,1.6742703677536413e-05,60,1.0,time_from_max,lin,lin:time_from_max,-0.9677217157423001
C8p_QI102,1.0,-0.9675269591373308,3.9839540842080965e-08,10,1.0,time_from_max,lin,lin:time_from_max,-0.9675269183057935
C8p_QI104,1.0,-0.9675321985646406,4.235431582350226e-07,10,1.0,time_from_max,lin,lin:time_from_max,-0.9675325846674241
C8p_QI106,1.0,-0.9676014500741985,5.650612924066205e-07,10,1.0,time_from_max,lin,lin:time_from_max,-0.9676007273010327
C8p_QI117,0.5,-0.9675321629347309,2.6347734720203712e-06,60,1.0,time_from_max,lin,lin:time_from_max,-0.9675318845511356
C8p_QI109,1.0,-0.9675457916691812,8.697033775172762e-07,60,1.0,time_from_max,lin,lin:time_from_max,-0.9675458950005122
C8p_QI111,0.5,-0.9675276540347113,3.77350960311377e-06,60,1.0,time_from_max,lin,lin:time_from_max,-0.9675258910237972
C8p_QI113,1.0,-0.9675313343143443,9.824086985658719e-08,10,1.0,time_from_max,lin,lin:time_from_max,-0.9675311614532802
C8p_QI115,1.0,-0.9676821024693254,3.266851865245806e-08,10,1.0,time_from_max,lin,lin:time_from_max,-0.9676820980657794
C8p_QI119,1.0,-0.9675252891445325,2.4328590141817476e-09,10,1.0,time_from_max,lin,lin:time_from_max,-0.9675252886386261
C8p_QI120,1.0,-0.9675254778601357,1.0151089326929013e-08,10,1.0,time_from_max,lin,lin:time_from_max,-0.9675254792696251
C8p_QI122,1.0,-0.9675714666659587,6.669269844883835e-09,10,1.0,time_from_max,lin,lin:time_from_max,-0.9675714701793368
C8p_QI124,1.0,-0.9675263833614736,6.42885591794003e-09,10,1.0,time_from_max,lin,lin:time_from_max,-0.9675263790350073
C8p_QI126,1.0,-0.9675407301115229,3.3208696789359667e-09,10,1.0,time_from_max,lin,lin:time_from_max,-0.9675407302784151
C8p_QI128,1.0,-0.967543021014535,6.465533565388064e-09,10,1.0,time_from_max,lin,lin:time_from_max,-0.9675430253150807
C8p_QI135,1.0,-0.9675252240004966,2.3744612730400773e-08,10,1.0,time_from_max,lin,lin:time_from_max,-0.9675252272299986
C8p_QI137,1.0,-0.9675263373305825,8.669801789346278e-09,10,1.0,time_from_max,lin,lin:time_from_max,-0.9675263316794371
C8p_QI141,1.0,-0.9675251017972641,5.684632517586372e-09,10,1.0,time_from_max,lin,lin:time_from_max,-0.9675251022017619
C8p_QI143,1.0,-0.9675252655895292,1.1714159001435568e-08,10,1.0,time_from_max,lin,lin:time_from_max,-0.9675252545662261
C8p_QI145,1.0,-0.9675515914670996,6.025986208597547e-09,10,1.0,time_from_max,lin,lin:time_from_max,-0.9675515876301688
C8p_QI147,1.0,-0.9675493579350132,1.161430624379593e-08,10,1.0,time_from_max,lin,lin:time_from_max,-0.9675493582867603
C8p_QI148,1.0,-0.9675276049728154,9.527967690074481e-10,10,1.0,time_from_max,lin,lin:time_from_max,-0.9675276020761885
C8p_QI150,1.0,-0.9675250828313438,3.308749739229632e-09,10,1.0,time_from_max,lin,lin:time_from_max,-0.9675250754460194
C8p_QI152,1.0,-0.9675254715059509,1.3912811020323356e-08,10,1.0,time_from_max,lin,lin:time_from_max,-0.9675254651338037
C8p_QI154,1.0,-0.9675265465727989,9.433575436706016e-09,10,1.0,time_from_max,lin,lin:time_from_max,-0.9675265674814
C8p_QI156,1.0,-0.9675256717621323,7.548234521965634e-08,10,1.0,time_from_max,lin,lin:time_from_max,-0.9675256743353202
C8p_QI158,1.0,-0.9675268087830773,1.6153700789548233e-07,10,1.0,time_from_max,lin,lin:time_from_max,-0.9675267455509129
C8p_QI160,1.0,-0.9675257197663996,3.91168608190859e-08,10,1.0,time_from_max,lin,lin:time_from_max,-0.9675257274489013
C8p_QI162,1.0,-0.9675359597620172,7.79744763144667e-09,10,1.0,time_from_max,lin,lin:time_from_max,-0.9675359520888378
C8p_QI164,1.0,-0.9675484385979871,8.02015217554274e-09,10,1.0,time_from_max,lin,lin:time_from_max,-0.9675484296485592
C8p_QI166,1.0,-0.9675258593360923,1.4292732504134732e-08,10,1.0,time_from_max,lin,lin:time_from_max,-0.9675258360289263
C8p_QI168,0.08153846153846156,-0.9682583787607655,0.6041590426754342,60,1.0,time_from_max,lin,lin:time_from_max,-0.6245112936239821
C8p_QI171,0.5,-0.9675341717229458,6.635170805117933e-06,60,1.0,time_from_max,lin,lin:time_from_max,-0.9675333082964244
C8p_QI173,1.0,-0.967526133568299,4.828494944162613e-08,10,1.0,time_from_max,lin,lin:time_from_max,-0.9675261829029296
C8p_QI175,1.0,-0.9675518284946065,2.7878336295927294e-07,10,1.0,time_from_max,lin,lin:time_from_max,-0.9675519416164207
C8p_QI177,1.0,-0.9675615358887626,3.0618952051671956e-07,10,1.0,time_from_max,lin,lin:time_from_max,-0.9675618444025531
C8p_QI179,1.0,-0.9675308203150053,2.0658326614913987e-07,10,1.0,time_from_max,lin,lin:time_from_max,-0.9675309830977312
C8p_QI181,1.0,-0.9676866250269995,2.9254045867992678e-08,10,1.0,time_from_max,lin,lin:time_from_max,-0.967686679533017
C8p_QI183,1.0,-0.967526310686253,2.0985958471148518e-08,10,1.0,time_from_max,lin,lin:time_from_max,-0.9675263158478629
C8p_QI185,1.0,-0.9675297678350034,1.481935357219064e-08,10,1.0,time_from_max,lin,lin:time_from_max,-0.9675297718990805
C8p_QI186,1.0,-0.9675417775738424,8.353191484347066e-09,10,1.0,time_from_max,lin,lin:time_from_max,-0.9675417596936313
C8p_QI188,0.5,-0.9675269692579604,1.1216605283176725e-06,60,1.0,time_from_max,lin,lin:time_from_max,-0.9675261787633644
C8p_QI190,1.0,-0.9675436722109225,8.099185295283269e-07,60,1.0,time_from_max,lin,lin:time_from_max,-0.9675436654761143
C8p_QI192,1.0,-0.9676201652123382,4.0085362566678223e-07,10,1.0,time_from_max,lin,lin:time_from_max,-0.9676197184890043
C8p_QI194,1.0,-0.9677876350747283,3.4333760398304705e-07,10,1.0,time_from_max,lin,lin:time_from_max,-0.9677876687783282
C8p_QI196,1.0,-0.9675272559907171,4.068473473147433e-07,10,1.0,time_from_max,lin,lin:time_from_max,-0.9675278218569474
C8p_QI202,0.0065387544143858944,-0.9675909863033212,0.42171861062461635,60,0.40976194330151605,time_from_max,lin,lin:time_from_max,0.5200267186887686
C8p_QI204,1.0,-0.9675262111254597,8.146193903739338e-08,10,1.0,time_from_max,lin,lin:time_from_max,-0.9675261412326108
C8p_QI206,1.0,-0.967526215382577,5.1929863359851686e-08,10,1.0,time_from_max,lin,lin:time_from_max,-0.9675261606575987
C8p_QI208,0.020000000000000018,-0.9675387393208439,0.3569030247179228,60,1.0,time_from_max,lin,lin:time_from_max,-0.3837883129117472
HILn_QI2,1.0,-0.9675259995010492,2.954971985240582e-08,10,1.0,time_from_max,lin,lin:time_from_max,-0.967525974914679
HILn_TF1,0.5,-0.9686867670006905,0.0003909607993856744,60,1.0,time_from_max,lin,lin:time_from_max,-0.9687078432457383
HILn_QI3,1.0,-0.9675282258947391,1.7561015412568214e-08,10,1.0,time_from_max,lin,lin:time_from_max,-0.9675282123948818
HILn_QI5,1.0,-0.9675271744863494,6.862167824224702e-08,10,1.0,time_from_max,lin,lin:time_from_max,-0.9675272197673621
HILn_QI6,1.0,-0.967526106426476,9.866843829058038e-08,10,1.0,time_from_max,lin,lin:time_from_max,-0.9675259281398212
HILn_QI7,1.0,-0.9675256631080629,2.0846455919386627e-08,10,1.0,time_from_max,lin,lin:time_from_max,-0.967525614718852
HILn_QI9,8.59106529209619e-05,-0.9682159400513228,0.27116618714595003,60,0.016151202749140836,time_from_max,lin,lin:time_from_max,1.9762269586426555
HILn_QI10,1.0,-0.967527904309236,2.770974311288682e-08,10,1.0,time_from_max,lin,lin:time_from_max,-0.967527911754587
HILn_QI11,1.0,-0.9675283675874198,7.815110033510213e-09,10,1.0,time_from_max,lin,lin:time_from_max,-0.967528355191007
HILn_QI13,1.0,-0.9675259783125512,7.028312308883626e-08,10,1.0,time_from_max,lin,lin:time_from_max,-0.9675258567594938
HILn_QI14,1.0,-0.9675269475235382,4.727322751218229e-10,10,1.0,time_from_max,lin,lin:time_from_max,-0.9675269479248527
HILn_QI16,0.5,-0.9675275263002732,8.226102740192612e-06,60,1.0,time_from_max,lin,lin:time_from_max,-0.9675275708727895
HILn_QI17,1.0,-0.967527393713226,1.4508883218973044e-08,10,1.0,time_from_max,lin,lin:time_from_max,-0.9675273825623663
HILn_QI18,1.0,-0.9675302373643717,3.0098773956090617e-07,10,1.0,time_from_max,lin,lin:time_from_max,-0.9675302100022236
HILn_QI19,1.0,-0.9675259762725545,1.941149429617323e-08,10,1.0,time_from_max,lin,lin:time_from_max,-0.9675259885029845
HILn_QI20,1.0,-0.967525883557073,1.7380192308069925e-09,10,1.0,time_from_max,lin,lin:time_from_max,-0.967525885678242
HILn_QI22,1.0,-0.9675276016339467,6.9031918362783076e-09,10,1.0,time_from_max,lin,lin:time_from_max,-0.9675275774243346
HILn_QI23,1.0,-0.9675254274407052,2.3630826563937851e-07,10,1.0,time_from_max,lin,lin:time_from_max,-0.9675255375209417
HILn_QI24,1.0,-0.9675262735768229,3.710750131551458e-08,10,1.0,time_from_max,lin,lin:time_from_max,-0.9675262454948097
HILn_QI25,1.0,-0.9675260969411283,4.283299294135811e-08,10,1.0,time_from_max,lin,lin:time_from_max,-0.9675259420832845
HILn_TF2,1.0,-0.9675253312152563,4.1262364856990514e-08,10,1.0,time_from_max,lin,lin:time_from_max,-0.9675253240116035
HILn_TF3,1.0,-0.9675271515516215,2.610264715555516e-07,10,1.0,time_from_max,lin,lin:time_from_max,-0.9675267364987121
HILn_QI28,1.0,-0.9675261498452983,5.034948317582818e-09,10,1.0,time_from_max,lin,lin:time_from_max,-0.9675261563561435
HILn_TF4,0.5,-0.9675281265390367,1.4720643894137116e-06,60,1.0,time_from_max,lin,lin:time_from_max,-0.967525385594854
HILn_QI30,1.0,-0.9675255146009931,3.42661861611286e-07,10,1.0,time_from_max,lin,lin:time_from_max,-0.9675259742689377
HILn_QI31,1.0,-0.9675252861628678,6.865043830217672e-10,10,1.0,time_from_max,lin,lin:time_from_max,-0.9675252854397058
HILn_QI32,0.5,-0.9682089777109013,0.37715099868401475,60,1.0,time_from_max,lin,lin:time_from_max,-1.1181908868015853
HILn_QI33,1.0,-0.9676369148955928,4.180698949729569e-08,10,1.0,time_from_max,lin,lin:time_from_max,-0.967636967305225
HILn_QI36,1.0,-0.9675252704676041,3.569785449760748e-07,10,1.0,time_from_max,lin,lin:time_from_max,-0.9675250237314685
HILn_QI37,1.0,-0.9675256884138435,4.903535018254891e-08,10,1.0,time_from_max,lin,lin:time_from_max,-0.9675257497142411
HILn_QI38,1.0,-0.9675267361303668,3.120016336448673e-08,10,1.0,time_from_max,lin,lin:time_from_max,-0.9675267580023501
HILn_QI40,0.5,-0.9675673664369242,1.2653085317504486e-06,60,1.0,time_from_max,lin,lin:time_from_max,-0.9675663056914345
HILn_QI41,1.0,-0.9675249913134394,2.886983811600377e-10,10,1.0,time_from_max,lin,lin:time_from_max,-0.96752499072727
HILn_QI42,1.0,-0.9675532582657524,6.510236522552348e-09,10,1.0,time_from_max,lin,lin:time_from_max,-0.9675532568949166
HILn_TF5,0.5,-0.9675291899288823,1.1847950057141615e-06,60,1.0,time_from_max,lin,lin:time_from_max,-0.967529734011805
HILn_QI44,1.0,-0.9675261003226296,6.0828650278127625e-09,10,1.0,time_from_max,lin,lin:time_from_max,-0.967526088239083
HILn_TF7,1.0,-0.9675262763657884,3.637403526232359e-08,10,1.0,time_from_max,lin,lin:time_from_max,-0.9675262116697922
HILn_QI48,1.0,-0.9675565360505516,1.521223419070634e-07,10,1.0,time_from_max,lin,lin:time_from_max,-0.9675567409285577
HILn_QI49,1.0,-0.9675252765366622,2.166985443847812e-09,10,1.0,time_from_max,lin,lin:time_from_max,-0.9675252773517968
HILn_QI50,0.09384615384615391,-0.968361414402807,0.45452213595519647,60,1.0,time_from_max,lin,lin:time_from_max,-0.7695023965807195
HILn_QI51,1.0,-0.9684797236143368,4.873350513764811e-08,10,1.0,time_from_max,lin,lin:time_from_max,-0.9684797438599162
HILn_QI52,1.0,-0.9675252231481863,4.440596049445051e-08,10,1.0,time_from_max,lin,lin:time_from_max,-0.9675252246497621
HILn_QI53,1.0,-0.9675300979968142,3.5293420100362585e-07,10,1.0,time_from_max,lin,lin:time_from_max,-0.9675297081212193
HILn_QI54,1.0,-0.9675454341590921,4.567497737060568e-08,10,1.0,time_from_max,lin,lin:time_from_max,-0.9675454638745578
HILn_QI55,1.0,-0.9676879031990211,2.106188178709263e-08,10,1.0,time_from_max,lin,lin:time_from_max,-0.9676878565901461
HILn_QI57,1.0,-0.9675264148891074,3.606035590325644e-09,10,1.0,time_from_max,lin,lin:time_from_max,-0.9675264067382159
HILn_QI58,1.0,-0.9675262798111817,5.682308413886461e-08,10,1.0,time_from_max,lin,lin:time_from_max,-0.9675262726987057
HILn_QI59,1.0,-0.9675258748748092,4.563852687353289e-07,10,1.0,time_from_max,lin,lin:time_from_max,-0.967526010952497
HILn_QI61,1.0,-0.9675255465328974,3.389697366960481e-08,10,1.0,time_from_max,lin,lin:time_from_max,-0.9675255098595699
HILn_QI63,1.0,-0.9679903021728933,7.133335463706626e-08,10,1.0,time_from_max,lin,lin:time_from_max,-0.96799034826563
HILn_QI65,1.0,-0.9675258817728718,8.334431792446267e-09,10,1.0,time_from_max,lin,lin:time_from_max,-0.967525878656943
HILn_QI66,1.0,-0.9675254209978448,1.072961555649489e-08,10,1.0,time_from_max,lin,lin:time_from_max,-0.9675254228754966
HILn_QI67,1.0,-0.9675252192400876,5.683436258068378e-08,10,1.0,time_from_max,lin,lin:time_from_max,-0.9675251952044164
HILn_QI69,1.0,-0.9675279454481824,7.812965523946514e-09,10,1.0,time_from_max,lin,lin:time_from_max,-0.9675279481607504
HILn_QI71,1.0,-0.9675260831331798,1.475720178628242e-07,10,1.0,time_from_max,lin,lin:time_from_max,-0.9675261243160094
HILn_QI72,1.0,-0.9675268563269128,1.568898748990346e-08,10,1.0,time_from_max,lin,lin:time_from_max,-0.9675268644259631
HILn_QI73,1.0,-0.9675266650419871,8.23822565353667e-09,10,1.0,time_from_max,lin,lin:time_from_max,-0.9675266693629965
HILn_QI74,1.0,-0.9675268928724563,1.1472212305857703e-08,10,1.0,time_from_max,lin,lin:time_from_max,-0.9675268852538466
HILn_QI76,1.0,-0.9675254466953902,3.675764091017473e-08,10,1.0,time_from_max,lin,lin:time_from_max,-0.9675254271246558
HILn_QI77,1.0,-0.9675283594669963,1.391689183158714e-07,10,1.0,time_from_max,lin,lin:time_from_max,-0.9675284448480852
HILn_QI78,1.0,-0.967533054418027,4.052801724929765e-07,10,1.0,time_from_max,lin,lin:time_from_max,-0.9675334237690549
HILn_QI79,1.0,-0.9675353144116343,7.527323830785378e-07,10,1.0,time_from_max,lin,lin:time_from_max,-0.9675344413708444
HILn_QI81,1.0,-0.9675280719422972,4.59423809537722e-08,10,1.0,time_from_max,lin,lin:time_from_max,-0.9675280936908166
HILn_QI82,1.0,-0.9675252460019692,7.555929603286811e-07,10,1.0,time_from_max,lin,lin:time_from_max,-0.9675247764243977
HILn_QI84,1.0,-0.9683062480462468,3.455475374317432e-08,10,1.0,time_from_max,lin,lin:time_from_max,-0.9683062551994226
HILn_QI85,1.0,-0.9675258908719115,7.659880088514409e-09,10,1.0,time_from_max,lin,lin:time_from_max,-0.9675258952925105
HILn_QI86,1.0,-0.9675278734348467,3.239677885575143e-08,10,1.0,time_from_max,lin,lin:time_from_max,-0.9675279434163713
HILn_TF12,0.5,-0.9675257278254321,1.167163183290507e-06,60,1.0,time_from_max,lin,lin:time_from_max,-0.9675285220910155
HILn_QI90,1.0,-0.9675269784052034,4.4024245791768984e-08,10,1.0,time_from_max,lin,lin:time_from_max,-0.9675269868648684
HILn_QI91,1.0,-0.9676745620956808,3.247353006259913e-08,10,1.0,time_from_max,lin,lin:time_from_max,-0.9676745977981227
HILn_QI92,1.0,-0.967565012852674,4.1646797540927235e-09,10,1.0,time_from_max,lin,lin:time_from_max,-0.9675650096396566
HILn_QI93,1.0,-0.9675259578684745,1.7806601389936045e-08,10,1.0,time_from_max,lin,lin:time_from_max,-0.9675259413193089
HILn_TF13,0.5,-0.967529222381927,7.110618841800878e-06,60,1.0,time_from_max,lin,lin:time_from_max,-0.9675300184062507
HILn_QI95,0.5,-0.967525192723997,5.774955558226376e-06,60,1.0,time_from_max,lin,lin:time_from_max,-0.967531013340249
HILn_TF14,1.0,-0.9675251069063506,5.82969363726547e-09,10,1.0,time_from_max,lin,lin:time_from_max,-0.9675250962218342
HILn_QI97,1.0,-0.9675256244054253,3.92897711323581e-08,10,1.0,time_from_max,lin,lin:time_from_max,-0.9675255751790246
HILn_QI98,1.0,-0.9675258539562037,7.0702872773656554e-09,10,1.0,time_from_max,lin,lin:time_from_max,-0.9675258477550415
HILn_QI99,1.0,-0.9675495760341164,3.526040115585787e-07,10,1.0,time_from_max,lin,lin:time_from_max,-0.967549599301492
HILn_QI101,1.0,-0.9676542491072269,9.420059687795686e-08,10,1.0,time_from_max,lin,lin:time_from_max,-0.9676542174229326
HILn_QI28433,0.5,-0.9702119882076659,0.0007129177638278399,60,1.0,time_from_max,lin,lin:time_from_max,-0.9712670580279337
HILn_QI102,1.0,-0.9675282113689718,1.571800174696535e-08,10,1.0,time_from_max,lin,lin:time_from_max,-0.9675281962718145
HILn_QI103,1.0,-0.9675887066778159,2.9324885293882405e-08,10,1.0,time_from_max,lin,lin:time_from_max,-0.9675887176294964
HILn_QI105,1.0,-0.9676171267863083,1.1621347830191443e-08,10,1.0,time_from_max,lin,lin:time_from_max,-0.9676171121000152
HILn_QI106,0.5,-0.967529453672114,4.453762049811675e-06,60,1.0,time_from_max,lin,lin:time_from_max,-0.9675317371243182
HILn_QI107,1.0,-0.9675255163695056,5.032811529654095e-09,10,1.0,time_from_max,lin,lin:time_from_max,-0.9675255062707038
HILn_QI108,1.0,-0.9683791783409106,1.4194620447225404e-08,10,1.0,time_from_max,lin,lin:time_from_max,-0.9683791589745852
HILn_QI109,1.0,-0.9675259554433069,1.1133135251103074e-08,10,1.0,time_from_max,lin,lin:time_from_max,-0.9675259467094293
HILn_QI110,8.59106529209619e-05,-0.967791207899154,0.23544641919168344,60,0.016151202749140836,time_from_max,lin,lin:time_from_max,0.9347224579714748
HILn_QI111,1.0,-0.9675255462798305,2.3152600275895734e-08,10,1.0,time_from_max,lin,lin:time_from_max,-0.967525488508727
HILn_QI112,1.0,-0.9675294954388391,1.8068140599235774e-07,10,1.0,time_from_max,lin,lin:time_from_max,-0.9675291390476559
HILn_TF16,0.5,-0.9675269774706976,1.12417543409417e-06,60,1.0,time_from_max,lin,lin:time_from_max,-0.9675282716780202
HILn_QI114,1.0,-0.9675342553375685,1.1304921423189826e-07,10,1.0,time_from_max,lin,lin:time_from_max,-0.9675343014669124
HILn_TF17,1.0,-0.9675254574783594,2.0885560080288355e-08,10,1.0,time_from_max,lin,lin:time_from_max,-0.9675254923708962
HILn_QI116,1.0,-0.9675309866852331,1.5976654505572325e-07,10,1.0,time_from_max,lin,lin:time_from_max,-0.9675308861542362
HILn_QI119,1.0,-0.9675253032887667,1.3448349124913568e-08,10,1.0,time_from_max,lin,lin:time_from_max,-0.967525300460693
HILn_QI120,1.0,-0.9675273399955131,6.399511598229083e-08,10,1.0,time_from_max,lin,lin:time_from_max,-0.9675273645975722
HILn_QI121,0.5,-0.967528844225626,5.136124897671301e-05,60,1.0,time_from_max,lin,lin:time_from_max,-0.967526868695586
HILn_QI123,1.0,-0.9675689775938281,5.868569354576862e-08,10,1.0,time_from_max,lin,lin:time_from_max,-0.9675689626214989
HILn_QI124,1.0,-0.9677631285721873,1.1943625230686865e-07,10,1.0,time_from_max,lin,lin:time_from_max,-0.9677631620656939
HILn_QI126,1.0,-0.9675250750792657,1.4512423769396402e-07,10,1.0,time_from_max,lin,lin:time_from_max,-0.9675251981402653
HILn_TF18,0.5,-0.9675316055800067,4.54898656702502e-05,60,1.0,time_from_max,lin,lin:time_from_max,-0.9675371032817566
HILn_QI128,0.5,-0.9675268679318378,4.0579500559059785e-06,60,1.0,time_from_max,lin,lin:time_from_max,-0.9675296018886002
HILn_QI22769,1.0,-0.9677030182026556,5.440490366937852e-07,10,1.0,time_from_max,lin,lin:time_from_max,-0.9677017934072865
HILn_QI130,1.0,-0.9675287156719605,2.2175018989821315e-07,10,1.0,time_from_max,lin,lin:time_from_max,-0.9675281085601455
HILn_TF19,1.0,-0.9675253214661552,2.3992426904360224e-08,10,1.0,time_from_max,lin,lin:time_from_max,-0.9675253015543603
HILn_QI132,1.0,-0.9675263595456727,5.41605756786735e-08,10,1.0,time_from_max,lin,lin:time_from_max,-0.9675262871260202
HILp_QI715,1.0,-0.9675263329818335,3.323036507213137e-08,10,1.0,time_from_max,lin,lin:time_from_max,-0.9675263053436538
HILp_QI19549,0.5,-0.9683157267224942,0.41079282015689544,60,1.0,time_from_max,lin,lin:time_from_max,-1.6375717558371434
HILp_TF11,1.0,-0.9675282938028431,2.951719471853054e-07,10,1.0,time_from_max,lin,lin:time_from_max,-0.9675281194768104
HILp_QI3107,1.0,-0.9675408719242569,1.1370992722102245e-08,10,1.0,time_from_max,lin,lin:time_from_max,-0.967540844063933
HILp_QI1303,1.0,-0.9675274271426133,4.6412615942933517e-07,10,1.0,time_from_max,lin,lin:time_from_max,-0.967526721586637
HILp_QI7107,1.0,-0.9675267207949219,6.586228460908188e-08,10,1.0,time_from_max,lin,lin:time_from_max,-0.9675266687654585
HILp_QI4902,0.5,-0.9675269221002054,1.4411389484053566e-06,60,1.0,time_from_max,lin,lin:time_from_max,-0.9675282721873373
HILp_QI29,1.0,-0.9675260795165741,7.067212855660989e-09,10,1.0,time_from_max,lin,lin:time_from_max,-0.9675260795934264
HILp_QI168,1.0,-0.9675255692013707,2.571741841215481e-08,10,1.0,time_from_max,lin,lin:time_from_max,-0.9675255149663826
HILp_QI352,1.0,-0.9675257263313597,2.327349594793183e-09,10,1.0,time_from_max,lin,lin:time_from_max,-0.9675257222343134
HILp_QI1890,1.0,-0.9675267177224214,7.710656399915978e-08,10,1.0,time_from_max,lin,lin:time_from_max,-0.9675267911234187
HILp_TF38,1.0,-0.9675251552948794,6.947360758914528e-07,60,1.0,time_from_max,lin,lin:time_from_max,-0.967526505591195
HILp_QI1810,1.0,-0.9675258900283552,3.6828460320903744e-08,10,1.0,time_from_max,lin,lin:time_from_max,-0.9675259105392797
HILp_QI1788,1.0,-0.9675279124337521,1.692421115948006e-08,10,1.0,time_from_max,lin,lin:time_from_max,-0.9675279583962038
HILp_QI2162,1.0,-0.9675589076468896,1.1865124002939352e-08,10,1.0,time_from_max,lin,lin:time_from_max,-0.9675589200987815
HILp_QI2979,1.0,-0.967525660514184,2.827075895146456e-07,10,1.0,time_from_max,lin,lin:time_from_max,-0.9675255037841453
HILp_QI1794,1.0,-0.9675285550208628,3.416102411284295e-08,10,1.0,time_from_max,lin,lin:time_from_max,-0.9675286053789023
HILp_TF58,1.0,-0.9676548313941566,1.1362160164558623e-07,10,1.0,time_from_max,lin,lin:time_from_max,-0.9676547521276007
HILp_TF54,0.5,-0.9680413780229173,8.270131911496405e-05,60,1.0,time_from_max,lin,lin:time_from_max,-0.968240106383746
HILp_TF53,0.5,-0.9676301511663041,3.9230452175515125e-05,60,1.0,time_from_max,lin,lin:time_from_max,-0.9676356855252379
HILp_TF55,1.0,-0.967792469512915,5.380169533122204e-07,10,1.0,time_from_max,lin,lin:time_from_max,-0.9677924431180145
HILp_TF57,1.0,-0.9675240661717908,9.094170448482789e-07,60,1.0,time_from_max,lin,lin:time_from_max,-0.9675241369486685
HILp_TF56,0.5,-0.9675690451767878,1.7747796765819983e-05,60,1.0,time_from_max,lin,lin:time_from_max,-0.9676117856688506
HILp_QI578,0.5,-0.9675301059264712,4.1358472637859554e-05,60,1.0,time_from_max,lin,lin:time_from_max,-0.9675260114131561
HILp_QI1106,1.0,-0.9675261743086594,9.441339962103269e-09,10,1.0,time_from_max,lin,lin:time_from_max,-0.9675261707989193
HILp_QI1169,1.0,-0.9675280635826766,2.757778113865397e-09,10,1.0,time_from_max,lin,lin:time_from_max,-0.9675280603087231
HILp_QI3009,1.0,-0.9675296315590458,4.38492644117869e-08,10,1.0,time_from_max,lin,lin:time_from_max,-0.9675296976261052
HILp_QI868,1.0,-0.9675491547961883,5.837825151721571e-07,10,1.0,time_from_max,lin,lin:time_from_max,-0.9675493622171416
HILp_QI4915,1.0,-0.9675268347377823,9.938417922275288e-09,10,1.0,time_from_max,lin,lin:time_from_max,-0.9675268304354177
HILp_QI3039,1.0,-0.9675255194410965,3.4134863394981204e-09,10,1.0,time_from_max,lin,lin:time_from_max,-0.9675255178913176
HILp_QI322,1.0,-0.9675265292705717,8.014201729275205e-09,10,1.0,time_from_max,lin,lin:time_from_max,-0.967526524141249
HILp_TF48,0.5,-0.9682763470732425,0.00014916217111576028,60,1.0,time_from_max,lin,lin:time_from_max,-0.9682811670518277
HILp_QI3588,1.0,-0.9675259478692624,1.665497219357979e-08,10,1.0,time_from_max,lin,lin:time_from_max,-0.967525978460344
HILp_TF28,0.5,-0.9675306390677179,1.5646893488650832e-05,60,1.0,time_from_max,lin,lin:time_from_max,-0.9675283827409658
HILp_QI3608,0.5,-0.9675875404734597,0.5447715392320227,60,1.0,time_from_max,lin,lin:time_from_max,-1.7414080578000721
HILp_QI892,1.0,-0.9675258978159036,1.7303270473387176e-08,10,1.0,time_from_max,lin,lin:time_from_max,-0.967525892339836
HILp_QI484,1.0,-0.9675264332086044,2.0018699781778975e-07,10,1.0,time_from_max,lin,lin:time_from_max,-0.9675264768352463
HILp_QI1144,1.0,-0.9675259852645013,7.997040400033569e-09,10,1.0,time_from_max,lin,lin:time_from_max,-0.9675259776067833
HILp_QI755,1.0,-0.9675603218283868,2.284226224541967e-07,10,1.0,time_from_max,lin,lin:time_from_max,-0.9675601631929567
HILp_QI615,0.5,-0.9695293788743129,0.0005740388195855234,60,1.0,time_from_max,lin,lin:time_from_max,-0.9699528486107738
HILp_QI331,1.0,-0.9678885113407887,4.0695890986455806e-07,10,1.0,time_from_max,lin,lin:time_from_max,-0.967888334266263
HILp_QI6656,1.0,-0.9675264080872239,1.2663297690678065e-07,10,1.0,time_from_max,lin,lin:time_from_max,-0.9675264445659195
HILp_QI1757,1.0,-0.967533733649816,1.4692319465371278e-07,10,1.0,time_from_max,lin,lin:time_from_max,-0.9675340702419817
HILp_TF51,0.5,-0.9675247771615432,1.5004342465499084e-05,60,1.0,time_from_max,lin,lin:time_from_max,-0.9675576526442455
HILp_QI1110,1.0,-0.9675331593894043,9.150472519344777e-07,10,1.0,time_from_max,lin,lin:time_from_max,-0.9675335852239186
HILp_QI522,1.0,-0.9675391362595747,4.0090704724327324e-08,10,1.0,time_from_max,lin,lin:time_from_max,-0.9675390721472468
HILp_QI30,1.0,-0.9675609511903076,2.5952329139942375e-09,10,1.0,time_from_max,lin,lin:time_from_max,-0.9675609500527571
HILp_QI7060,0.5,-0.9675751520817357,1.6707279997923089e-06,60,1.0,time_from_max,lin,lin:time_from_max,-0.9675763370360073
HILp_QI473,1.0,-0.9675266995388938,1.6752196003314416e-08,10,1.0,time_from_max,lin,lin:time_from_max,-0.9675267309162336
HILp_TF9,0.5,-0.967525291009224,1.6021633230159614e-05,60,1.0,time_from_max,lin,lin:time_from_max,-0.9675525163929706
HILp_TF14,1.0,-0.9675325701721249,9.478295072964425e-07,60,1.0,time_from_max,lin,lin:time_from_max,-0.9675343192852779
HILp_QI3040,1.0,-0.9675269697642079,1.1611067275448597e-09,10,1.0,time_from_max,lin,lin:time_from_max,-0.9675269677804863
HILp_QI1037,1.0,-0.9675263403998997,1.7352031509823347e-07,10,1.0,time_from_max,lin,lin:time_from_max,-0.9675260633230209
HILp_TF34,1.0,-0.9675966628713013,3.429814590345083e-07,10,1.0,time_from_max,lin,lin:time_from_max,-0.9675967096641216
HILp_QI1320,0.5,-0.967580343206464,0.37978811762475656,60,1.0,time_from_max,lin,lin:time_from_max,-1.4522099786750005
HILp_QI1759,1.0,-0.9679663843203343,1.857790204494651e-08,10,1.0,time_from_max,lin,lin:time_from_max,-0.9679663940987666
HILp_QI163,1.0,-0.9675456627239782,3.552572947008564e-08,10,1.0,time_from_max,lin,lin:time_from_max,-0.9675456512468372
HILp_QI2598,1.0,-0.9675294139610742,2.553668434743245e-08,10,1.0,time_from_max,lin,lin:time_from_max,-0.9675294091011892
HILp_TF37,1.0,-0.9675248540324901,7.386977499776155e-07,10,1.0,time_from_max,lin,lin:time_from_max,-0.9675248550015567
HILp_QI5874,1.0,-0.9675250768978003,2.0126577626850627e-08,10,1.0,time_from_max,lin,lin:time_from_max,-0.9675250701538971
HILp_QI2466,1.0,-0.9675269741132979,4.996120090260896e-07,10,1.0,time_from_max,lin,lin:time_from_max,-0.967526711368464
HILp_QI4241,1.0,-0.9675296121017709,9.19768065777343e-08,10,1.0,time_from_max,lin,lin:time_from_max,-0.967529509473934
HILp_QI4845,1.0,-0.9675303587021062,1.088194645359395e-08,10,1.0,time_from_max,lin,lin:time_from_max,-0.9675303500011978
HILp_QI6844,1.0,-0.9675283305850826,1.0171442329549796e-08,10,1.0,time_from_max,lin,lin:time_from_max,-0.9675283454262171
HILp_QI6120,1.0,-0.9675252559045475,1.0031305323367695e-08,10,1.0,time_from_max,lin,lin:time_from_max,-0.9675252609945346
HILp_QI8757,1.0,-0.9675249464878561,3.9704812541502204e-08,10,1.0,time_from_max,lin,lin:time_from_max,-0.9675249667579919
HILp_QI9350,1.0,-0.9675252669455858,1.6192653334481413e-08,10,1.0,time_from_max,lin,lin:time_from_max,-0.9675252608278697
HILp_QI9164,1.0,-0.9675250804057214,4.2427441577185097e-08,10,1.0,time_from_max,lin,lin:time_from_max,-0.9675250265913746
HILp_QI10330,1.0,-0.9675278357374282,3.326624085960557e-08,10,1.0,time_from_max,lin,lin:time_from_max,-0.96752783506372
HILp_QI11212,1.0,-0.9675278696117857,2.6922196564069753e-08,10,1.0,time_from_max,lin,lin:time_from_max,-0.9675278763570532
HILp_QI11143,1.0,-0.9675262260152522,4.140396729704627e-08,10,1.0,time_from_max,lin,lin:time_from_max,-0.9675262426876543
HILp_QI11066,1.0,-0.9675257166099982,2.4380902321492927e-08,10,1.0,time_from_max,lin,lin:time_from_max,-0.9675257476151273
HILp_QI11887,1.0,-0.9675253942434665,1.462011785990209e-07,10,1.0,time_from_max,lin,lin:time_from_max,-0.967525420311631
HILp_TF24,1.0,-0.9675248478579306,1.456974341011039e-07,10,1.0,time_from_max,lin,lin:time_from_max,-0.9675248109801942
HILp_QI12539,1.0,-0.9675256795424048,9.280956525489248e-08,10,1.0,time_from_max,lin,lin:time_from_max,-0.9675255964143616
HILp_QI12494,1.0,-0.9675306339509007,2.2741593213014986e-07,10,1.0,time_from_max,lin,lin:time_from_max,-0.9675302055134125
HILp_TF23,1.0,-0.967524803163542,1.6094579570735315e-07,10,1.0,time_from_max,lin,lin:time_from_max,-0.9675248027861016
HILp_QI12459,1.0,-0.9675270432826437,5.96726295424397e-08,10,1.0,time_from_max,lin,lin:time_from_max,-0.9675269874442165
HILp_QI13219,1.0,-0.9675258287418274,4.237221158486375e-08,10,1.0,time_from_max,lin,lin:time_from_max,-0.9675258524925994
HILp_QI13031,1.0,-0.9675326866586147,9.605524512198626e-07,60,1.0,time_from_max,lin,lin:time_from_max,-0.9675326820383816
HILp_QI2602,1.0,-0.967526781258357,2.9136534608558684e-08,10,1.0,time_from_max,lin,lin:time_from_max,-0.9675267745978999
HILp_QI8513,1.0,-0.967525268554482,2.589972384759611e-09,10,1.0,time_from_max,lin,lin:time_from_max,-0.9675252664446816
HILp_QI10472,1.0,-0.9676869968188839,7.259513419801145e-09,10,1.0,time_from_max,lin,lin:time_from_max,-0.9676869979080038
HILp_QI1756,1.0,-0.9675260264721146,1.5358712665785525e-09,10,1.0,time_from_max,lin,lin:time_from_max,-0.9675260241265278
HILp_QI7751,1.0,-0.9675255652855412,1.1184223146835376e-08,10,1.0,time_from_max,lin,lin:time_from_max,-0.9675255498800652
HILp_QI2793,1.0,-0.9675252965917025,4.770799190114882e-08,10,1.0,time_from_max,lin,lin:time_from_max,-0.9675253009354492
HILp_QI2638,1.0,-0.9675303512601658,1.5347110900945446e-07,10,1.0,time_from_max,lin,lin:time_from_max,-0.9675301109368775
HILp_TF8,1.0,-0.9675505742620771,3.955467978863678e-07,10,1.0,time_from_max,lin,lin:time_from_max,-0.967551070427362
HILp_QI418,1.0,-0.9675311328164753,1.4016737617692222e-08,10,1.0,time_from_max,lin,lin:time_from_max,-0.9675311633482124
HILp_QI1750,1.0,-0.9675281414763504,5.4982623082926344e-08,10,1.0,time_from_max,lin,lin:time_from_max,-0.9675281487793654
HILp_QI1929,1.0,-0.9675255719844245,4.345419011188417e-09,10,1.0,time_from_max,lin,lin:time_from_max,-0.9675255696356544
HILp_QI3985,1.0,-0.967526474075612,1.8899599030470784e-08,10,1.0,time_from_max,lin,lin:time_from_max,-0.9675264614738808
HILp_QI2601,1.0,-0.9675556046686324,6.663483659728068e-07,10,1.0,time_from_max,lin,lin:time_from_max,-0.9675555906055706
HILp_TF4,1.0,-0.9675250194600267,1.206025287317119e-07,10,1.0,time_from_max,lin,lin:time_from_max,-0.9675249037109097
HILp_QI7860,1.0,-0.967526619997443,7.760193661796389e-08,10,1.0,time_from_max,lin,lin:time_from_max,-0.9675266035651475
HILp_QI1989,1.0,-0.9675659797383105,2.4939251556933956e-08,10,1.0,time_from_max,lin,lin:time_from_max,-0.9675659723575336
HILp_QI4966,0.5,-0.9675267805009753,4.8379074610934664e-06,60,1.0,time_from_max,lin,lin:time_from_max,-0.9675256701880244
HILp_TF45,0.5,-0.9675849337418185,1.998901994902405e-05,60,1.0,time_from_max,lin,lin:time_from_max,-0.9676516014242225
HILp_QI1127,1.0,-0.9675779471047008,2.5816634248523347e-07,10,1.0,time_from_max,lin,lin:time_from_max,-0.9675774866745996
HILp_QI7038,1.0,-0.9675720408656616,7.308563362507787e-08,10,1.0,time_from_max,lin,lin:time_from_max,-0.9675720860086585
HILp_TF26,1.0,-0.9675251241876595,1.85122673760126e-07,10,1.0,time_from_max,lin,lin:time_from_max,-0.9675247851782842
HILp_QI19408,1.0,-0.9675276890802706,1.4551940503945576e-07,10,1.0,time_from_max,lin,lin:time_from_max,-0.9675273455159186
HILp_TF5,0.5,-0.9675248203477622,1.1572607401872896e-06,60,1.0,time_from_max,lin,lin:time_from_max,-0.9675248391608875
HILp_TF46,0.5,-0.9689538461866505,0.000265799285822468,60,1.0,time_from_max,lin,lin:time_from_max,-0.9690249752738964
HILp_QI3770,1.0,-0.9675300146284371,4.4189577665093706e-08,10,1.0,time_from_max,lin,lin:time_from_max,-0.9675300400240303
HILp_QI10949,1.0,-0.9675309973638377,6.430112346823223e-09,10,1.0,time_from_max,lin,lin:time_from_max,-0.9675309960675804
HILp_TF36,0.5,-0.9675383593939841,1.0675896318492435e-05,60,1.0,time_from_max,lin,lin:time_from_max,-0.9675419321038135
HILp_QI8054,1.0,-0.967527749749479,3.883400645397895e-07,10,1.0,time_from_max,lin,lin:time_from_max,-0.9675277371370612
HILp_TF43,0.5,-0.9675261773227248,1.0949094680953337e-06,60,1.0,time_from_max,lin,lin:time_from_max,-0.9675260371095646
HILp_QI2874,0.5,-0.9707390374114766,1.7871711123434831e-06,60,1.0,time_from_max,lin,lin:time_from_max,-0.9707334515383081
HILp_TF44,0.5,-0.9675832648852065,0.3883118796361971,60,1.0,time_from_max,lin,lin:time_from_max,-1.398907616109227
HILp_TF47,0.5,-0.967559166821502,1.561143625318687e-06,60,1.0,time_from_max,lin,lin:time_from_max,-0.9675616567328689
HILp_QI3629,1.0,-0.9675250837708518,3.901302681195988e-09,10,1.0,time_from_max,lin,lin:time_from_max,-0.9675250891305041
HILp_QI3716,1.0,-0.9675271195762889,3.101751806906121e-09,10,1.0,time_from_max,lin,lin:time_from_max,-0.9675271228543352
HILp_QI1508,1.0,-0.9675285721937144,7.891498280418943e-07,10,1.0,time_from_max,lin,lin:time_from_max,-0.9675286414380935
HILp_TF40,0.5,-0.9675308151558966,2.2597123422867864e-05,60,1.0,time_from_max,lin,lin:time_from_max,-0.9675258401939573
HILp_QI9633,1.0,-0.9675336685718321,8.520409629727946e-07,10,1.0,time_from_max,lin,lin:time_from_max,-0.9675331617277152
HILp_TF20,0.5,-0.9675245981193257,2.1845106841124566e-05,60,1.0,time_from_max,lin,lin:time_from_max,-0.9675285772582356
HILp_QI1048,1.0,-0.9675581642609359,8.243769875643548e-09,10,1.0,time_from_max,lin,lin:time_from_max,-0.9675581668097948
HILp_TF42,1.0,-0.9675557791401843,8.727897620376447e-08,10,1.0,time_from_max,lin,lin:time_from_max,-0.9675556896390844
HILp_QI2850,1.0,-0.9677635495295362,3.6023738310971882e-09,10,1.0,time_from_max,lin,lin:time_from_max,-0.9677635521088632
HILp_TF50,0.5,-0.9675414949501828,2.5397121120701963e-05,60,1.0,time_from_max,lin,lin:time_from_max,-0.9675598867652297
HILp_QI3549,0.5,-0.9675291299718083,1.068075708708698e-06,60,1.0,time_from_max,lin,lin:time_from_max,-0.9675310875973082
HILp_TF52,1.0,-0.9675247408165433,3.835906231551899e-08,60,1.0,time_from_max,lin,lin:time_from_max,-0.9675247340596798
HILp_QI2014,1.0,-0.9675278486020034,4.36492962432488e-08,10,1.0,time_from_max,lin,lin:time_from_max,-0.9675278051881833
HILp_QI9142,1.0,-0.9675255964414191,1.0752677306407664e-08,10,1.0,time_from_max,lin,lin:time_from_max,-0.9675255978831956
HILp_TF41,1.0,-0.9675241303084476,3.936996851090406e-07,10,1.0,time_from_max,lin,lin:time_from_max,-0.9675251484031833
HILp_QI1105,1.0,-0.9675248846365321,1.1604084380689744e-09,10,1.0,time_from_max,lin,lin:time_from_max,-0.9675248848393494
HILp_QI2994,1.0,-0.9675248989829015,4.850667210035677e-10,10,1.0,time_from_max,lin,lin:time_from_max,-0.9675248989965439
HILp_TF22,1.0,-0.9675260944950423,2.0228011076166975e-07,10,1.0,time_from_max,lin,lin:time_from_max,-0.9675256828932106
HILp_TF27,0.5,-0.9675263864519366,3.4187798622001363e-06,60,1.0,time_from_max,lin,lin:time_from_max,-0.9675263443041331
HILp_QI3939,0.5,-0.9675426847329618,7.174350789540717e-06,60,1.0,time_from_max,lin,lin:time_from_max,-0.9675300961812354
HILp_QI2965,1.0,-0.9675250612142463,8.065106406571539e-09,10,1.0,time_from_max,lin,lin:time_from_max,-0.9675250508971658
HILp_QI1093,1.0,-0.9675248382468453,5.943673643886516e-07,10,1.0,time_from_max,lin,lin:time_from_max,-0.9675265159194169
HILp_QI4793,1.0,-0.9675287567340547,8.184519231119641e-08,10,1.0,time_from_max,lin,lin:time_from_max,-0.9675286795722968
HILp_QI2981,1.0,-0.9675267064267246,7.120054040953985e-08,10,1.0,time_from_max,lin,lin:time_from_max,-0.9675267698257812
HILp_QI3593,1.0,-0.9675527256949863,5.998323539410107e-07,10,1.0,time_from_max,lin,lin:time_from_max,-0.9675536337099402
HILp_QI1038,0.5,-0.9675294954377023,1.7477871003968314e-05,60,1.0,time_from_max,lin,lin:time_from_max,-0.9675286407123167
HILp_TF13,1.0,-0.9675456848740396,1.753090733889479e-08,10,1.0,time_from_max,lin,lin:time_from_max,-0.9675456806953662
HILp_QI7976,0.5,-0.9675312128597398,1.0633209498719619e-06,60,1.0,time_from_max,lin,lin:time_from_max,-0.9675308456580751
HILp_QI1646,1.0,-0.9675836288245137,3.560687951990648e-07,10,1.0,time_from_max,lin,lin:time_from_max,-0.9675833160399634
HILp_TF7,0.5,-0.9675287892091546,2.0269713091187505e-06,60,1.0,time_from_max,lin,lin:time_from_max,-0.9675296685909416
HILp_TF15,0.5,-0.967530377732146,2.350741222369623e-06,60,1.0,time_from_max,lin,lin:time_from_max,-0.9675297475259867
HILp_QI9662,1.0,-0.9675255363110864,9.96793969197529e-10,10,1.0,time_from_max,lin,lin:time_from_max,-0.967525534708102
HILp_TF49,1.0,-0.9675249520098532,7.760565947614147e-08,10,1.0,time_from_max,lin,lin:time_from_max,-0.9675249183355845
HILp_QI1968,0.005685951554023516,-0.9677324596157177,0.3793779075407225,60,0.40976194330151605,time_from_max,lin,lin:time_from_max,0.43884324684177045
HILp_QI8763,1.0,-0.9675275001432055,6.9373641233812e-07,10,1.0,time_from_max,lin,lin:time_from_max,-0.967526864870706
HILp_QI8646,0.5,-0.9675407519175678,2.6583930856524996e-06,60,1.0,time_from_max,lin,lin:time_from_max,-0.967542845922253
HILp_QI1363,1.0,-0.9675319341863542,8.064229362283182e-08,10,1.0,time_from_max,lin,lin:time_from_max,-0.9675319177117672
HILp_QI20478,0.5,-0.9676304833901668,2.413898372373809e-06,60,1.0,time_from_max,lin,lin:time_from_max,-0.9676309718706761
HILp_QI13472,1.0,-0.9675265797598058,1.953786401642373e-08,10,1.0,time_from_max,lin,lin:time_from_max,-0.9675265988184947
HILp_QI14033,1.0,-0.967525791531898,4.107182915527372e-08,10,1.0,time_from_max,lin,lin:time_from_max,-0.9675258271549865
HILp_TF30,1.0,-0.9675609382070434,6.293556285620506e-08,10,1.0,time_from_max,lin,lin:time_from_max,-0.9675609722698937
HILp_TF32,1.0,-0.96753701055286,2.803895695499468e-07,10,1.0,time_from_max,lin,lin:time_from_max,-0.9675368823500321
HILp_TF29,0.5,-0.967524801181753,2.706764821541294e-06,60,1.0,time_from_max,lin,lin:time_from_max,-0.9675247944269358
HILp_QI15155,1.0,-0.9675262704927263,8.24523494440716e-07,10,1.0,time_from_max,lin,lin:time_from_max,-0.9675259985324374
HILp_QI15372,1.0,-0.9675306611579799,6.231630924063589e-07,10,1.0,time_from_max,lin,lin:time_from_max,-0.9675308093583226
HILp_QI16955,1.0,-0.9675260191806956,1.8543609174216683e-08,10,1.0,time_from_max,lin,lin:time_from_max,-0.9675260274257198
HILp_QI13719,1.0,-0.9675265999885596,7.437669162883315e-08,10,1.0,time_from_max,lin,lin:time_from_max,-0.9675267088587134
HILp_QI14421,0.5,-0.9680823290652825,0.36648352834119546,60,1.0,time_from_max,lin,lin:time_from_max,-1.9419964799440095
HILp_QI13155,1.0,-0.9675272472654797,9.685911916169467e-07,60,1.0,time_from_max,lin,lin:time_from_max,-0.9675269999188458
HILp_TF17,0.5,-0.9675424326455868,7.3308305792631725e-06,60,1.0,time_from_max,lin,lin:time_from_max,-0.9675415967258232
HILp_TF35,1.0,-0.9675279210794088,1.5811965889719248e-07,10,1.0,time_from_max,lin,lin:time_from_max,-0.9675277454452953
HILp_TF19,0.5,-0.9675269972822207,1.0031375752747822e-06,60,1.0,time_from_max,lin,lin:time_from_max,-0.9675277915976039
HILp_QI25304,1.0,-0.9675274013659418,1.3889294742296169e-08,10,1.0,time_from_max,lin,lin:time_from_max,-0.9675274013034141
HILp_TF2,0.5,-0.9675256750306289,1.532185314904118e-06,60,1.0,time_from_max,lin,lin:time_from_max,-0.9675301817533182
HILp_TF3,0.5,-0.967530983728011,2.051411720948336e-06,60,1.0,time_from_max,lin,lin:time_from_max,-0.9675321850982073
HILp_TF12,0.5,-0.9675246931501533,1.5792008364090433e-05,60,1.0,time_from_max,lin,lin:time_from_max,-0.967524650375708
HILp_QI23736,1.0,-0.9675249381532467,1.2297752789890395e-08,10,1.0,time_from_max,lin,lin:time_from_max,-0.9675249194060598
HILp_QI24373,1.0,-0.967542554960346,1.9883344559850159e-07,10,1.0,time_from_max,lin,lin:time_from_max,-0.9675420458429471
C18n_QI06,0.5,-4.8061582387633734,0.26300743014538375,60,1.0,time_from_max,squared_exponential,squared_exponential:time_from_max,-5.950747233448965
C18n_QI07,1.0,-4.8044547130100455,1.9012104280306318e-07,10,1.0,time_from_max,squared_exponential,squared_exponential:time_from_max,-4.804454702402381
C18n_QI08,1.0,-4.8044554497382705,4.6130871700724324e-10,10,1.0,time_from_max,squared_exponential,squared_exponential:time_from_max,-4.804455449797388
C18n_QI10,1.0,-4.80445447209604,2.1025835609296292e-08,10,1.0,time_from_max,squared_exponential,squared_exponential:time_from_max,-4.804454503886063
C18n_QI11,0.5,-4.804453688583408,3.069203832009183e-05,60,1.0,time_from_max,squared_exponential,squared_exponential:time_from_max,-4.80446560848759
C18n_TF1,1.0,-4.8044522062407395,3.2222145648819143e-08,10,1.0,time_from_max,squared_exponential,squared_exponential:time_from_max,-4.8044521388419525
C18n_QI12,0.5,-4.805033411568502,0.584570069302046,60,1.0,time_from_max,squared_exponential,squared_exponential:time_from_max,-5.486801634800486
C18n_QI13,1.0,-4.804455945101836,1.9805636416979926e-08,10,1.0,time_from_max,squared_exponential,squared_exponential:time_from_max,-4.804455958457311
C18n_QI14,1.0,-4.8044660552486675,2.91680589809868e-09,10,1.0,time_from_max,squared_exponential,squared_exponential:time_from_max,-4.8044660509199275
C18n_TF2,1.0,-4.804454290121157,3.6353042816307e-08,10,1.0,time_from_max,squared_exponential,squared_exponential:time_from_max,-4.804454138735764
C18n_QI15,1.0,-4.804457836228494,1.8158618241710377e-07,10,1.0,time_from_max,squared_exponential,squared_exponential:time_from_max,-4.804457976338654
C18n_QI16,1.0,-4.804455006257513,1.1105976480778445e-08,10,1.0,time_from_max,squared_exponential,squared_exponential:time_from_max,-4.804454990965041
C18n_QI17,1.0,-4.80445314341614,4.757647792465098e-09,10,1.0,time_from_max,squared_exponential,squared_exponential:time_from_max,-4.804453148004541
C18n_QI18,1.0,-4.804453741101497,3.313662997663976e-07,10,1.0,time_from_max,squared_exponential,squared_exponential:time_from_max,-4.804453452374673
C18n_TF3,1.0,-4.80447950541884,1.572115136832497e-07,10,1.0,time_from_max,squared_exponential,squared_exponential:time_from_max,-4.804479374471157
C18n_TF4,0.03230769230769237,-4.805460329443122,0.5050929474428623,60,1.0,time_from_max,squared_exponential,squared_exponential:time_from_max,-3.764401022450329
C18n_QI19,1.0,-4.804456712499132,6.87214677860847e-09,10,1.0,time_from_max,squared_exponential,squared_exponential:time_from_max,-4.804456705052871
C18n_QI20,1.0,-4.804453286319131,8.941458007485043e-07,10,1.0,time_from_max,squared_exponential,squared_exponential:time_from_max,-4.804453188248317
C18n_QI21,0.5,-4.805493429441867,0.4609590427130859,60,1.0,time_from_max,squared_exponential,squared_exponential:time_from_max,-4.895863810882474
C18n_QI22,1.0,-4.804453108697544,2.329784348354847e-09,10,1.0,time_from_max,squared_exponential,squared_exponential:time_from_max,-4.804453103247397
C18n_QI23,1.0,-4.804453279351492,7.661746965804514e-08,10,1.0,time_from_max,squared_exponential,squared_exponential:time_from_max,-4.80445309320794
C18n_QI25,1.0,-4.804451566867328,4.149633835745102e-07,10,1.0,time_from_max,squared_exponential,squared_exponential:time_from_max,-4.804451543356663
C18n_QI26,1.0,-4.804452887543448,8.614590618646912e-07,60,1.0,time_from_max,squared_exponential,squared_exponential:time_from_max,-4.804452489627693
C18n_QI27,1.0,-4.804451589897781,2.7067650115647912e-08,10,1.0,time_from_max,squared_exponential,squared_exponential:time_from_max,-4.80445158900875
C18n_QI28,0.5,-4.807311474489779,9.742020553052589e-05,60,1.0,time_from_max,squared_exponential,squared_exponential:time_from_max,-4.807307338173814
C18n_QI29,0.5,-4.8044536516540575,2.2662545777342705e-06,60,1.0,time_from_max,squared_exponential,squared_exponential:time_from_max,-4.804456923461657
C18n_QI30,1.0,-4.804457539973555,4.779399895412998e-09,10,1.0,time_from_max,squared_exponential,squared_exponential:time_from_max,-4.804457545153582
C18n_QI31,1.0,-4.804452999261002,5.913937121300017e-08,10,1.0,time_from_max,squared_exponential,squared_exponential:time_from_max,-4.804453000429021
C18n_QI32,1.0,-4.804453071691114,5.027313171640678e-09,10,1.0,time_from_max,squared_exponential,squared_exponential:time_from_max,-4.804453069230931
C18n_QI33,1.0,-4.804552261000708,3.4807846144726906e-09,10,1.0,time_from_max,squared_exponential,squared_exponential:time_from_max,-4.804552257844989
C18n_QI34,1.0,-4.8044545160514645,8.704874410258191e-08,10,1.0,time_from_max,squared_exponential,squared_exponential:time_from_max,-4.804454530885323
C18n_QI35,1.0,-4.805722607559801,8.255502599624138e-07,60,1.0,time_from_max,squared_exponential,squared_exponential:time_from_max,-4.8057226042938055
C18n_QI36,1.0,-4.804470572361424,8.75839925978201e-07,60,1.0,time_from_max,squared_exponential,squared_exponential:time_from_max,-4.804469853797855
C18n_QI37,1.0,-4.8044588124228085,1.0867325484721292e-07,10,1.0,time_from_max,squared_exponential,squared_exponential:time_from_max,-4.804458876561512
C18n_QI38,1.0,-4.80447115240554,2.5257664345027467e-07,10,1.0,time_from_max,squared_exponential,squared_exponential:time_from_max,-4.804471447525884
C18n_QI39,1.0,-4.804456061182691,4.7548606460377704e-08,10,1.0,time_from_max,squared_exponential,squared_exponential:time_from_max,-4.8044560534663105
C18n_QI40,1.0,-4.804453138989629,1.2933647742867762e-08,10,1.0,time_from_max,squared_exponential,squared_exponential:time_from_max,-4.8044531533200825
C18n_QI41,1.0,-4.804457843950786,2.4074987708409593e-07,10,1.0,time_from_max,squared_exponential,squared_exponential:time_from_max,-4.804458092913137
C18n_QI42,1.0,-4.804455543938047,7.861121452832946e-07,10,1.0,time_from_max,squared_exponential,squared_exponential:time_from_max,-4.804455432918985
C18n_QI43,0.5,-4.804828386333384,0.00015631180008060863,60,1.0,time_from_max,squared_exponential,squared_exponential:time_from_max,-4.804827766475228
C18n_QI44,1.0,-4.804455665569776,2.41617402883107e-08,10,1.0,time_from_max,squared_exponential,squared_exponential:time_from_max,-4.8044556690492755
C18n_QI45,0.5,-4.80445826727032,0.7090763851268788,60,1.0,time_from_max,squared_exponential,squared_exponential:time_from_max,-6.457618552118674
C18n_QI46,0.5,-4.8045304878116895,1.2706709783483505e-05,60,1.0,time_from_max,squared_exponential,squared_exponential:time_from_max,-4.804530771258214
C18n_QI47,1.0,-4.804464201084102,1.7109382800319124e-07,10,1.0,time_from_max,squared_exponential,squared_exponential:time_from_max,-4.804464127239953
C18n_QI48,1.0,-4.804460466615183,3.1096001121108327e-07,60,1.0,time_from_max,squared_exponential,squared_exponential:time_from_max,-4.80446038187165
C18n_QI49,1.0,-4.804452433129427,2.9823185676188226e-07,10,1.0,time_from_max,squared_exponential,squared_exponential:time_from_max,-4.804452552656585
C18n_QI50,0.5,-4.804714562060326,3.1260148557095853e-06,60,1.0,time_from_max,squared_exponential,squared_exponential:time_from_max,-4.804714516105378
C18n_QI51,1.0,-4.804488263393978,6.573879962785305e-07,10,1.0,time_from_max,squared_exponential,squared_exponential:time_from_max,-4.804488651469001
C18n_QI52,1.0,-4.804454936419688,2.611974794489779e-07,10,1.0,time_from_max,squared_exponential,squared_exponential:time_from_max,-4.804455557145957
C18n_QI53,1.0,-4.804459836395381,7.809734378764444e-07,10,1.0,time_from_max,squared_exponential,squared_exponential:time_from_max,-4.804458229066768
C18n_QI54,1.0,-4.804455166330172,5.234121426638954e-07,60,1.0,time_from_max,squared_exponential,squared_exponential:time_from_max,-4.804455262413285
C18n_QI55,0.5,-4.80445424513232,4.535459783823414e-06,60,1.0,time_from_max,squared_exponential,squared_exponential:time_from_max,-4.804452618991036
C18n_QI56,1.0,-4.80445267097798,3.189382697066125e-07,10,1.0,time_from_max,squared_exponential,squared_exponential:time_from_max,-4.804455413854157
C18n_QI57,1.0,-4.804460480661646,1.8265907683445404e-07,10,1.0,time_from_max,squared_exponential,squared_exponential:time_from_max,-4.804460138248942
C18n_QI58,1.0,-4.804458047695334,4.2395362745276325e-08,10,1.0,time_from_max,squared_exponential,squared_exponential:time_from_max,-4.804458096541566
C18n_QI59,0.5,-4.805562553161508,0.4123553807386655,60,1.0,time_from_max,squared_exponential,squared_exponential:time_from_max,-6.125707316057287
C18n_QI60,0.5,-4.804455549505292,8.873165096254906e-06,60,1.0,time_from_max,squared_exponential,squared_exponential:time_from_max,-4.8044955473028494
C18n_QI61,0.5,-4.8044735797320755,2.203499308458856e-06,60,1.0,time_from_max,squared_exponential,squared_exponential:time_from_max,-4.80447200002709
C18n_QI62,1.0,-4.804454306246043,6.94988290140074e-08,10,1.0,time_from_max,squared_exponential,squared_exponential:time_from_max,-4.804454236889342
C18n_QI63,1.0,-4.804456087074641,1.1478128635908083e-07,10,1.0,time_from_max,squared_exponential,squared_exponential:time_from_max,-4.804456185652725
C18n_QI64,1.0,-4.8044536660092945,3.183561385725132e-08,10,1.0,time_from_max,squared_exponential,squared_exponential:time_from_max,-4.804453660465242
C18n_QI65,1.0,-4.8045017988361,1.9883611388839026e-07,10,1.0,time_from_max,squared_exponential,squared_exponential:time_from_max,-4.804501817659457
C18n_QI66,1.0,-4.8044550199713285,5.2446310318172324e-09,10,1.0,time_from_max,squared_exponential,squared_exponential:time_from_max,-4.804455018433146
C18n_TF5,1.0,-4.804452688107631,8.4652225975959e-08,10,1.0,time_from_max,squared_exponential,squared_exponential:time_from_max,-4.80445268170979
C18n_QI67,1.0,-4.804465912255637,1.3191308144255082e-08,10,1.0,time_from_max,squared_exponential,squared_exponential:time_from_max,-4.804465896964302
C18n_QI68,1.0,-4.804454399958786,9.725527925064699e-08,10,1.0,time_from_max,squared_exponential,squared_exponential:time_from_max,-4.80445454746814
C18n_QI69,1.0,-4.804457156901208,4.418101421414854e-08,10,1.0,time_from_max,squared_exponential,squared_exponential:time_from_max,-4.80445713675681
C18n_QI70,1.0,-4.804452751445069,9.428162062554482e-09,10,1.0,time_from_max,squared_exponential,squared_exponential:time_from_max,-4.804452759683045
C18n_QI73,0.5,-4.807023324586453,0.4351842267049471,60,1.0,time_from_max,squared_exponential,squared_exponential:time_from_max,-5.299047555719881
C18n_QI74,1.0,-4.804453075861829,7.949976042780138e-10,10,1.0,time_from_max,squared_exponential,squared_exponential:time_from_max,-4.804453075132187
C18n_QI77,1.0,-4.804456614130004,8.029122257846893e-08,10,1.0,time_from_max,squared_exponential,squared_exponential:time_from_max,-4.80445666707692
C18n_QI78,1.0,-4.804468196729431,6.546794503538486e-09,10,1.0,time_from_max,squared_exponential,squared_exponential:time_from_max,-4.8044681886131
C18n_QI79,1.0,-4.804452962656569,5.72316047099408e-10,10,1.0,time_from_max,squared_exponential,squared_exponential:time_from_max,-4.804452961678635
C18n_QI80,1.0,-4.8044528603684284,3.7808339993641594e-08,10,1.0,time_from_max,squared_exponential,squared_exponential:time_from_max,-4.804452842066894
C18n_QI4788,1.0,-4.804451914542597,4.792661037726277e-10,10,1.0,time_from_max,squared_exponential,squared_exponential:time_from_max,-4.804451914306128
C18n_QI81,1.0,-4.804452123751162,1.970058526035214e-09,10,1.0,time_from_max,squared_exponential,squared_exponential:time_from_max,-4.804452123686588
C18n_QI83,1.0,-4.804451754508364,6.48968503304518e-08,10,1.0,time_from_max,squared_exponential,squared_exponential:time_from_max,-4.804451808836802
C18n_QI84,0.1184615384615384,-4.805384815037087,0.8049121325062234,60,1.0,time_from_max,squared_exponential,squared_exponential:time_from_max,-4.711103154103057
C18n_QI85,1.0,-4.804454951632124,3.293128572727487e-07,10,1.0,time_from_max,squared_exponential,squared_exponential:time_from_max,-4.804455106570458
C18n_QI86,1.0,-4.8044588790457965,6.379801302669851e-08,10,1.0,time_from_max,squared_exponential,squared_exponential:time_from_max,-4.804458853672713
C18n_TF8,1.0,-4.804470358168373,3.5347147986440635e-07,10,1.0,time_from_max,squared_exponential,squared_exponential:time_from_max,-4.804469853431783
C18n_QI88,1.0,-4.804454269506095,8.039873312021374e-07,10,1.0,time_from_max,squared_exponential,squared_exponential:time_from_max,-4.804454269960388
C18n_QI89,0.5,-4.804458015302544,0.4563327300463654,60,1.0,time_from_max,squared_exponential,squared_exponential:time_from_max,-5.1291445655897405
C18n_QI91,1.0,-4.804455082175764,6.788387307655337e-09,10,1.0,time_from_max,squared_exponential,squared_exponential:time_from_max,-4.804455073764075
C18n_QI92,1.0,-4.804452427037063,3.50085784381508e-10,10,1.0,time_from_max,squared_exponential,squared_exponential:time_from_max,-4.8044524278348035
C8p_QI02,1.0,-4.804453535981793,7.366270710629542e-09,10,1.0,time_from_max,squared_exponential,squared_exponential:time_from_max,-4.804453539724818
C8p_QI03,1.0,-4.804467199234978,2.4013262945450435e-08,10,1.0,time_from_max,squared_exponential,squared_exponential:time_from_max,-4.804467168222345
C8p_QI04,0.5,-4.804455758457607,1.4660246180299767e-06,60,1.0,time_from_max,squared_exponential,squared_exponential:time_from_max,-4.804455299574329
C8p_QI05,0.5,-4.804522108102219,4.2970588782925976e-05,60,1.0,time_from_max,squared_exponential,squared_exponential:time_from_max,-4.80457932843774
C8p_QI06,0.5,-4.8044642381842095,1.5982613343695504,60,1.0,time_from_max,squared_exponential,squared_exponential:time_from_max,-6.278454335857532
C8p_QI07,1.0,-4.804452239124657,3.597420235624723e-07,10,1.0,time_from_max,squared_exponential,squared_exponential:time_from_max,-4.804452545630284
C8p_QI08,1.0,-4.804454791759781,1.4644727564703429e-07,10,1.0,time_from_max,squared_exponential,squared_exponential:time_from_max,-4.804454741506561
C8p_QI09,1.0,-4.8044569478367976,5.420228665331589e-09,10,1.0,time_from_max,squared_exponential,squared_exponential:time_from_max,-4.804456948373172
C8p_QI10,1.0,-4.804453858205534,2.520332671151653e-07,10,1.0,time_from_max,squared_exponential,squared_exponential:time_from_max,-4.80445389150691
C8p_QI12,1.0,-4.804452362757729,3.108346543087998e-09,10,1.0,time_from_max,squared_exponential,squared_exponential:time_from_max,-4.80445235764364
C8p_QI13,1.0,-4.804456655607737,1.604769713508164e-07,10,1.0,time_from_max,squared_exponential,squared_exponential:time_from_max,-4.804456122498323
C8p_QI14,1.0,-4.804464844216,1.0841870906069832e-08,10,1.0,time_from_max,squared_exponential,squared_exponential:time_from_max,-4.804464833546717
C8p_QI15,0.5,-4.804454359426245,4.219974997959593e-05,60,1.0,time_from_max,squared_exponential,squared_exponential:time_from_max,-4.8044525361988235
C8p_QI16,1.0,-4.804452424959436,4.012580143350907e-08,10,1.0,time_from_max,squared_exponential,squared_exponential:time_from_max,-4.80445238413995
C8p_QI18,0.5,-4.804453181376857,6.031117912450141e-05,60,1.0,time_from_max,squared_exponential,squared_exponential:time_from_max,-4.804461612457999
C8p_QI19,1.0,-4.804452541727414,1.3750440888760663e-09,10,1.0,time_from_max,squared_exponential,squared_exponential:time_from_max,-4.804452542870877
C8p_QI20,1.0,-4.804452582522799,9.104883213021812e-09,10,1.0,time_from_max,squared_exponential,squared_exponential:time_from_max,-4.8044525888985845
C8p_QI21,1.0,-4.804452339407135,1.0925535740332249e-08,10,1.0,time_from_max,squared_exponential,squared_exponential:time_from_max,-4.80445235018351
C8p_QI22,1.0,-4.80448807480775,1.6967610978213227e-07,10,1.0,time_from_max,squared_exponential,squared_exponential:time_from_max,-4.80448807044786
C8p_QI23,1.0,-4.804452255212482,4.516031640635651e-09,10,1.0,time_from_max,squared_exponential,squared_exponential:time_from_max,-4.804452254858006
C8p_QI24,1.0,-4.804485633016384,3.351415016651866e-08,10,1.0,time_from_max,squared_exponential,squared_exponential:time_from_max,-4.804485672983446
C8p_QI25,1.0,-4.804457862700929,6.27425580809178e-08,10,1.0,time_from_max,squared_exponential,squared_exponential:time_from_max,-4.804457812811506
C8p_QI26,1.0,-4.80449100798478,2.517638854216028e-08,10,1.0,time_from_max,squared_exponential,squared_exponential:time_from_max,-4.80449097688188
C8p_QI27,1.0,-4.804461049114252,4.1634007972747387e-08,10,1.0,time_from_max,squared_exponential,squared_exponential:time_from_max,-4.804461090690893
C8p_QI28,1.0,-4.804452008629369,3.194584865176991e-09,10,1.0,time_from_max,squared_exponential,squared_exponential:time_from_max,-4.804452004898394
C8p_QI29,1.0,-4.804453918431591,8.541724268530608e-09,10,1.0,time_from_max,squared_exponential,squared_exponential:time_from_max,-4.804453912770896
C8p_QI30,1.0,-4.804463087765043,6.707263508194047e-08,10,1.0,time_from_max,squared_exponential,squared_exponential:time_from_max,-4.8044630016811425
C8p_QI31,1.0,-4.804453105032053,2.5423001607696792e-08,10,1.0,time_from_max,squared_exponential,squared_exponential:time_from_max,-4.804453102308798
C8p_QI33,1.0,-4.804456330399944,8.384348348920392e-09,10,1.0,time_from_max,squared_exponential,squared_exponential:time_from_max,-4.804456331215988
C8p_QI35,1.0,-4.804453335890457,5.568082504187239e-09,10,1.0,time_from_max,squared_exponential,squared_exponential:time_from_max,-4.804453317581647
C8p_QI36,1.0,-4.804455661108477,1.624125048728437e-08,10,1.0,time_from_max,squared_exponential,squared_exponential:time_from_max,-4.804455678962313
C8p_QI37,1.0,-4.804455346165923,1.638510868243694e-08,10,1.0,time_from_max,squared_exponential,squared_exponential:time_from_max,-4.8044553810805155
C8p_QI38,1.0,-4.804459922714841,1.399992857867969e-08,10,1.0,time_from_max,squared_exponential,squared_exponential:time_from_max,-4.804459904009491
C8p_QI39,1.0,-4.804452181077977,6.886122959154285e-09,10,1.0,time_from_max,squared_exponential,squared_exponential:time_from_max,-4.804452172412766
C8p_QI40,1.0,-4.8044547873528245,2.4163467049125578e-08,10,1.0,time_from_max,squared_exponential,squared_exponential:time_from_max,-4.804454744723898
C8p_QI41,1.0,-4.804453862715263,9.59762051827272e-09,10,1.0,time_from_max,squared_exponential,squared_exponential:time_from_max,-4.8044538343365275
C8p_QI42,1.0,-4.804453556808767,1.5875005926015282e-08,10,1.0,time_from_max,squared_exponential,squared_exponential:time_from_max,-4.804453580421523
C8p_QI43,1.0,-4.804456313388982,1.5529463364493416e-08,10,1.0,time_from_max,squared_exponential,squared_exponential:time_from_max,-4.804456303486404
C8p_QI44,1.0,-4.804580602737133,9.291128947078422e-09,10,1.0,time_from_max,squared_exponential,squared_exponential:time_from_max,-4.804580599982728
C8p_QI45,1.0,-4.804453859596606,3.005753379037605e-09,10,1.0,time_from_max,squared_exponential,squared_exponential:time_from_max,-4.8044538541248585
C8p_QI46,1.0,-4.804475068090824,5.3158509442509995e-08,10,1.0,time_from_max,squared_exponential,squared_exponential:time_from_max,-4.804475004428696
C8p_QI47,1.0,-4.804580749603474,4.9830402653940126e-08,10,1.0,time_from_max,squared_exponential,squared_exponential:time_from_max,-4.804580759983764
C8p_QI48,1.0,-4.804455263854152,3.6742354393637865e-07,10,1.0,time_from_max,squared_exponential,squared_exponential:time_from_max,-4.804455465056435
C8p_QI49,1.0,-4.8044632579810695,4.515400355728619e-09,10,1.0,time_from_max,squared_exponential,squared_exponential:time_from_max,-4.804463251527977
C8p_QI50,1.0,-4.804522135114212,3.1567842026092894e-07,10,1.0,time_from_max,squared_exponential,squared_exponential:time_from_max,-4.80452231356594
C8p_QI51,1.0,-4.804456476926362,7.716809341989158e-08,10,1.0,time_from_max,squared_exponential,squared_exponential:time_from_max,-4.8044565218101525
C8p_QI52,1.0,-4.8044605472580315,3.4089445545228565e-08,10,1.0,time_from_max,squared_exponential,squared_exponential:time_from_max,-4.804460568112063
C8p_QI53,0.5,-4.8044538213077885,4.162774556142391e-06,60,1.0,time_from_max,squared_exponential,squared_exponential:time_from_max,-4.804454793054447
C8p_QI54,1.0,-4.804473772769143,2.2109670353939723e-08,10,1.0,time_from_max,squared_exponential,squared_exponential:time_from_max,-4.804473767484069
C8p_QI55,1.0,-4.804460975687334,3.6634102613377445e-07,10,1.0,time_from_max,squared_exponential,squared_exponential:time_from_max,-4.804460424226818
C8p_QI56,1.0,-4.804453239421264,7.557589937966831e-09,10,1.0,time_from_max,squared_exponential,squared_exponential:time_from_max,-4.804453238467431
C8p_QI57,1.0,-4.804456160623886,6.412266488844829e-08,10,1.0,time_from_max,squared_exponential,squared_exponential:time_from_max,-4.804456182848298
C8p_QI58,1.0,-4.804456987792037,6.071803297936134e-09,10,1.0,time_from_max,squared_exponential,squared_exponential:time_from_max,-4.804456985440083
C8p_QI59,1.0,-4.804452975647337,6.674033084097636e-09,10,1.0,time_from_max,squared_exponential,squared_exponential:time_from_max,-4.804452968935948
C8p_QI60,1.0,-4.804485101641831,2.908101428284025e-08,10,1.0,time_from_max,squared_exponential,squared_exponential:time_from_max,-4.804485038288021
C8p_QI61,1.0,-4.804457369093825,7.347491755576357e-08,10,1.0,time_from_max,squared_exponential,squared_exponential:time_from_max,-4.804457224903217
C8p_QI62,1.0,-4.80445420293222,4.202712181697658e-08,10,1.0,time_from_max,squared_exponential,squared_exponential:time_from_max,-4.804454210393942
C8p_QI63,1.0,-4.804451600722587,4.5186541469144645e-09,10,1.0,time_from_max,squared_exponential,squared_exponential:time_from_max,-4.804451599238291
C8p_QI64,1.0,-4.804452642915749,1.0223695269453997e-08,10,1.0,time_from_max,squared_exponential,squared_exponential:time_from_max,-4.804452624939586
C8p_QI66,1.0,-4.804455013751067,4.141957443656704e-08,10,1.0,time_from_max,squared_exponential,squared_exponential:time_from_max,-4.804455021582271
C8p_QI68,1.0,-4.8044536090203565,2.6042406667574432e-08,10,1.0,time_from_max,squared_exponential,squared_exponential:time_from_max,-4.804453631084925
C8p_QI70,1.0,-4.804456229863263,2.4948674806154303e-07,10,1.0,time_from_max,squared_exponential,squared_exponential:time_from_max,-4.804457226702652
C8p_QI72,1.0,-4.804562067678262,2.1273252569749008e-07,10,1.0,time_from_max,squared_exponential,squared_exponential:time_from_max,-4.80456215916729
C8p_QI74,1.0,-4.804452022693113,6.95955079298217e-08,10,1.0,time_from_max,squared_exponential,squared_exponential:time_from_max,-4.804451991071801
C8p_QI76,1.0,-4.804453197988778,9.066125187882832e-09,10,1.0,time_from_max,squared_exponential,squared_exponential:time_from_max,-4.80445320936451
C8p_QI78,1.0,-4.8044630546194185,1.2308167388728395e-07,10,1.0,time_from_max,squared_exponential,squared_exponential:time_from_max,-4.804463106942876
C8p_QI80,1.0,-4.804454071762848,1.323338674626952e-07,10,1.0,time_from_max,squared_exponential,squared_exponential:time_from_max,-4.804454218568026
C8p_QI82,1.0,-4.804456717205312,1.0965182625568301e-08,10,1.0,time_from_max,squared_exponential,squared_exponential:time_from_max,-4.804456715267406
C8p_QI84,1.0,-4.804454448297065,1.5451388738783912e-08,10,1.0,time_from_max,squared_exponential,squared_exponential:time_from_max,-4.804454482639358
C8p_QI86,1.0,-4.804456605815631,1.3408234455475528e-08,10,1.0,time_from_max,squared_exponential,squared_exponential:time_from_max,-4.804456602970731
C8p_QI89,1.0,-4.804458236256096,2.4316827813213717e-08,10,1.0,time_from_max,squared_exponential,squared_exponential:time_from_max,-4.80445825950892
C8p_QI91,1.0,-4.8044591528760066,2.0396343281193322e-07,10,1.0,time_from_max,squared_exponential,squared_exponential:time_from_max,-4.804458686576709
C8p_QI93,1.0,-4.804455253746482,1.3266315239101404e-09,10,1.0,time_from_max,squared_exponential,squared_exponential:time_from_max,-4.804455255694847
C8p_QI95,1.0,-4.804457138341149,5.734095075967163e-08,10,1.0,time_from_max,squared_exponential,squared_exponential:time_from_max,-4.804457179604924
C8p_QI96,1.0,-4.804455035705587,2.75015337862855e-08,10,1.0,time_from_max,squared_exponential,squared_exponential:time_from_max,-4.804455008584682
C8p_QI98,1.0,-4.80445434218791,2.9590280940549983e-08,10,1.0,time_from_max,squared_exponential,squared_exponential:time_from_max,-4.804454323940263
C8p_QI100,1.0,-4.804454451536458,4.8486916595543865e-08,10,1.0,time_from_max,squared_exponential,squared_exponential:time_from_max,-4.804454493224966
C8p_QI101,1.0,-4.8044544002439125,5.462042720238533e-08,10,1.0,time_from_max,squared_exponential,squared_exponential:time_from_max,-4.804454181480651
C8p_QI103,0.5,-4.804481842174937,1.0722084403540632e-06,60,1.0,time_from_max,squared_exponential,squared_exponential:time_from_max,-4.8044803057073295
C8p_QI105,1.0,-4.804457564540826,5.378556885555433e-07,60,1.0,time_from_max,squared_exponential,squared_exponential:time_from_max,-4.804457139810438
C8p_QI107,1.0,-4.804460769973048,6.925146971823194e-08,10,1.0,time_from_max,squared_exponential,squared_exponential:time_from_max,-4.804460686189941
C8p_QI116,1.0,-4.8044515991082335,5.985365284577833e-07,10,1.0,time_from_max,squared_exponential,squared_exponential:time_from_max,-4.80445159550527
C8p_QI108,0.5,-4.804456957612274,1.0135649848963624e-06,60,1.0,time_from_max,squared_exponential,squared_exponential:time_from_max,-4.804457066713439
C8p_QI110,1.0,-4.804459011266317,7.622801609704752e-07,10,1.0,time_from_max,squared_exponential,squared_exponential:time_from_max,-4.804462024572786
C8p_QI112,1.0,-4.8044550687518495,1.4525968995931828e-07,10,1.0,time_from_max,squared_exponential,squared_exponential:time_from_max,-4.804455035760384
C8p_QI114,1.0,-4.804455110365552,8.717007384456568e-08,10,1.0,time_from_max,squared_exponential,squared_exponential:time_from_max,-4.804455003075873
C8p_QI118,1.0,-4.8044618228716445,2.307976338353177e-08,10,1.0,time_from_max,squared_exponential,squared_exponential:time_from_max,-4.804461832219658
C8p_QI121,1.0,-4.804463286626287,4.2741361554446854e-08,10,1.0,time_from_max,squared_exponential,squared_exponential:time_from_max,-4.804463297615257
C8p_QI123,1.0,-4.804459393236812,5.512671509501063e-09,10,1.0,time_from_max,squared_exponential,squared_exponential:time_from_max,-4.804459393657908
C8p_QI125,1.0,-4.804462814937551,1.9827407846994067e-08,10,1.0,time_from_max,squared_exponential,squared_exponential:time_from_max,-4.804462832395529
C8p_QI127,1.0,-4.804452841717648,1.0189998650869424e-08,10,1.0,time_from_max,squared_exponential,squared_exponential:time_from_max,-4.804452845792184
C8p_QI129,1.0,-4.804451949694112,8.405022581273977e-10,10,1.0,time_from_max,squared_exponential,squared_exponential:time_from_max,-4.804451948765745
C8p_QI130,1.0,-4.804451946678228,1.2946908862820707e-09,10,1.0,time_from_max,squared_exponential,squared_exponential:time_from_max,-4.804451947808047
C8p_QI132,1.0,-4.804453255924955,1.1053270052270262e-08,10,1.0,time_from_max,squared_exponential,squared_exponential:time_from_max,-4.804453247882975
C8p_QI134,1.0,-4.804453119132404,2.7290178713399556e-09,10,1.0,time_from_max,squared_exponential,squared_exponential:time_from_max,-4.804453116131299
C8p_QI136,1.0,-4.8044527734125495,5.064535872414109e-09,10,1.0,time_from_max,squared_exponential,squared_exponential:time_from_max,-4.8044527756633215
C8p_QI138,1.0,-4.804454941322319,2.3776535006806177e-09,10,1.0,time_from_max,squared_exponential,squared_exponential:time_from_max,-4.804454939890093
C8p_QI140,1.0,-4.804451686349694,1.0973930531442575e-08,10,1.0,time_from_max,squared_exponential,squared_exponential:time_from_max,-4.804451688582503
C8p_QI142,1.0,-4.804452458760579,1.794293759130093e-08,10,1.0,time_from_max,squared_exponential,squared_exponential:time_from_max,-4.804452443235277
C8p_QI144,1.0,-4.804452570141393,9.03214698656775e-09,10,1.0,time_from_max,squared_exponential,squared_exponential:time_from_max,-4.804452564685107
C8p_QI146,1.0,-4.804460788768438,2.1111370665371096e-08,10,1.0,time_from_max,squared_exponential,squared_exponential:time_from_max,-4.804460816217215
C8p_QI149,1.0,-4.804451604273254,1.6183993462167624e-09,10,1.0,time_from_max,squared_exponential,squared_exponential:time_from_max,-4.804451606760267
C8p_QI151,1.0,-4.804452004584846,1.998451715513767e-08,10,1.0,time_from_max,squared_exponential,squared_exponential:time_from_max,-4.8044520097159875
C8p_QI153,1.0,-4.804468124475079,6.221213237136412e-08,10,1.0,time_from_max,squared_exponential,squared_exponential:time_from_max,-4.804468049087518
C8p_QI155,0.5,-4.804453058062791,1.9184021357870867e-06,60,1.0,time_from_max,squared_exponential,squared_exponential:time_from_max,-4.804453587025819
C8p_QI157,0.5,-4.8049881766869476,0.5367840546755378,60,1.0,time_from_max,squared_exponential,squared_exponential:time_from_max,-5.1175632422928174
C8p_QI159,1.0,-4.804456284246271,5.940134667041041e-08,10,1.0,time_from_max,squared_exponential,squared_exponential:time_from_max,-4.804456281686726
C8p_QI161,1.0,-4.804452169488741,3.2693849465959517e-09,10,1.0,time_from_max,squared_exponential,squared_exponential:time_from_max,-4.804452173535992
C8p_QI163,1.0,-4.804451939158071,2.0338724266028445e-09,10,1.0,time_from_max,squared_exponential,squared_exponential:time_from_max,-4.804451931582662
C8p_QI165,1.0,-4.804452233278653,1.2030703301348274e-09,10,1.0,time_from_max,squared_exponential,squared_exponential:time_from_max,-4.8044522332504584
C8p_QI167,1.0,-4.804452478655776,8.575912128571005e-10,10,1.0,time_from_max,squared_exponential,squared_exponential:time_from_max,-4.8044524780075335
C8p_QI170,1.0,-4.804453671948522,1.4374356551070022e-08,10,1.0,time_from_max,squared_exponential,squared_exponential:time_from_max,-4.804453698607631
C8p_QI172,1.0,-4.8044896852991315,6.917362730950721e-08,10,1.0,time_from_max,squared_exponential,squared_exponential:time_from_max,-4.804489627689236
C8p_QI174,0.5,-4.805043050873337,1.2964762768393816e-06,60,1.0,time_from_max,squared_exponential,squared_exponential:time_from_max,-4.805040067001755
C8p_QI176,1.0,-4.8044585097263734,3.6059057082228193e-07,10,1.0,time_from_max,squared_exponential,squared_exponential:time_from_max,-4.804458109932057
C8p_QI178,1.0,-4.8044535772796735,3.8470132537566667e-07,10,1.0,time_from_max,squared_exponential,squared_exponential:time_from_max,-4.804453443198781
C8p_QI180,1.0,-4.80449444225701,8.50357561743312e-08,10,1.0,time_from_max,squared_exponential,squared_exponential:time_from_max,-4.804494276715559
C8p_QI182,1.0,-4.804452950198538,3.6658303714391436e-08,10,1.0,time_from_max,squared_exponential,squared_exponential:time_from_max,-4.804452988695175
C8p_QI184,1.0,-4.804456162486531,1.1945377323343326e-08,10,1.0,time_from_max,squared_exponential,squared_exponential:time_from_max,-4.804456160720292
C8p_QI187,0.5,-4.804454409846585,9.338350986950649e-06,60,1.0,time_from_max,squared_exponential,squared_exponential:time_from_max,-4.804461062313749
C8p_QI189,1.0,-4.804456050952467,4.2372646026328316e-07,10,1.0,time_from_max,squared_exponential,squared_exponential:time_from_max,-4.804457659788568
C8p_QI191,1.0,-4.804453544871649,8.028607664727825e-07,10,1.0,time_from_max,squared_exponential,squared_exponential:time_from_max,-4.804452882275655
C8p_QI193,0.5,-4.804456944977119,1.1521002186951308e-06,60,1.0,time_from_max,squared_exponential,squared_exponential:time_from_max,-4.804455346771647
C8p_QI195,1.0,-4.804454405460774,4.30363076401728e-07,10,1.0,time_from_max,squared_exponential,squared_exponential:time_from_max,-4.804455205247905
C8p_QI197,1.0,-4.8046142116886585,7.840119236469661e-08,10,1.0,time_from_max,squared_exponential,squared_exponential:time_from_max,-4.804614151895294
C8p_QI198,1.0,-4.804452253287536,9.595141505122211e-09,10,1.0,time_from_max,squared_exponential,squared_exponential:time_from_max,-4.804452251558814
C8p_QI199,1.0,-4.804452081790714,1.8972904475403986e-09,10,1.0,time_from_max,squared_exponential,squared_exponential:time_from_max,-4.804452086259516
C8p_QI200,1.0,-4.804452933110497,4.9374613945848e-09,10,1.0,time_from_max,squared_exponential,squared_exponential:time_from_max,-4.804452929904528
C8p_QI201,0.5,-4.80445330459338,7.507025472837566e-06,60,1.0,time_from_max,squared_exponential,squared_exponential:time_from_max,-4.804453085681871
C8p_QI203,0.0065387544143858944,-4.8045831191300294,0.43584774929721143,60,1.0,time_from_max,squared_exponential,squared_exponential:time_from_max,-2.9922795044954
C8p_QI205,0.0692307692307692,-4.804559483583034,0.6189163536833256,60,1.0,time_from_max,squared_exponential,squared_exponential:time_from_max,-4.340203515357189
C8p_QI207,0.01739154338481952,-4.8045477971036235,0.5573757175860391,60,1.0,time_from_max,squared_exponential,squared_exponential:time_from_max,-3.1803758833757456
C8p_QI209,0.5,-4.804453775079082,1.6934246120607497e-05,60,1.0,time_from_max,squared_exponential,squared_exponential:time_from_max,-4.804452826444958
C8p_QI212,0.5,-4.804458150949813,5.686941276521808e-06,60,1.0,time_from_max,squared_exponential,squared_exponential:time_from_max,-4.804477516581301
C8p_QI213,1.0,-4.804451910865623,1.0564227498893263e-09,10,1.0,time_from_max,squared_exponential,squared_exponential:time_from_max,-4.804451912158584
C8p_QI214,1.0,-4.80445420821502,9.498193735254306e-09,10,1.0,time_from_max,squared_exponential,squared_exponential:time_from_max,-4.80445419831085
C8p_QI215,1.0,-4.8044821293335644,7.948993371359782e-08,10,1.0,time_from_max,squared_exponential,squared_exponential:time_from_max,-4.804482279622334
C8p_QI65,1.0,-4.804454405366641,3.690686419198136e-09,10,1.0,time_from_max,squared_exponential,squared_exponential:time_from_max,-4.804454416276258
C8p_QI67,1.0,-4.804455466956824,7.846893897314742e-09,10,1.0,time_from_max,squared_exponential,squared_exponential:time_from_max,-4.80445547250838
C8p_QI69,1.0,-4.804460705652218,2.026957492254675e-08,10,1.0,time_from_max,squared_exponential,squared_exponential:time_from_max,-4.804460721105897
C8p_QI71,1.0,-4.804506968892838,1.438177228469044e-07,10,1.0,time_from_max,squared_exponential,squared_exponential:time_from_max,-4.804507015823219
C8p_QI73,1.0,-4.804461412623368,4.577255855777211e-08,10,1.0,time_from_max,squared_exponential,squared_exponential:time_from_max,-4.804461386820094
C8p_QI75,1.0,-4.804452956353771,6.36700672027887e-09,10,1.0,time_from_max,squared_exponential,squared_exponential:time_from_max,-4.804452953324926
C8p_QI77,1.0,-4.804453198901001,3.6006989332797006e-09,10,1.0,time_from_max,squared_exponential,squared_exponential:time_from_max,-4.804453194336929
C8p_QI79,1.0,-4.804457631325022,3.5183280211164945e-08,10,1.0,time_from_max,squared_exponential,squared_exponential:time_from_max,-4.804457619614823
C8p_QI81,1.0,-4.804451869349805,5.904824213266989e-08,10,1.0,time_from_max,squared_exponential,squared_exponential:time_from_max,-4.804451845965104
C8p_QI83,1.0,-4.8044568088382675,1.1073081952790949e-08,10,1.0,time_from_max,squared_exponential,squared_exponential:time_from_max,-4.804456806764392
C8p_QI85,1.0,-4.804451901002267,6.526188091262509e-09,10,1.0,time_from_max,squared_exponential,squared_exponential:time_from_max,-4.804451887292998
C8p_QI87,1.0,-4.804454596359619,5.992300880288945e-09,10,1.0,time_from_max,squared_exponential,squared_exponential:time_from_max,-4.804454598434859
C8p_QI90,1.0,-4.804456664186091,1.0670179067196793e-09,10,1.0,time_from_max,squared_exponential,squared_exponential:time_from_max,-4.804456663063775
C8p_QI92,1.0,-4.804484325840349,4.854331675109512e-08,10,1.0,time_from_max,squared_exponential,squared_exponential:time_from_max,-4.804484347484049
C8p_QI94,1.0,-4.804452137154499,4.6336886207364813e-10,10,1.0,time_from_max,squared_exponential,squared_exponential:time_from_max,-4.804452136697364
C8p_QI97,1.0,-4.80445446709291,2.044384700270118e-08,10,1.0,time_from_max,squared_exponential,squared_exponential:time_from_max,-4.804454438040921
C8p_QI99,0.5,-4.804880030045297,0.3742672611387704,60,1.0,time_from_max,squared_exponential,squared_exponential:time_from_max,-5.6188909413867805
C8p_QI102,1.0,-4.80445371832343,2.6468970573380614e-08,10,1.0,time_from_max,squared_exponential,squared_exponential:time_from_max,-4.804453666966765
C8p_QI104,1.0,-4.804460688655581,3.990288393703533e-07,10,1.0,time_from_max,squared_exponential,squared_exponential:time_from_max,-4.804459827544633
C8p_QI106,1.0,-4.804451714291417,5.76333325741238e-07,10,1.0,time_from_max,squared_exponential,squared_exponential:time_from_max,-4.804451585314837
C8p_QI117,0.5,-4.804458825548409,2.2899328378787966e-06,60,1.0,time_from_max,squared_exponential,squared_exponential:time_from_max,-4.80445821997364
C8p_QI109,0.5,-4.804469128779601,2.4619539759919284e-06,60,1.0,time_from_max,squared_exponential,squared_exponential:time_from_max,-4.804469315608912
C8p_QI111,0.5,-4.804456190040582,3.3181365437747088e-06,60,1.0,time_from_max,squared_exponential,squared_exponential:time_from_max,-4.8044534431264765
C8p_QI113,1.0,-4.804459203091255,7.414699569146241e-08,10,1.0,time_from_max,squared_exponential,squared_exponential:time_from_max,-4.804459168500216
C8p_QI115,1.0,-4.804461770542957,3.069349448133744e-08,10,1.0,time_from_max,squared_exponential,squared_exponential:time_from_max,-4.804461755544253
C8p_QI119,1.0,-4.804452014733897,1.3381786316427676e-09,10,1.0,time_from_max,squared_exponential,squared_exponential:time_from_max,-4.8044520175762955
C8p_QI120,1.0,-4.8044543323626385,8.803165698131554e-10,10,1.0,time_from_max,squared_exponential,squared_exponential:time_from_max,-4.80445433475461
C8p_QI122,1.0,-4.804453865751384,5.112736919005909e-09,10,1.0,time_from_max,squared_exponential,squared_exponential:time_from_max,-4.804453864412608
C8p_QI124,1.0,-4.80445462464877,5.159311714536575e-09,10,1.0,time_from_max,squared_exponential,squared_exponential:time_from_max,-4.804454625487324
C8p_QI126,1.0,-4.804452383069702,5.032980226163552e-09,10,1.0,time_from_max,squared_exponential,squared_exponential:time_from_max,-4.804452377799407
C8p_QI128,1.0,-4.804452575594041,4.626834410824557e-09,10,1.0,time_from_max,squared_exponential,squared_exponential:time_from_max,-4.804452585285617
C8p_QI135,1.0,-4.804451918888844,3.6243070098694246e-08,10,1.0,time_from_max,squared_exponential,squared_exponential:time_from_max,-4.804451919256735
C8p_QI137,1.0,-4.8044538778099195,2.9205749879402705e-08,10,1.0,time_from_max,squared_exponential,squared_exponential:time_from_max,-4.804453896769246
C8p_QI141,1.0,-4.804451852828038,3.6114353692851372e-09,10,1.0,time_from_max,squared_exponential,squared_exponential:time_from_max,-4.804451854610306
C8p_QI143,1.0,-4.804455502534893,1.0656277897106883e-08,10,1.0,time_from_max,squared_exponential,squared_exponential:time_from_max,-4.804455472289646
C8p_QI145,1.0,-4.804464212093535,3.492263804330265e-09,10,1.0,time_from_max,squared_exponential,squared_exponential:time_from_max,-4.804464215626467
C8p_QI147,1.0,-4.80445650862589,1.4103519640673681e-08,10,1.0,time_from_max,squared_exponential,squared_exponential:time_from_max,-4.804456505282815
C8p_QI148,1.0,-4.804454307360743,1.0026857344410388e-09,10,1.0,time_from_max,squared_exponential,squared_exponential:time_from_max,-4.804454306175558
C8p_QI150,1.0,-4.804451771766821,2.4892413363358833e-09,10,1.0,time_from_max,squared_exponential,squared_exponential:time_from_max,-4.804451765562817
C8p_QI152,1.0,-4.804452163439009,1.4821209875812944e-08,10,1.0,time_from_max,squared_exponential,squared_exponential:time_from_max,-4.804452171869798
C8p_QI154,1.0,-4.804453432794617,1.644474352240111e-08,10,1.0,time_from_max,squared_exponential,squared_exponential:time_from_max,-4.804453443337934
C8p_QI156,1.0,-4.804454711396829,4.2138193542351856e-08,10,1.0,time_from_max,squared_exponential,squared_exponential:time_from_max,-4.804454785818507
C8p_QI158,1.0,-4.804457507972984,1.1264811904351978e-07,10,1.0,time_from_max,squared_exponential,squared_exponential:time_from_max,-4.804457627548345
C8p_QI160,1.0,-4.804458217816318,2.8458010851879255e-08,10,1.0,time_from_max,squared_exponential,squared_exponential:time_from_max,-4.804458225763938
C8p_QI162,1.0,-4.804463808354285,9.764895757184835e-09,10,1.0,time_from_max,squared_exponential,squared_exponential:time_from_max,-4.804463800959638
C8p_QI164,1.0,-4.804455257636619,7.869962644981412e-09,10,1.0,time_from_max,squared_exponential,squared_exponential:time_from_max,-4.804455252759453
C8p_QI166,1.0,-4.804456609193267,2.5562465575981526e-09,10,1.0,time_from_max,squared_exponential,squared_exponential:time_from_max,-4.804456606009353
C8p_QI168,0.5,-4.804453443172179,3.4005829628704755e-05,60,1.0,time_from_max,squared_exponential,squared_exponential:time_from_max,-4.804452462225072
C8p_QI171,0.5,-4.8045153277857935,0.0002686382540037389,60,1.0,time_from_max,squared_exponential,squared_exponential:time_from_max,-5.508375610635994
C8p_QI173,1.0,-4.804492166889759,3.2765423582630906e-08,10,1.0,time_from_max,squared_exponential,squared_exponential:time_from_max,-4.80449213448037
C8p_QI175,1.0,-4.804458338489212,4.142466496509164e-07,10,1.0,time_from_max,squared_exponential,squared_exponential:time_from_max,-4.804457685363559
C8p_QI177,1.0,-4.8044724671342465,1.9191437685719538e-07,10,1.0,time_from_max,squared_exponential,squared_exponential:time_from_max,-4.804472950625495
C8p_QI179,1.0,-4.8044538530971295,3.4340199010446546e-07,10,1.0,time_from_max,squared_exponential,squared_exponential:time_from_max,-4.804454292257105
C8p_QI181,1.0,-4.804481779062598,3.248837654192202e-08,10,1.0,time_from_max,squared_exponential,squared_exponential:time_from_max,-4.804481838245465
C8p_QI183,1.0,-4.8044534688949625,2.19406300695003e-08,10,1.0,time_from_max,squared_exponential,squared_exponential:time_from_max,-4.804453474126603
C8p_QI185,1.0,-4.804461420977077,1.686577911609317e-08,10,1.0,time_from_max,squared_exponential,squared_exponential:time_from_max,-4.804461438528506
C8p_QI186,1.0,-4.804461336939994,1.7407666986639444e-08,10,1.0,time_from_max,squared_exponential,squared_exponential:time_from_max,-4.804461346027892
C8p_QI188,0.5,-4.8044680921407235,1.306326288500384e-06,60,1.0,time_from_max,squared_exponential,squared_exponential:time_from_max,-4.804467105829644
C8p_QI190,0.5,-4.804459116722683,1.727192631660413e-06,60,1.0,time_from_max,squared_exponential,squared_exponential:time_from_max,-4.804459117676743
C8p_QI192,1.0,-4.8044539914835696,5.214833107656904e-07,10,1.0,time_from_max,squared_exponential,squared_exponential:time_from_max,-4.804453498523799
C8p_QI194,1.0,-4.804456573100651,3.6779573448022446e-07,10,1.0,time_from_max,squared_exponential,squared_exponential:time_from_max,-4.804456264498185
C8p_QI196,1.0,-4.804453777931258,4.7674499046213854e-07,10,1.0,time_from_max,squared_exponential,squared_exponential:time_from_max,-4.804454611473375
C8p_QI202,0.5,-4.804451824872785,9.556846299144336e-06,60,1.0,time_from_max,squared_exponential,squared_exponential:time_from_max,-4.8044521153315145
C8p_QI204,1.0,-4.804482807107661,6.669344555729105e-08,10,1.0,time_from_max,squared_exponential,squared_exponential:time_from_max,-4.804482675029703
C8p_QI206,1.0,-4.804453019326047,7.366110186829331e-08,10,1.0,time_from_max,squared_exponential,squared_exponential:time_from_max,-4.804452937312362
C8p_QI208,0.5,-4.804451720837278,1.2419019180771967e-05,60,1.0,time_from_max,squared_exponential,squared_exponential:time_from_max,-4.804451816406527
HILn_QI2,1.0,-4.804452844481602,1.7716095247529406e-08,10,1.0,time_from_max,squared_exponential,squared_exponential:time_from_max,-4.804452840590329
HILn_TF1,0.5,-5.145272515917213,0.9502784710096808,60,1.0,time_from_max,squared_exponential,squared_exponential:time_from_max,-5.583842044830362
HILn_QI3,1.0,-4.804474596533737,2.0558057215365343e-08,10,1.0,time_from_max,squared_exponential,squared_exponential:time_from_max,-4.804474614551964
HILn_QI5,1.0,-4.804453992197978,5.1888376103106815e-08,10,1.0,time_from_max,squared_exponential,squared_exponential:time_from_max,-4.804454060921216
HILn_QI6,1.0,-4.804453245020113,9.067865582205647e-08,10,1.0,time_from_max,squared_exponential,squared_exponential:time_from_max,-4.804453100647606
HILn_QI7,1.0,-4.804452377711868,2.0197404177712494e-08,10,1.0,time_from_max,squared_exponential,squared_exponential:time_from_max,-4.804452338039937
HILn_QI9,0.5,-4.804597822301503,1.2893853127438152e-05,60,1.0,time_from_max,squared_exponential,squared_exponential:time_from_max,-4.804600002598363
HILn_QI10,1.0,-4.804458201143461,1.7229097232599244e-08,10,1.0,time_from_max,squared_exponential,squared_exponential:time_from_max,-4.804458190155856
HILn_QI11,1.0,-4.804455274554357,1.3854591916763038e-09,10,1.0,time_from_max,squared_exponential,squared_exponential:time_from_max,-4.804455271604638
HILn_QI13,1.0,-4.804455051173591,1.0724035823504909e-07,10,1.0,time_from_max,squared_exponential,squared_exponential:time_from_max,-4.804454888953842
HILn_QI14,1.0,-4.804453822666119,3.6580367666843617e-10,10,1.0,time_from_max,squared_exponential,squared_exponential:time_from_max,-4.804453822551295
HILn_QI16,0.056923076923076854,-4.805246762573461,1.4797757361725008,60,1.0,time_from_max,squared_exponential,squared_exponential:time_from_max,-3.216679055635268
HILn_QI17,1.0,-4.804460076364194,1.2421153804873568e-08,10,1.0,time_from_max,squared_exponential,squared_exponential:time_from_max,-4.804460083772483
HILn_QI18,1.0,-4.8044578485719285,2.6760125599781745e-07,10,1.0,time_from_max,squared_exponential,squared_exponential:time_from_max,-4.8044577853625015
HILn_QI19,1.0,-4.804455490055943,3.1774813017224185e-08,10,1.0,time_from_max,squared_exponential,squared_exponential:time_from_max,-4.804455453791888
HILn_QI20,1.0,-4.804452630218975,1.5868314845451326e-09,10,1.0,time_from_max,squared_exponential,squared_exponential:time_from_max,-4.80445262966623
HILn_QI22,1.0,-4.804454368651022,9.37532769415843e-09,10,1.0,time_from_max,squared_exponential,squared_exponential:time_from_max,-4.804454355813959
HILn_QI23,1.0,-4.804454205928778,2.3016712865979466e-07,10,1.0,time_from_max,squared_exponential,squared_exponential:time_from_max,-4.804454213725876
HILn_QI24,1.0,-4.805326549774236,5.286775871431509e-08,10,1.0,time_from_max,squared_exponential,squared_exponential:time_from_max,-4.805326535118638
HILn_QI25,1.0,-4.8044527717404435,5.5395354646712045e-08,10,1.0,time_from_max,squared_exponential,squared_exponential:time_from_max,-4.804452600573768
HILn_TF2,1.0,-4.804451961227642,5.161454449617841e-08,10,1.0,time_from_max,squared_exponential,squared_exponential:time_from_max,-4.804451917679671
HILn_TF3,1.0,-4.804454091565503,3.14158053621463e-07,10,1.0,time_from_max,squared_exponential,squared_exponential:time_from_max,-4.804453647137052
HILn_QI28,1.0,-4.804453490083915,1.0972727268775502e-09,10,1.0,time_from_max,squared_exponential,squared_exponential:time_from_max,-4.804453490827655
HILn_TF4,0.5,-4.80445447195325,1.744061569098448e-06,60,1.0,time_from_max,squared_exponential,squared_exponential:time_from_max,-4.80445567321658
HILn_QI30,1.0,-4.804454938667277,2.414188624840612e-07,10,1.0,time_from_max,squared_exponential,squared_exponential:time_from_max,-4.804455517951283
HILn_QI31,1.0,-4.804453223045812,8.25895086521656e-10,10,1.0,time_from_max,squared_exponential,squared_exponential:time_from_max,-4.804453223111977
HILn_QI32,0.5,-4.804453481700875,2.7519607539253886e-05,60,1.0,time_from_max,squared_exponential,squared_exponential:time_from_max,-4.8044684403053
HILn_QI33,1.0,-4.804523184455775,3.019975868736451e-08,10,1.0,time_from_max,squared_exponential,squared_exponential:time_from_max,-4.804523199938103
HILn_QI36,1.0,-4.804452332759411,3.652944511968454e-07,10,1.0,time_from_max,squared_exponential,squared_exponential:time_from_max,-4.804451748907468
HILn_QI37,1.0,-4.804452170675177,5.7770157997275325e-08,10,1.0,time_from_max,squared_exponential,squared_exponential:time_from_max,-4.804452156855859
HILn_QI38,1.0,-4.804453737776839,3.530065548566947e-08,10,1.0,time_from_max,squared_exponential,squared_exponential:time_from_max,-4.804453685324006
HILn_QI40,0.5,-4.804477651876368,5.8857076850627e-06,60,1.0,time_from_max,squared_exponential,squared_exponential:time_from_max,-4.80446715841299
HILn_QI41,1.0,-4.804451818688108,3.645249394265827e-10,10,1.0,time_from_max,squared_exponential,squared_exponential:time_from_max,-4.804451818376492
HILn_QI42,1.0,-4.8044645832769675,4.059930075450543e-09,10,1.0,time_from_max,squared_exponential,squared_exponential:time_from_max,-4.804464584324251
HILn_TF5,0.5,-4.804460963611291,1.4111706867503046e-06,60,1.0,time_from_max,squared_exponential,squared_exponential:time_from_max,-4.80446114420738
HILn_QI44,1.0,-4.804452788560866,6.307234198447578e-09,10,1.0,time_from_max,squared_exponential,squared_exponential:time_from_max,-4.804452783655961
HILn_TF7,1.0,-4.804453459401429,3.904449135832579e-08,10,1.0,time_from_max,squared_exponential,squared_exponential:time_from_max,-4.804453441209262
HILn_QI48,1.0,-4.804455620633689,1.0896459544090845e-07,10,1.0,time_from_max,squared_exponential,squared_exponential:time_from_max,-4.804455667254842
HILn_QI49,1.0,-4.804452084188938,5.216483022691162e-10,10,1.0,time_from_max,squared_exponential,squared_exponential:time_from_max,-4.804452085440744
HILn_QI50,0.5,-4.8044554490354585,4.689332487741202e-05,60,1.0,time_from_max,squared_exponential,squared_exponential:time_from_max,-4.804453175937397
HILn_QI51,1.0,-4.8044544506904,5.0773928441017106e-08,10,1.0,time_from_max,squared_exponential,squared_exponential:time_from_max,-4.804454476034607
HILn_QI52,1.0,-4.804452057476055,3.702883875289173e-08,10,1.0,time_from_max,squared_exponential,squared_exponential:time_from_max,-4.804451953677926
HILn_QI53,1.0,-4.8044573692900485,3.3168901322738345e-07,10,1.0,time_from_max,squared_exponential,squared_exponential:time_from_max,-4.804457450285554
HILn_QI54,1.0,-4.8045052693619255,4.344242087817171e-08,10,1.0,time_from_max,squared_exponential,squared_exponential:time_from_max,-4.804505261750819
HILn_QI55,1.0,-4.804458752317942,4.108577399652932e-09,10,1.0,time_from_max,squared_exponential,squared_exponential:time_from_max,-4.804458749785226
HILn_QI57,1.0,-4.804458027855617,2.3775360643677803e-09,10,1.0,time_from_max,squared_exponential,squared_exponential:time_from_max,-4.8044580234859495
HILn_QI58,1.0,-4.804453137202472,2.942639617750288e-08,10,1.0,time_from_max,squared_exponential,squared_exponential:time_from_max,-4.804453205813388
HILn_QI59,1.0,-4.804452993879295,6.830100677009479e-07,10,1.0,time_from_max,squared_exponential,squared_exponential:time_from_max,-4.804452387089896
HILn_QI61,1.0,-4.804464090057763,2.6871530688747788e-08,10,1.0,time_from_max,squared_exponential,squared_exponential:time_from_max,-4.8044640912121395
HILn_QI63,1.0,-4.805643962089562,3.6784803738798665e-07,10,1.0,time_from_max,squared_exponential,squared_exponential:time_from_max,-4.805644025690526
HILn_QI65,1.0,-4.804456880705402,3.599737992497074e-09,10,1.0,time_from_max,squared_exponential,squared_exponential:time_from_max,-4.804456884023693
HILn_QI66,1.0,-4.804453723829056,7.002175509006361e-09,10,1.0,time_from_max,squared_exponential,squared_exponential:time_from_max,-4.8044537195864905
HILn_QI67,1.0,-4.804454894795981,4.157943035100396e-08,10,1.0,time_from_max,squared_exponential,squared_exponential:time_from_max,-4.8044548768320965
HILn_QI69,1.0,-4.804454647535977,8.005460767665137e-09,10,1.0,time_from_max,squared_exponential,squared_exponential:time_from_max,-4.804454645781334
HILn_QI71,1.0,-4.805254342860735,1.4573125103103204e-07,10,1.0,time_from_max,squared_exponential,squared_exponential:time_from_max,-4.805254349518236
HILn_QI72,1.0,-4.804492074077416,1.5030054868774692e-08,10,1.0,time_from_max,squared_exponential,squared_exponential:time_from_max,-4.804492077735176
HILn_QI73,1.0,-4.804454545234648,5.304203596483501e-09,10,1.0,time_from_max,squared_exponential,squared_exponential:time_from_max,-4.804454556843666
HILn_QI74,1.0,-4.804463197721134,8.686111049070892e-09,10,1.0,time_from_max,squared_exponential,squared_exponential:time_from_max,-4.804463189331727
HILn_QI76,1.0,-4.804452148988275,1.9050801041968513e-08,10,1.0,time_from_max,squared_exponential,squared_exponential:time_from_max,-4.804452145417599
HILn_QI77,1.0,-4.804718527115256,2.4516442981092264e-07,10,1.0,time_from_max,squared_exponential,squared_exponential:time_from_max,-4.804718464313282
HILn_QI78,1.0,-4.804456452658087,2.5544909445794595e-07,10,1.0,time_from_max,squared_exponential,squared_exponential:time_from_max,-4.804456603921153
HILn_QI79,1.0,-4.804452499799936,4.574193844427328e-07,10,1.0,time_from_max,squared_exponential,squared_exponential:time_from_max,-4.804451864116345
HILn_QI81,1.0,-4.804454906648743,2.6303704520791448e-08,10,1.0,time_from_max,squared_exponential,squared_exponential:time_from_max,-4.804454915595215
HILn_QI82,1.0,-4.80445634804164,3.8952064643330084e-07,10,1.0,time_from_max,squared_exponential,squared_exponential:time_from_max,-4.804456941774333
HILn_QI84,1.0,-4.804453079283348,8.39879558360733e-09,10,1.0,time_from_max,squared_exponential,squared_exponential:time_from_max,-4.804453089456729
HILn_QI85,1.0,-4.804453696836617,4.652854188709587e-09,10,1.0,time_from_max,squared_exponential,squared_exponential:time_from_max,-4.804453706512504
HILn_QI86,1.0,-4.804454856228176,6.06298094935835e-08,10,1.0,time_from_max,squared_exponential,squared_exponential:time_from_max,-4.804454852521758
HILn_TF12,0.5,-4.804456434363146,1.2561836061398877e-06,60,1.0,time_from_max,squared_exponential,squared_exponential:time_from_max,-4.804457404367895
HILn_QI90,1.0,-4.804453742646956,3.129430447929558e-08,10,1.0,time_from_max,squared_exponential,squared_exponential:time_from_max,-4.804453743344766
HILn_QI91,1.0,-4.804457578895153,3.477811305209361e-08,10,1.0,time_from_max,squared_exponential,squared_exponential:time_from_max,-4.804457607739096
HILn_QI92,1.0,-4.804493988451895,2.964595630797463e-09,10,1.0,time_from_max,squared_exponential,squared_exponential:time_from_max,-4.804493988885042
HILn_QI93,1.0,-4.804452637899885,1.4519329063506654e-08,10,1.0,time_from_max,squared_exponential,squared_exponential:time_from_max,-4.804452639095416
HILn_TF13,0.5,-4.8047351789259665,0.4436230043626419,60,1.0,time_from_max,squared_exponential,squared_exponential:time_from_max,-5.267232097786291
HILn_QI95,0.5,-4.804452484077501,5.677154831852704e-06,60,1.0,time_from_max,squared_exponential,squared_exponential:time_from_max,-4.8044588517877855
HILn_TF14,1.0,-4.80445184950122,1.4100194406707447e-08,10,1.0,time_from_max,squared_exponential,squared_exponential:time_from_max,-4.80445182542644
HILn_QI97,1.0,-4.804452405727716,2.7017119720014306e-08,10,1.0,time_from_max,squared_exponential,squared_exponential:time_from_max,-4.804452363671317
HILn_QI98,1.0,-4.804454076219372,7.962403090060596e-09,10,1.0,time_from_max,squared_exponential,squared_exponential:time_from_max,-4.804454063149933
HILn_QI99,1.0,-4.804464537984586,2.1321880927872677e-07,10,1.0,time_from_max,squared_exponential,squared_exponential:time_from_max,-4.804464051074774
HILn_QI101,1.0,-4.8044572639921626,7.157772136578276e-08,10,1.0,time_from_max,squared_exponential,squared_exponential:time_from_max,-4.804457256968362
HILn_QI28433,0.5,-4.804874649793874,0.4220945679007027,60,1.0,time_from_max,squared_exponential,squared_exponential:time_from_max,-4.852394890373489
HILn_QI102,1.0,-4.804453404396099,1.8674437222124847e-08,10,1.0,time_from_max,squared_exponential,squared_exponential:time_from_max,-4.804453417126297
HILn_QI103,1.0,-4.804458937527215,3.168793729904352e-08,10,1.0,time_from_max,squared_exponential,squared_exponential:time_from_max,-4.804458999459712
HILn_QI105,1.0,-4.804458573153397,8.843321383892233e-09,10,1.0,time_from_max,squared_exponential,squared_exponential:time_from_max,-4.804458574803903
HILn_QI106,0.04461538461538461,-4.804962018138895,0.3482154632003783,60,1.0,time_from_max,squared_exponential,squared_exponential:time_from_max,-4.339587190562725
HILn_QI107,1.0,-4.804452109531439,3.583055215066592e-09,10,1.0,time_from_max,squared_exponential,squared_exponential:time_from_max,-4.804452106254757
HILn_QI108,1.0,-4.804600184880428,1.0353941529213899e-08,10,1.0,time_from_max,squared_exponential,squared_exponential:time_from_max,-4.8046001868369785
HILn_QI109,1.0,-4.804457988544982,2.3072723497952374e-08,10,1.0,time_from_max,squared_exponential,squared_exponential:time_from_max,-4.804458003168747
HILn_QI110,0.5,-4.804453413415331,9.637985041692793e-06,60,1.0,time_from_max,squared_exponential,squared_exponential:time_from_max,-4.80445366965796
HILn_QI111,1.0,-4.804453263302548,6.450048099057639e-09,10,1.0,time_from_max,squared_exponential,squared_exponential:time_from_max,-4.804453253932024
HILn_QI112,1.0,-4.804466742318027,2.2056961414110248e-07,10,1.0,time_from_max,squared_exponential,squared_exponential:time_from_max,-4.804466512785439
HILn_TF16,0.5,-4.804453664560697,1.8117798758506402e-06,60,1.0,time_from_max,squared_exponential,squared_exponential:time_from_max,-4.804458043818158
HILn_QI114,1.0,-4.804454211468055,1.0770822661152604e-07,10,1.0,time_from_max,squared_exponential,squared_exponential:time_from_max,-4.804454251978768
HILn_TF17,1.0,-4.804459009249285,8.603920266371612e-07,10,1.0,time_from_max,squared_exponential,squared_exponential:time_from_max,-4.80445993240528
HILn_QI116,1.0,-4.804465246814061,1.3883061564755765e-07,10,1.0,time_from_max,squared_exponential,squared_exponential:time_from_max,-4.804465200109007
HILn_QI119,1.0,-4.804452335412861,1.2828311883396789e-08,10,1.0,time_from_max,squared_exponential,squared_exponential:time_from_max,-4.804452327272884
HILn_QI120,1.0,-4.804453999608768,3.6769584928507886e-08,10,1.0,time_from_max,squared_exponential,squared_exponential:time_from_max,-4.804453984495922
HILn_QI121,0.013150866895019098,-4.8058194533630285,0.32309367584794313,60,1.0,time_from_max,squared_exponential,squared_exponential:time_from_max,-3.6521449443921483
HILn_QI123,1.0,-4.804453418856383,7.842302261669698e-08,10,1.0,time_from_max,squared_exponential,squared_exponential:time_from_max,-4.804453333074434
HILn_QI124,1.0,-4.8046623855395865,1.3010400092325695e-07,10,1.0,time_from_max,squared_exponential,squared_exponential:time_from_max,-4.804662566727984
HILn_QI126,1.0,-4.804451943268532,1.3762276428645752e-07,10,1.0,time_from_max,squared_exponential,squared_exponential:time_from_max,-4.804452036871226
HILn_TF18,0.5,-4.80448166020642,1.4939978694261133,60,1.0,time_from_max,squared_exponential,squared_exponential:time_from_max,-7.455415473828907
HILn_QI128,0.5,-4.804465275866278,0.42972468108730283,60,1.0,time_from_max,squared_exponential,squared_exponential:time_from_max,-5.319562197038977
HILn_QI22769,1.0,-4.804453820530625,4.371444503941611e-07,10,1.0,time_from_max,squared_exponential,squared_exponential:time_from_max,-4.804454243695545
HILn_QI130,1.0,-4.804479357449509,2.4727844000608575e-07,10,1.0,time_from_max,squared_exponential,squared_exponential:time_from_max,-4.8044790532821935
HILn_TF19,1.0,-4.804452839665373,1.891000046857239e-07,10,1.0,time_from_max,squared_exponential,squared_exponential:time_from_max,-4.804452792780012
HILn_QI132,1.0,-4.804453622891515,6.571352649881722e-08,10,1.0,time_from_max,squared_exponential,squared_exponential:time_from_max,-4.804453710442431
HILp_QI715,1.0,-4.80447739458441,3.364443524160813e-08,10,1.0,time_from_max,squared_exponential,squared_exponential:time_from_max,-4.804477358408349
HILp_QI19549,0.5,-4.80445398956158,1.0897075278184266e-05,60,1.0,time_from_max,squared_exponential,squared_exponential:time_from_max,-4.804454734471165
HILp_TF11,1.0,-4.8044599314685,7.058970319433821e-07,10,1.0,time_from_max,squared_exponential,squared_exponential:time_from_max,-4.804459589372527
HILp_QI3107,1.0,-4.804456200487948,1.50938052367642e-09,10,1.0,time_from_max,squared_exponential,squared_exponential:time_from_max,-4.80445619654347
HILp_QI1303,1.0,-4.804453946364447,4.2532058206208343e-07,10,1.0,time_from_max,squared_exponential,squared_exponential:time_from_max,-4.804453485959584
HILp_QI7107,1.0,-4.80447525173372,5.817692006754145e-08,10,1.0,time_from_max,squared_exponential,squared_exponential:time_from_max,-4.80447521276119
HILp_QI4902,0.5,-4.804454686634017,1.4950603395999461e-06,60,1.0,time_from_max,squared_exponential,squared_exponential:time_from_max,-4.804455101351778
HILp_QI29,1.0,-4.804453493187111,2.1946031043093608e-09,10,1.0,time_from_max,squared_exponential,squared_exponential:time_from_max,-4.804453496539281
HILp_QI168,1.0,-4.804452314183891,3.381709026586841e-08,10,1.0,time_from_max,squared_exponential,squared_exponential:time_from_max,-4.804452279486213
HILp_QI352,1.0,-4.8044616471818244,1.9340729944470504e-09,10,1.0,time_from_max,squared_exponential,squared_exponential:time_from_max,-4.804461646840537
HILp_QI1890,1.0,-4.804453504868661,8.448060730782913e-08,10,1.0,time_from_max,squared_exponential,squared_exponential:time_from_max,-4.8044536091238115
HILp_TF38,1.0,-4.804452103716358,6.506304982955258e-07,60,1.0,time_from_max,squared_exponential,squared_exponential:time_from_max,-4.804451767696264
HILp_QI1810,1.0,-4.804476922756521,4.489694235272499e-08,10,1.0,time_from_max,squared_exponential,squared_exponential:time_from_max,-4.804476892381899
HILp_QI1788,1.0,-4.804457382954752,1.958044209635345e-08,10,1.0,time_from_max,squared_exponential,squared_exponential:time_from_max,-4.804457427593206
HILp_QI2162,1.0,-4.804479834480162,1.4309641461718489e-08,10,1.0,time_from_max,squared_exponential,squared_exponential:time_from_max,-4.8044798421929045
HILp_QI2979,1.0,-4.804457138406406,1.9906051738547335e-07,10,1.0,time_from_max,squared_exponential,squared_exponential:time_from_max,-4.804456832943288
HILp_QI1794,1.0,-4.804456195941839,5.141976031126591e-08,10,1.0,time_from_max,squared_exponential,squared_exponential:time_from_max,-4.804456209536056
HILp_TF58,1.0,-4.804457562730022,8.034699577369507e-08,10,1.0,time_from_max,squared_exponential,squared_exponential:time_from_max,-4.804457558279864
HILp_TF54,0.5,-4.804456948063034,7.647487610718228e-05,60,1.0,time_from_max,squared_exponential,squared_exponential:time_from_max,-4.804735964439715
HILp_TF53,0.5,-4.804487572313519,3.360525980798537e-05,60,1.0,time_from_max,squared_exponential,squared_exponential:time_from_max,-4.804488619758558
HILp_TF55,1.0,-4.804477963573845,4.066601117866902e-08,10,1.0,time_from_max,squared_exponential,squared_exponential:time_from_max,-4.804478041985931
HILp_TF57,0.5,-4.804452016949654,2.0918402216887523e-06,60,1.0,time_from_max,squared_exponential,squared_exponential:time_from_max,-4.804452099488117
HILp_TF56,0.5,-4.804461447019548,1.0724215816771076e-05,60,1.0,time_from_max,squared_exponential,squared_exponential:time_from_max,-4.8044585990237465
HILp_QI578,0.5,-4.80502677937784,1.1498197833993107,60,1.0,time_from_max,squared_exponential,squared_exponential:time_from_max,-5.475263774594623
HILp_QI1106,1.0,-4.8044529007647725,7.020877641320075e-09,10,1.0,time_from_max,squared_exponential,squared_exponential:time_from_max,-4.8044528939431075
HILp_QI1169,1.0,-4.804456287380617,3.599958999757176e-09,10,1.0,time_from_max,squared_exponential,squared_exponential:time_from_max,-4.804456284723074
HILp_QI3009,1.0,-4.804456736843349,4.3210418815920205e-08,10,1.0,time_from_max,squared_exponential,squared_exponential:time_from_max,-4.804456737075725
HILp_QI868,1.0,-4.804457906067682,4.734850054506662e-07,10,1.0,time_from_max,squared_exponential,squared_exponential:time_from_max,-4.804458082205656
HILp_QI4915,1.0,-4.804462638532186,6.679503874682401e-09,10,1.0,time_from_max,squared_exponential,squared_exponential:time_from_max,-4.804462646178763
HILp_QI3039,1.0,-4.804453840080896,3.3942225161148265e-09,10,1.0,time_from_max,squared_exponential,squared_exponential:time_from_max,-4.8044538372200805
HILp_QI322,1.0,-4.80445321385514,1.474427947366892e-09,10,1.0,time_from_max,squared_exponential,squared_exponential:time_from_max,-4.804453213737361
HILp_TF48,0.5,-4.804471634532092,3.992923330544806e-05,60,1.0,time_from_max,squared_exponential,squared_exponential:time_from_max,-4.804465962448376
HILp_QI3588,1.0,-4.804455681231502,1.4649345236130953e-08,10,1.0,time_from_max,squared_exponential,squared_exponential:time_from_max,-4.804455683614833
HILp_TF28,0.5,-4.8048889145316025,1.0369306618639136,60,1.0,time_from_max,squared_exponential,squared_exponential:time_from_max,-4.9451184518038644
HILp_QI3608,0.5,-4.804452076234838,1.0639471604928526e-05,60,1.0,time_from_max,squared_exponential,squared_exponential:time_from_max,-4.804457399577132
HILp_QI892,1.0,-4.80446152171362,9.353985413301118e-09,10,1.0,time_from_max,squared_exponential,squared_exponential:time_from_max,-4.804461515367166
HILp_QI484,1.0,-4.804458226975612,1.8888911746472142e-07,10,1.0,time_from_max,squared_exponential,squared_exponential:time_from_max,-4.8044582754419025
HILp_QI1144,1.0,-4.804452907302448,5.88665890444425e-09,10,1.0,time_from_max,squared_exponential,squared_exponential:time_from_max,-4.804452906700135
HILp_QI755,1.0,-4.804487654055265,2.3139425550579938e-07,10,1.0,time_from_max,squared_exponential,squared_exponential:time_from_max,-4.80448758474995
HILp_QI615,0.5,-4.804914236245168,0.5872429246063221,60,1.0,time_from_max,squared_exponential,squared_exponential:time_from_max,-5.531823911307129
HILp_QI331,1.0,-4.804453679317248,5.073267042668098e-07,10,1.0,time_from_max,squared_exponential,squared_exponential:time_from_max,-4.804453344424928
HILp_QI6656,1.0,-4.804454029249882,1.2113266253767888e-07,10,1.0,time_from_max,squared_exponential,squared_exponential:time_from_max,-4.804454024064853
HILp_QI1757,1.0,-4.8044517977346,2.0858358246324055e-07,10,1.0,time_from_max,squared_exponential,squared_exponential:time_from_max,-4.804452154416595
HILp_TF51,0.5,-4.804451478087685,1.777008026163388e-05,60,1.0,time_from_max,squared_exponential,squared_exponential:time_from_max,-4.804486086110046
HILp_QI1110,1.0,-4.804457439842281,8.622394376482562e-07,10,1.0,time_from_max,squared_exponential,squared_exponential:time_from_max,-4.804457566003748
HILp_QI522,1.0,-4.804456061545579,6.309505630442524e-08,10,1.0,time_from_max,squared_exponential,squared_exponential:time_from_max,-4.804455950488318
HILp_QI30,1.0,-4.80448778931509,1.8075428987828358e-09,10,1.0,time_from_max,squared_exponential,squared_exponential:time_from_max,-4.80448778904929
HILp_QI7060,0.5,-4.8044548927541655,1.8473073179547601e-06,60,1.0,time_from_max,squared_exponential,squared_exponential:time_from_max,-4.804454463976981
HILp_QI473,1.0,-4.8044594535952,2.2375198507484683e-08,10,1.0,time_from_max,squared_exponential,squared_exponential:time_from_max,-4.80445948051829
HILp_TF9,0.5,-4.804464318399823,1.3329411968049566e-05,60,1.0,time_from_max,squared_exponential,squared_exponential:time_from_max,-4.804473034334478
HILp_TF14,0.5,-4.804459389826434,1.1314497875377399e-06,60,1.0,time_from_max,squared_exponential,squared_exponential:time_from_max,-4.804461679873839
HILp_QI3040,1.0,-4.804452207346117,5.587236567938192e-10,10,1.0,time_from_max,squared_exponential,squared_exponential:time_from_max,-4.804452204585004
HILp_QI1037,1.0,-4.8044525810059895,1.969761914396322e-07,10,1.0,time_from_max,squared_exponential,squared_exponential:time_from_max,-4.804452438778753
HILp_TF34,1.0,-4.804451972330526,5.117396271600709e-07,10,1.0,time_from_max,squared_exponential,squared_exponential:time_from_max,-4.804451846302072
HILp_QI1320,0.5,-4.804461368810507,1.2484921805971011e-05,60,1.0,time_from_max,squared_exponential,squared_exponential:time_from_max,-4.804462491349568
HILp_QI1759,1.0,-4.804453102246043,9.446209062593714e-07,10,1.0,time_from_max,squared_exponential,squared_exponential:time_from_max,-4.804453105128232
HILp_QI163,1.0,-4.804462456604597,2.2782648448907977e-08,10,1.0,time_from_max,squared_exponential,squared_exponential:time_from_max,-4.804462448831146
HILp_QI2598,1.0,-4.804464234320676,2.544333828646875e-08,10,1.0,time_from_max,squared_exponential,squared_exponential:time_from_max,-4.804464190356157
HILp_TF37,1.0,-4.804460907848352,6.874428286896375e-07,10,1.0,time_from_max,squared_exponential,squared_exponential:time_from_max,-4.804460892712996
HILp_QI5874,1.0,-4.804453927662053,2.1173716984583313e-08,10,1.0,time_from_max,squared_exponential,squared_exponential:time_from_max,-4.804453926203223
HILp_QI2466,1.0,-4.804562010195923,3.91106605709004e-07,10,1.0,time_from_max,squared_exponential,squared_exponential:time_from_max,-4.804561452886901
HILp_QI4241,1.0,-4.804459100020495,7.691926664929414e-08,10,1.0,time_from_max,squared_exponential,squared_exponential:time_from_max,-4.804459012533698
HILp_QI4845,1.0,-4.804461341647993,1.1978772007264983e-08,10,1.0,time_from_max,squared_exponential,squared_exponential:time_from_max,-4.804461329525111
HILp_QI6844,1.0,-4.804455952733861,2.714179638603226e-08,10,1.0,time_from_max,squared_exponential,squared_exponential:time_from_max,-4.804455960617361
HILp_QI6120,1.0,-4.804452671910894,5.476947405114114e-09,10,1.0,time_from_max,squared_exponential,squared_exponential:time_from_max,-4.804452678105918
HILp_QI8757,1.0,-4.8044516395322034,1.817153874541474e-08,10,1.0,time_from_max,squared_exponential,squared_exponential:time_from_max,-4.804451651533782
HILp_QI9350,1.0,-4.804451942010928,1.3128730441924079e-08,10,1.0,time_from_max,squared_exponential,squared_exponential:time_from_max,-4.80445195455377
HILp_QI9164,1.0,-4.804451857026379,4.641916684445985e-08,10,1.0,time_from_max,squared_exponential,squared_exponential:time_from_max,-4.804451782837532
HILp_QI10330,1.0,-4.804465216898052,6.657312700030033e-09,10,1.0,time_from_max,squared_exponential,squared_exponential:time_from_max,-4.804465217890993
HILp_QI11212,1.0,-4.804457454762087,4.592863523390258e-08,10,1.0,time_from_max,squared_exponential,squared_exponential:time_from_max,-4.804457470604575
HILp_QI11143,1.0,-4.80445534299065,2.59245776795799e-08,10,1.0,time_from_max,squared_exponential,squared_exponential:time_from_max,-4.804455351351862
HILp_QI11066,1.0,-4.804452788252547,2.5092112686755123e-08,10,1.0,time_from_max,squared_exponential,squared_exponential:time_from_max,-4.804452826820125
HILp_QI11887,1.0,-4.8044529911232985,1.7425303704491773e-07,10,1.0,time_from_max,squared_exponential,squared_exponential:time_from_max,-4.8044531253081
HILp_TF24,1.0,-4.80445385134135,1.4603377193693232e-07,10,1.0,time_from_max,squared_exponential,squared_exponential:time_from_max,-4.804453765110338
HILp_QI12539,1.0,-4.804452535529208,1.0489757852546248e-07,10,1.0,time_from_max,squared_exponential,squared_exponential:time_from_max,-4.804452283833598
HILp_QI12494,1.0,-4.804453781484199,2.0020028098157883e-07,10,1.0,time_from_max,squared_exponential,squared_exponential:time_from_max,-4.804453529224702
HILp_TF23,1.0,-4.804451582879892,3.6452924297372194e-09,10,1.0,time_from_max,squared_exponential,squared_exponential:time_from_max,-4.804451580911518
HILp_QI12459,1.0,-4.804454040509654,3.639240786612546e-08,10,1.0,time_from_max,squared_exponential,squared_exponential:time_from_max,-4.804454009582514
HILp_QI13219,1.0,-4.804453763792708,2.862290036989236e-08,10,1.0,time_from_max,squared_exponential,squared_exponential:time_from_max,-4.8044537609180225
HILp_QI13031,1.0,-4.804458883829739,9.031472551352649e-07,60,1.0,time_from_max,squared_exponential,squared_exponential:time_from_max,-4.804458902469378
HILp_QI2602,1.0,-4.804453140923215,2.951638575200732e-08,10,1.0,time_from_max,squared_exponential,squared_exponential:time_from_max,-4.804453127155284
HILp_QI8513,1.0,-4.804455665181877,1.1646117596145303e-09,10,1.0,time_from_max,squared_exponential,squared_exponential:time_from_max,-4.8044556643226315
HILp_QI10472,1.0,-4.804562960576504,5.929782209067066e-09,10,1.0,time_from_max,squared_exponential,squared_exponential:time_from_max,-4.8045629562716385
HILp_QI1756,1.0,-4.8044528790767345,1.1183272250530967e-09,10,1.0,time_from_max,squared_exponential,squared_exponential:time_from_max,-4.804452878534903
HILp_QI7751,1.0,-4.80445878644332,1.0601611715186723e-08,10,1.0,time_from_max,squared_exponential,squared_exponential:time_from_max,-4.804458777705804
HILp_QI2793,1.0,-4.804459486239239,3.459851857070109e-08,10,1.0,time_from_max,squared_exponential,squared_exponential:time_from_max,-4.804459489521832
HILp_QI2638,1.0,-4.804471814421277,2.3546485603560657e-07,10,1.0,time_from_max,squared_exponential,squared_exponential:time_from_max,-4.804471647942137
HILp_TF8,1.0,-4.804461702002072,5.958526094279947e-07,10,1.0,time_from_max,squared_exponential,squared_exponential:time_from_max,-4.804463253793983
HILp_QI418,1.0,-4.804454756566429,2.4583141369203993e-09,10,1.0,time_from_max,squared_exponential,squared_exponential:time_from_max,-4.804454759230794
HILp_QI1750,1.0,-4.804454813033317,3.8944508028842925e-08,10,1.0,time_from_max,squared_exponential,squared_exponential:time_from_max,-4.804454824872664
HILp_QI1929,1.0,-4.804452849563859,2.521516768500327e-09,10,1.0,time_from_max,squared_exponential,squared_exponential:time_from_max,-4.8044528494419865
HILp_QI3985,1.0,-4.804452748811855,1.5911154200495976e-08,10,1.0,time_from_max,squared_exponential,squared_exponential:time_from_max,-4.804452742154808
HILp_QI2601,1.0,-4.804455499140204,6.358336143443441e-07,10,1.0,time_from_max,squared_exponential,squared_exponential:time_from_max,-4.804454631593671
HILp_TF4,1.0,-4.804462094921746,8.472518370849012e-08,10,1.0,time_from_max,squared_exponential,squared_exponential:time_from_max,-4.804461943253045
HILp_QI7860,1.0,-4.804453226288842,6.178702644354139e-08,10,1.0,time_from_max,squared_exponential,squared_exponential:time_from_max,-4.804453158285469
HILp_QI1989,1.0,-4.804493874203899,3.246034769888963e-08,10,1.0,time_from_max,squared_exponential,squared_exponential:time_from_max,-4.804493911899954
HILp_QI4966,0.5,-4.805146444074353,0.8107216732012505,60,1.0,time_from_max,squared_exponential,squared_exponential:time_from_max,-5.145937928787134
HILp_TF45,0.5,-4.80447445267464,1.7583569069294584e-05,60,1.0,time_from_max,squared_exponential,squared_exponential:time_from_max,-4.8044946515365154
HILp_QI1127,1.0,-4.804454553063806,2.3600249791169992e-07,10,1.0,time_from_max,squared_exponential,squared_exponential:time_from_max,-4.804454152443213
HILp_QI7038,1.0,-4.8044988210181145,1.120700105041752e-07,10,1.0,time_from_max,squared_exponential,squared_exponential:time_from_max,-4.804498917822912
HILp_TF26,1.0,-4.80445268124322,1.230600552921122e-07,10,1.0,time_from_max,squared_exponential,squared_exponential:time_from_max,-4.804452418608889
HILp_QI19408,1.0,-4.804455355687196,1.5078063239094805e-07,10,1.0,time_from_max,squared_exponential,squared_exponential:time_from_max,-4.8044553460181305
HILp_TF5,0.5,-4.804454170859344,1.2695745297030498e-06,60,1.0,time_from_max,squared_exponential,squared_exponential:time_from_max,-4.804453284739793
HILp_TF46,0.5,-4.804506631589902,0.0002717739629007541,60,1.0,time_from_max,squared_exponential,squared_exponential:time_from_max,-4.804537697134947
HILp_QI3770,1.0,-4.804456738023191,4.8541337667538456e-08,10,1.0,time_from_max,squared_exponential,squared_exponential:time_from_max,-4.804456763872622
HILp_QI10949,1.0,-4.8045402405916775,6.325498147230751e-09,10,1.0,time_from_max,squared_exponential,squared_exponential:time_from_max,-4.80454023493985
HILp_TF36,0.5,-4.8044649610865235,7.906195036256685e-06,60,1.0,time_from_max,squared_exponential,squared_exponential:time_from_max,-4.804461073897073
HILp_QI8054,1.0,-4.804463056367922,2.8527027888830374e-07,10,1.0,time_from_max,squared_exponential,squared_exponential:time_from_max,-4.804462960442379
HILp_TF43,1.0,-4.804456833441691,5.751067820617464e-07,60,1.0,time_from_max,squared_exponential,squared_exponential:time_from_max,-4.804456392576867
HILp_QI2874,0.5,-4.806184747584211,5.506978470780278e-05,60,1.0,time_from_max,squared_exponential,squared_exponential:time_from_max,-4.806184097917139
HILp_TF44,0.5,-4.804452733992093,1.0765015624064047e-05,60,1.0,time_from_max,squared_exponential,squared_exponential:time_from_max,-4.804452783672332
HILp_TF47,0.5,-4.8044553600070685,1.8239077121867124e-06,60,1.0,time_from_max,squared_exponential,squared_exponential:time_from_max,-4.804457329820252
HILp_QI3629,1.0,-4.804453653999644,3.120385796970959e-09,10,1.0,time_from_max,squared_exponential,squared_exponential:time_from_max,-4.804453659057344
HILp_QI3716,1.0,-4.804454361229546,4.728748102082602e-10,10,1.0,time_from_max,squared_exponential,squared_exponential:time_from_max,-4.804454361079024
HILp_QI1508,1.0,-4.804523058457789,5.042212768709758e-07,10,1.0,time_from_max,squared_exponential,squared_exponential:time_from_max,-4.804523482217519
HILp_TF40,0.004944373656789125,-4.805447045514484,0.7883266915838375,60,1.0,time_from_max,squared_exponential,squared_exponential:time_from_max,-1.1892947142696357
HILp_QI9633,1.0,-4.804454461825571,9.83992883780625e-07,10,1.0,time_from_max,squared_exponential,squared_exponential:time_from_max,-4.804453755838949
HILp_TF20,0.5,-4.804469085151823,9.383051095181625e-06,60,1.0,time_from_max,squared_exponential,squared_exponential:time_from_max,-4.804470961287279
HILp_QI1048,1.0,-4.80448587210185,5.2644915842668986e-09,10,1.0,time_from_max,squared_exponential,squared_exponential:time_from_max,-4.804485867427502
HILp_TF42,1.0,-4.8044797625429965,5.837180919493303e-08,10,1.0,time_from_max,squared_exponential,squared_exponential:time_from_max,-4.804479786390402
HILp_QI2850,1.0,-4.804589062137438,2.7053115278165145e-09,10,1.0,time_from_max,squared_exponential,squared_exponential:time_from_max,-4.804589061798197
HILp_TF50,0.5,-4.804459934510305,1.6017134643752252e-05,60,1.0,time_from_max,squared_exponential,squared_exponential:time_from_max,-4.8044900928298375
HILp_QI3549,1.0,-4.804459412810957,8.286832716075892e-07,60,1.0,time_from_max,squared_exponential,squared_exponential:time_from_max,-4.804460130876578
HILp_TF52,0.5,-4.804455032251781,1.682286831678186e-06,60,1.0,time_from_max,squared_exponential,squared_exponential:time_from_max,-4.8044560507755705
HILp_QI2014,1.0,-4.804464578311581,4.895303733594091e-08,10,1.0,time_from_max,squared_exponential,squared_exponential:time_from_max,-4.804464508447836
HILp_QI9142,1.0,-4.8044529079527365,1.2957013627989194e-08,10,1.0,time_from_max,squared_exponential,squared_exponential:time_from_max,-4.80445290560192
HILp_TF41,1.0,-4.80445182743415,7.583470071992613e-07,10,1.0,time_from_max,squared_exponential,squared_exponential:time_from_max,-4.80445184079781
HILp_QI1105,1.0,-4.804452380743896,1.6987828534199888e-10,10,1.0,time_from_max,squared_exponential,squared_exponential:time_from_max,-4.804452380928751
HILp_QI2994,1.0,-4.804451664426665,4.9469674071653e-10,10,1.0,time_from_max,squared_exponential,squared_exponential:time_from_max,-4.8044516649833895
HILp_TF22,1.0,-4.8044570328595455,9.040924775548201e-08,10,1.0,time_from_max,squared_exponential,squared_exponential:time_from_max,-4.804456795871374
HILp_TF27,0.5,-4.8044969470602155,4.0552058083079105e-06,60,1.0,time_from_max,squared_exponential,squared_exponential:time_from_max,-4.804501284173966
HILp_QI3939,1.0,-4.804476961729279,1.3797827515924868e-08,60,1.0,time_from_max,squared_exponential,squared_exponential:time_from_max,-4.804476945382703
HILp_QI2965,1.0,-4.804453926011547,1.4761705148121407e-09,10,1.0,time_from_max,squared_exponential,squared_exponential:time_from_max,-4.804453925448797
HILp_QI1093,1.0,-4.804451538563171,7.409774732103078e-07,10,1.0,time_from_max,squared_exponential,squared_exponential:time_from_max,-4.8044530064235005
HILp_QI4793,1.0,-4.804457964948369,9.807714390186773e-08,10,1.0,time_from_max,squared_exponential,squared_exponential:time_from_max,-4.804457933110825
HILp_QI2981,1.0,-4.804456128309539,5.6288327356043016e-08,10,1.0,time_from_max,squared_exponential,squared_exponential:time_from_max,-4.8044561722445
HILp_QI3593,1.0,-4.804468815735845,5.266962013320066e-07,10,1.0,time_from_max,squared_exponential,squared_exponential:time_from_max,-4.804469070894811
HILp_QI1038,0.5,-4.805312341194167,0.290045436584544,60,1.0,time_from_max,squared_exponential,squared_exponential:time_from_max,-5.827549502224883
HILp_TF13,1.0,-4.804472570057442,5.54059944435547e-07,10,1.0,time_from_max,squared_exponential,squared_exponential:time_from_max,-4.804472615287523
HILp_QI7976,1.0,-4.804460865087549,3.296222352835325e-07,60,1.0,time_from_max,squared_exponential,squared_exponential:time_from_max,-4.804460599256345
HILp_QI1646,1.0,-4.804483795740907,9.369965713154419e-08,10,1.0,time_from_max,squared_exponential,squared_exponential:time_from_max,-4.804483605690621
HILp_TF7,0.5,-4.8051773203615085,1.728450077813511e-06,60,1.0,time_from_max,squared_exponential,squared_exponential:time_from_max,-4.80517733675606
HILp_TF15,0.5,-4.804457443872707,5.65476693310019e-06,60,1.0,time_from_max,squared_exponential,squared_exponential:time_from_max,-4.804455802322991
HILp_QI9662,1.0,-4.804452442892398,1.096677861923343e-09,10,1.0,time_from_max,squared_exponential,squared_exponential:time_from_max,-4.804452444309163
HILp_TF49,1.0,-4.804452051755106,9.14946200522963e-08,10,1.0,time_from_max,squared_exponential,squared_exponential:time_from_max,-4.8044519207892336
HILp_QI1968,0.5,-4.804453211603914,5.712426944630359e-06,60,1.0,time_from_max,squared_exponential,squared_exponential:time_from_max,-4.804453590301819
HILp_QI8763,1.0,-4.8044549704800374,7.607520293134527e-07,10,1.0,time_from_max,squared_exponential,squared_exponential:time_from_max,-4.80445506785145
HILp_QI8646,0.5,-4.804458754525513,2.4272458558850523e-06,60,1.0,time_from_max,squared_exponential,squared_exponential:time_from_max,-4.804458051982692
HILp_QI1363,1.0,-4.8044584932818,7.18380580385815e-08,10,1.0,time_from_max,squared_exponential,squared_exponential:time_from_max,-4.80445848137515
HILp_QI20478,0.5,-4.804451485918889,2.1327320415672347e-06,60,1.0,time_from_max,squared_exponential,squared_exponential:time_from_max,-4.804451477732073
HILp_QI13472,1.0,-4.8044532643973525,2.1610166389841173e-08,10,1.0,time_from_max,squared_exponential,squared_exponential:time_from_max,-4.804453271920465
HILp_QI14033,1.0,-4.804454174873172,5.867966159801014e-08,10,1.0,time_from_max,squared_exponential,squared_exponential:time_from_max,-4.804454243960663
HILp_TF30,1.0,-4.804451498516755,6.646852812499392e-08,10,1.0,time_from_max,squared_exponential,squared_exponential:time_from_max,-4.804451515523397
HILp_TF32,1.0,-4.804454651297874,5.668489362950285e-07,10,1.0,time_from_max,squared_exponential,squared_exponential:time_from_max,-4.804454936482216
HILp_TF29,0.5,-4.804815112459892,4.5242683702869894e-06,60,1.0,time_from_max,squared_exponential,squared_exponential:time_from_max,-4.804815423259242
HILp_QI15155,1.0,-4.804452597153613,5.679566923431837e-07,10,1.0,time_from_max,squared_exponential,squared_exponential:time_from_max,-4.804452199163279
HILp_QI15372,1.0,-4.804947501537981,4.744647351575644e-07,10,1.0,time_from_max,squared_exponential,squared_exponential:time_from_max,-4.804948057615547
HILp_QI16955,1.0,-4.804452869592524,1.6740056376626567e-08,10,1.0,time_from_max,squared_exponential,squared_exponential:time_from_max,-4.804452876612686
HILp_QI13719,1.0,-4.80445531899295,4.297582901100392e-08,10,1.0,time_from_max,squared_exponential,squared_exponential:time_from_max,-4.8044555096503245
HILp_QI14421,0.5,-4.804454118230751,9.974642105500751e-06,60,1.0,time_from_max,squared_exponential,squared_exponential:time_from_max,-4.804453443392504
HILp_QI13155,0.5,-4.804660344696913,1.1974653242076103e-06,60,1.0,time_from_max,squared_exponential,squared_exponential:time_from_max,-4.804660870780026
HILp_TF17,0.5,-4.804455375095131,4.448192639288008e-06,60,1.0,time_from_max,squared_exponential,squared_exponential:time_from_max,-4.804453067689792
HILp_TF35,1.0,-4.804454896800962,3.572957108373862e-07,10,1.0,time_from_max,squared_exponential,squared_exponential:time_from_max,-4.804454709699257
HILp_TF19,1.0,-4.8044596614281545,9.661457609073522e-07,60,1.0,time_from_max,squared_exponential,squared_exponential:time_from_max,-4.80446035735531
HILp_QI25304,1.0,-4.804454448298657,9.709608279521461e-09,10,1.0,time_from_max,squared_exponential,squared_exponential:time_from_max,-4.804454452426398
HILp_TF2,0.5,-4.804452185183891,1.8939048909478599e-06,60,1.0,time_from_max,squared_exponential,squared_exponential:time_from_max,-4.804451519682516
HILp_TF3,0.5,-4.804455581013372,1.9674445883789786e-06,60,1.0,time_from_max,squared_exponential,squared_exponential:time_from_max,-4.804453962087791
HILp_TF12,0.5,-4.804451549714486,2.4716161458596268e-05,60,1.0,time_from_max,squared_exponential,squared_exponential:time_from_max,-4.80445163737113
HILp_QI23736,1.0,-4.8044517447610815,5.6559312271779636e-09,10,1.0,time_from_max,squared_exponential,squared_exponential:time_from_max,-4.8044517323182845
HILp_QI24373,1.0,-4.804476979373021,1.3700208981512395e-07,10,1.0,time_from_max,squared_exponential,squared_exponential:time_from_max,-4.80447675106052
