metabolite,p_value,null_centre,null_sd,n_draws,q_value,covariate,kernel_type,stratum,log_bf
C18n_QI06,0.5,-2.7361989102705593,0.0009992908959027117,120,1.0,time_from_max,lin,lin:time_from_max,-2.73633010007552
C18n_QI07,1.0,-2.736103698288389,1.3907620200178095e-07,10,1.0,time_from_max,lin,lin:time_from_max,-2.736103637932956
C18n_QI08,1.0,-2.736106758778533,1.062304173352017e-09,10,1.0,time_from_max,lin,lin:time_from_max,-2.7361067588062724
C18n_QI10,1.0,-2.736136218062029,3.150419372162134e-08,10,1.0,time_from_max,lin,lin:time_from_max,-2.7361362430588088
C18n_QI11,0.09384615384615391,-2.7361314094448517,0.7328732157448845,120,1.0,time_from_max,lin,lin:time_from_max,-1.4869582782398538
C18n_TF1,1.0,-2.7361355374882805,3.176320365733007e-08,10,1.0,time_from_max,lin,lin:time_from_max,-2.736135536681104
C18n_QI12,0.5,-2.736135843356351,5.672544495731347e-05,120,1.0,time_from_max,lin,lin:time_from_max,-2.7361322426868355
C18n_QI13,1.0,-2.736131296830308,1.1385854199483682e-08,10,1.0,time_from_max,lin,lin:time_from_max,-2.736131306950483
C18n_QI14,1.0,-2.736110328056384,7.571409667995947e-09,10,1.0,time_from_max,lin,lin:time_from_max,-2.7361103075832034
C18n_TF2,1.0,-2.7361555496418077,2.952833851160287e-08,10,1.0,time_from_max,lin,lin:time_from_max,-2.7361554880922085
C18n_QI15,1.0,-2.7359958969850595,1.1709732535894046e-07,10,1.0,time_from_max,lin,lin:time_from_max,-2.735995889936476
C18n_QI16,1.0,-2.7361714466087506,2.5379168056122156e-08,10,1.0,time_from_max,lin,lin:time_from_max,-2.736171475581159
C18n_QI17,1.0,-2.7362052382281945,9.903709905366239e-09,10,1.0,time_from_max,lin,lin:time_from_max,-2.736205228968174
C18n_QI18,1.0,-2.7361541872608086,5.170331766605078e-07,10,1.0,time_from_max,lin,lin:time_from_max,-2.736154907557193
C18n_TF3,1.0,-2.736186396247149,3.1345736577263945e-07,10,1.0,time_from_max,lin,lin:time_from_max,-2.7361864482659257
C18n_TF4,0.5,-2.7361465017816045,0.0007140614750886954,120,1.0,time_from_max,lin,lin:time_from_max,-2.736135316884429
C18n_QI19,1.0,-2.736135796979397,4.254508888848287e-09,10,1.0,time_from_max,lin,lin:time_from_max,-2.7361357945960663
C18n_QI20,1.0,-2.736117968609051,3.660192519314327e-07,10,1.0,time_from_max,lin,lin:time_from_max,-2.736118449236073
C18n_QI21,0.5,-2.7361460669130793,0.0010027375238595673,120,1.0,time_from_max,lin,lin:time_from_max,-2.736135353251484
C18n_QI22,1.0,-2.73612659079231,1.0047767460145583e-08,10,1.0,time_from_max,lin,lin:time_from_max,-2.7361265681129225
C18n_QI23,1.0,-2.7361485978415203,5.3349760732812944e-08,10,1.0,time_from_max,lin,lin:time_from_max,-2.7361485465967235
C18n_QI25,1.0,-2.7361354706497423,1.3864180110260573e-07,10,1.0,time_from_max,lin,lin:time_from_max,-2.736135339354405
C18n_QI26,0.5,-2.7361485549467943,4.2631027057981895e-06,120,1.0,time_from_max,lin,lin:time_from_max,-2.736149130151716
C18n_QI27,1.0,-2.7361352607526896,1.811538402790145e-08,10,1.0,time_from_max,lin,lin:time_from_max,-2.736135247563652
C18n_QI28,0.5,-2.7361494356437106,0.002097320798408704,120,1.0,time_from_max,lin,lin:time_from_max,-2.7361358306870898
C18n_QI29,0.5,-2.736158340971542,3.9683292922744836e-05,120,1.0,time_from_max,lin,lin:time_from_max,-2.7361987675876662
C18n_QI30,1.0,-2.736130825741384,2.894578991833368e-08,10,1.0,time_from_max,lin,lin:time_from_max,-2.7361308108443154
C18n_QI31,1.0,-2.736131727450811,5.9287741130853774e-08,10,1.0,time_from_max,lin,lin:time_from_max,-2.736131869383371
C18n_QI32,1.0,-2.7361999172828746,1.1327613162679953e-08,10,1.0,time_from_max,lin,lin:time_from_max,-2.736199915247653
C18n_QI33,1.0,-2.7361147496828835,1.1543226177327465e-08,10,1.0,time_from_max,lin,lin:time_from_max,-2.736114740620451
C18n_QI34,1.0,-2.7361230916555996,4.194815424953239e-07,10,1.0,time_from_max,lin,lin:time_from_max,-2.73612348063034
C18n_QI35,0.5,-2.7361402455371717,2.213530049401575e-06,120,1.0,time_from_max,lin,lin:time_from_max,-2.7361373449066377
C18n_QI36,0.5,-2.73610990555062,2.9821578632249717e-06,120,1.0,time_from_max,lin,lin:time_from_max,-2.736110717703923
C18n_QI37,1.0,-2.736143431013943,2.4759046396640927e-07,10,1.0,time_from_max,lin,lin:time_from_max,-2.736143154977526
C18n_QI38,0.5,-2.7361497638505625,1.8730904286357464e-06,120,1.0,time_from_max,lin,lin:time_from_max,-2.736152808528459
C18n_QI39,1.0,-2.736148236598183,5.662861244089762e-08,10,1.0,time_from_max,lin,lin:time_from_max,-2.736148173042693
C18n_QI40,1.0,-2.7361327439548404,1.5519109553968408e-08,10,1.0,time_from_max,lin,lin:time_from_max,-2.7361327331746
C18n_QI41,1.0,-2.736042040896791,2.9346072602217593e-07,10,1.0,time_from_max,lin,lin:time_from_max,-2.736042234964316
C18n_QI42,0.5,-2.7361300838088027,1.713197471788279e-05,120,1.0,time_from_max,lin,lin:time_from_max,-2.7361342732551748
C18n_QI43,0.5,-2.732814632289319,0.0014390936039648564,120,1.0,time_from_max,lin,lin:time_from_max,-2.7328130972582585
C18n_QI44,1.0,-2.736133201770599,1.87359453791586e-08,10,1.0,time_from_max,lin,lin:time_from_max,-2.7361332200825927
C18n_QI45,0.5,-2.7361374472302487,0.0001509206607650134,120,1.0,time_from_max,lin,lin:time_from_max,-2.736141907419551
C18n_QI46,0.5,-2.7360240091566084,9.116963424912882e-06,120,1.0,time_from_max,lin,lin:time_from_max,-2.7360242879512957
C18n_QI47,1.0,-2.7352189115531473,6.060162605642693e-07,10,1.0,time_from_max,lin,lin:time_from_max,-2.735219507848342
C18n_QI48,0.5,-2.7361353968517506,6.513936866228414e-06,120,1.0,time_from_max,lin,lin:time_from_max,-2.7361391288532104
C18n_QI49,1.0,-2.736135552203905,7.909575844556988e-07,10,1.0,time_from_max,lin,lin:time_from_max,-2.7361365802344157
C18n_QI50,0.5,-2.7361252467039776,4.083377981492774e-06,120,1.0,time_from_max,lin,lin:time_from_max,-2.736122744162458
C18n_QI51,1.0,-2.7361250304911664,5.579215767335696e-07,10,1.0,time_from_max,lin,lin:time_from_max,-2.7361244726175755
C18n_QI52,0.5,-2.736118843193708,8.040736990220937e-06,120,1.0,time_from_max,lin,lin:time_from_max,-2.7361186651774005
C18n_QI53,1.0,-2.736142500856431,5.695508076072036e-07,10,1.0,time_from_max,lin,lin:time_from_max,-2.736142292877957
C18n_QI54,0.5,-2.7361358436924093,3.4991226979160388e-06,120,1.0,time_from_max,lin,lin:time_from_max,-2.736144433732079
C18n_QI55,0.03230769230769237,-2.7361327350308784,0.5508081107812234,120,1.0,time_from_max,lin,lin:time_from_max,-1.106459615937638
C18n_QI56,1.0,-2.7361359049507428,7.342123962351982e-07,10,1.0,time_from_max,lin,lin:time_from_max,-2.736138151271461
C18n_QI57,1.0,-2.7361957107846138,2.9931541843956633e-07,10,1.0,time_from_max,lin,lin:time_from_max,-2.7361959484615
C18n_QI58,1.0,-2.736128213027314,4.136823284856901e-08,10,1.0,time_from_max,lin,lin:time_from_max,-2.7361282793672217
C18n_QI59,0.5,-2.736136999975315,0.000497917593930619,120,1.0,time_from_max,lin,lin:time_from_max,-2.736255766989416
C18n_QI60,0.00499765950905684,-2.736119802792018,1.0219921797210216,120,0.40266856615829394,time_from_max,lin,lin:time_from_max,2.135118021553353
C18n_QI61,0.5,-2.7360006821918432,2.317178025174451e-05,120,1.0,time_from_max,lin,lin:time_from_max,-2.7360008329019365
C18n_QI62,1.0,-2.736147940165438,7.053398525289861e-08,10,1.0,time_from_max,lin,lin:time_from_max,-2.7361478719876686
C18n_QI63,1.0,-2.73613050655581,1.247931698251653e-07,10,1.0,time_from_max,lin,lin:time_from_max,-2.7361307077535457
C18n_QI64,1.0,-2.7361361130206205,1.8778011835145758e-08,10,1.0,time_from_max,lin,lin:time_from_max,-2.736136132876709
C18n_QI65,1.0,-2.736280692326318,1.8971841394066312e-07,10,1.0,time_from_max,lin,lin:time_from_max,-2.736280534146317
C18n_QI66,1.0,-2.7361467239311423,8.18591472553559e-09,10,1.0,time_from_max,lin,lin:time_from_max,-2.736146708160049
C18n_TF5,1.0,-2.736121270457943,1.3930009271822025e-07,10,1.0,time_from_max,lin,lin:time_from_max,-2.7361212546961724
C18n_QI67,1.0,-2.7359903763574493,6.644991284020723e-09,10,1.0,time_from_max,lin,lin:time_from_max,-2.7359903780643435
C18n_QI68,1.0,-2.736281827333187,1.083999718944461e-07,10,1.0,time_from_max,lin,lin:time_from_max,-2.7362817093617195
C18n_QI69,1.0,-2.7361180434375,3.427163493242771e-08,10,1.0,time_from_max,lin,lin:time_from_max,-2.7361180109273846
C18n_QI70,1.0,-2.7361525765954866,6.706082456732007e-09,10,1.0,time_from_max,lin,lin:time_from_max,-2.736152578995643
C18n_QI73,0.5,-2.736137884383197,0.0009629602179137912,120,1.0,time_from_max,lin,lin:time_from_max,-2.7361895674089283
C18n_QI74,1.0,-2.7360960785936186,3.6016147533132304e-09,10,1.0,time_from_max,lin,lin:time_from_max,-2.7360960832193086
C18n_QI77,1.0,-2.7361795464280476,9.46222002262488e-08,10,1.0,time_from_max,lin,lin:time_from_max,-2.7361795079154945
C18n_QI78,1.0,-2.7361314285649314,1.893338414808605e-08,10,1.0,time_from_max,lin,lin:time_from_max,-2.736131451739311
C18n_QI79,1.0,-2.736144152057932,1.923932723253353e-09,10,1.0,time_from_max,lin,lin:time_from_max,-2.7361441516382
C18n_QI80,1.0,-2.7361354623124043,4.502413465689664e-08,10,1.0,time_from_max,lin,lin:time_from_max,-2.736135419877428
C18n_QI4788,1.0,-2.7361357733144587,1.6566587522006914e-09,10,1.0,time_from_max,lin,lin:time_from_max,-2.7361357721933928
C18n_QI81,1.0,-2.7361302721456013,1.5295719926882254e-09,10,1.0,time_from_max,lin,lin:time_from_max,-2.736130272481205
C18n_QI83,1.0,-2.7361355297016416,4.944648076256673e-08,10,1.0,time_from_max,lin,lin:time_from_max,-2.736135541153999
C18n_QI84,0.5,-2.73613936695574,0.00016268852785322,120,1.0,time_from_max,lin,lin:time_from_max,-2.7361445493884275
C18n_QI85,1.0,-2.7361146726098013,2.966609590728903e-07,10,1.0,time_from_max,lin,lin:time_from_max,-2.7361153417414243
C18n_QI86,1.0,-2.7361169293290004,5.26606926410525e-08,10,1.0,time_from_max,lin,lin:time_from_max,-2.736116967837916
C18n_TF8,1.0,-2.7362522870471366,3.678627905986786e-07,10,1.0,time_from_max,lin,lin:time_from_max,-2.73625230346488
C18n_QI88,1.0,-2.736144832983655,7.290976846030555e-07,10,1.0,time_from_max,lin,lin:time_from_max,-2.7361435833340693
C18n_QI89,0.5,-2.7361365246463265,0.00011531025873934628,120,1.0,time_from_max,lin,lin:time_from_max,-2.736119517453062
C18n_QI91,1.0,-2.7361396400979174,6.337388717623278e-09,10,1.0,time_from_max,lin,lin:time_from_max,-2.73613963359594
C18n_QI92,1.0,-2.7361356673628734,6.75644568321031e-10,10,1.0,time_from_max,lin,lin:time_from_max,-2.7361356687943044
C8p_QI02,1.0,-2.7361362030226246,1.657891291640677e-08,10,1.0,time_from_max,lin,lin:time_from_max,-2.7361362251986066
C8p_QI03,1.0,-2.7361398742395977,1.739087365311347e-08,10,1.0,time_from_max,lin,lin:time_from_max,-2.736139845549588
C8p_QI04,0.5,-2.7361332006694283,1.2372497481177717e-06,120,1.0,time_from_max,lin,lin:time_from_max,-2.736133735429576
C8p_QI05,0.5,-2.7363561096008198,0.00033003939275483773,120,1.0,time_from_max,lin,lin:time_from_max,-2.7355340910262385
C8p_QI06,0.5,-2.7361422609874353,0.0004542561167556418,120,1.0,time_from_max,lin,lin:time_from_max,-2.7361522143501134
C8p_QI07,0.5,-2.7361342018264168,2.105842677189386e-06,120,1.0,time_from_max,lin,lin:time_from_max,-2.7361341132195776
C8p_QI08,1.0,-2.7361354001589007,1.8565744170875994e-07,10,1.0,time_from_max,lin,lin:time_from_max,-2.7361354010199648
C8p_QI09,1.0,-2.7361364928940475,4.497869575675364e-09,10,1.0,time_from_max,lin,lin:time_from_max,-2.7361364920629967
C8p_QI10,1.0,-2.736125235011741,3.072806322539465e-07,10,1.0,time_from_max,lin,lin:time_from_max,-2.7361252939499536
C8p_QI12,1.0,-2.7361136773056387,2.6712114988481626e-09,10,1.0,time_from_max,lin,lin:time_from_max,-2.7361136742770213
C8p_QI13,1.0,-2.7361484182229105,1.3823833021418094e-07,10,1.0,time_from_max,lin,lin:time_from_max,-2.73614818058968
C8p_QI14,1.0,-2.736158030989145,1.0628662257721183e-08,10,1.0,time_from_max,lin,lin:time_from_max,-2.7361579986504694
C8p_QI15,0.1184615384615384,-2.6310161640742535,0.9001683601737502,120,1.0,time_from_max,lin,lin:time_from_max,-1.2813066084095226
C8p_QI16,1.0,-2.7361192079401917,5.0791291683742926e-08,10,1.0,time_from_max,lin,lin:time_from_max,-2.736119195611081
C8p_QI18,0.00925633909304524,0.3494652898584718,1.7408714674840067,120,0.5220575248477516,time_from_max,lin,lin:time_from_max,7.65442283679522
C8p_QI19,1.0,-2.7361192354846935,2.0957788508905145e-09,10,1.0,time_from_max,lin,lin:time_from_max,-2.7361192357784603
C8p_QI20,1.0,-2.73612743763465,8.388950469997536e-09,10,1.0,time_from_max,lin,lin:time_from_max,-2.7361274426943964
C8p_QI21,1.0,-2.736137909060517,1.1153261579184021e-08,10,1.0,time_from_max,lin,lin:time_from_max,-2.736137902028986
C8p_QI22,1.0,-2.7360334574116223,1.0874280971031242e-07,10,1.0,time_from_max,lin,lin:time_from_max,-2.7360334601894465
C8p_QI23,1.0,-2.7361451974629745,5.290946479441134e-09,10,1.0,time_from_max,lin,lin:time_from_max,-2.7361452000282043
C8p_QI24,1.0,-2.736174441317644,1.4754837668718296e-08,10,1.0,time_from_max,lin,lin:time_from_max,-2.736174452834348
C8p_QI25,1.0,-2.7361472019858866,5.2820792371750426e-08,10,1.0,time_from_max,lin,lin:time_from_max,-2.73614720873502
C8p_QI26,1.0,-2.736293211275097,2.1771978979868404e-08,10,1.0,time_from_max,lin,lin:time_from_max,-2.736293201772696
C8p_QI27,1.0,-2.736149949370656,6.635380897802758e-08,10,1.0,time_from_max,lin,lin:time_from_max,-2.73614994989066
C8p_QI28,1.0,-2.736136412889209,9.788719871309203e-09,10,1.0,time_from_max,lin,lin:time_from_max,-2.7361364250255065
C8p_QI29,1.0,-2.73615817694872,7.863649797049676e-09,10,1.0,time_from_max,lin,lin:time_from_max,-2.736158166568657
C8p_QI30,1.0,-2.7361301632035975,1.7361808924088483e-07,10,1.0,time_from_max,lin,lin:time_from_max,-2.736130022546149
C8p_QI31,1.0,-2.7361509681522875,8.962927796839347e-08,10,1.0,time_from_max,lin,lin:time_from_max,-2.73615096118101
C8p_QI33,1.0,-2.736106503698011,5.241306652992951e-09,10,1.0,time_from_max,lin,lin:time_from_max,-2.736106511074013
C8p_QI35,1.0,-2.7361317153763594,7.938607734561029e-09,10,1.0,time_from_max,lin,lin:time_from_max,-2.7361317111067365
C8p_QI36,1.0,-2.7361301943144554,1.4345748620685325e-08,10,1.0,time_from_max,lin,lin:time_from_max,-2.736130199629315
C8p_QI37,1.0,-2.7361220710042744,1.8961388262522243e-08,10,1.0,time_from_max,lin,lin:time_from_max,-2.736122115275066
C8p_QI38,1.0,-2.736112710140787,1.3456174991500757e-08,10,1.0,time_from_max,lin,lin:time_from_max,-2.736112703579238
C8p_QI39,1.0,-2.7361322410858975,9.781441367803209e-09,10,1.0,time_from_max,lin,lin:time_from_max,-2.736132236183039
C8p_QI40,1.0,-2.736143628063928,1.2461935141780407e-08,10,1.0,time_from_max,lin,lin:time_from_max,-2.73614362222952
C8p_QI41,1.0,-2.736097049658156,4.0797463467502514e-08,10,1.0,time_from_max,lin,lin:time_from_max,-2.736096953406104
C8p_QI42,1.0,-2.7360881264894488,2.9017085954222553e-08,10,1.0,time_from_max,lin,lin:time_from_max,-2.7360881930799223
C8p_QI43,1.0,-2.736139078320548,1.5889672126870762e-08,10,1.0,time_from_max,lin,lin:time_from_max,-2.736139071188518
C8p_QI44,0.5,-2.7335400951187694,5.5189405756190355e-06,120,1.0,time_from_max,lin,lin:time_from_max,-2.733536979753808
C8p_QI45,1.0,-2.7359469101099876,7.500423058512684e-09,10,1.0,time_from_max,lin,lin:time_from_max,-2.735946913882799
C8p_QI46,1.0,-2.736170026398213,6.066606246554627e-08,10,1.0,time_from_max,lin,lin:time_from_max,-2.736169930744836
C8p_QI47,1.0,-2.7361334231884484,4.0132429016826044e-08,10,1.0,time_from_max,lin,lin:time_from_max,-2.736133469712513
C8p_QI48,1.0,-2.736172632420221,3.822314669270418e-07,10,1.0,time_from_max,lin,lin:time_from_max,-2.7361726599419853
C8p_QI49,1.0,-2.7362248821452795,5.005620053318885e-09,10,1.0,time_from_max,lin,lin:time_from_max,-2.736224878293797
C8p_QI50,1.0,-2.7361399542521667,2.1840863649773317e-07,10,1.0,time_from_max,lin,lin:time_from_max,-2.736140387987234
C8p_QI51,1.0,-2.7361376925725835,7.514077025141806e-08,10,1.0,time_from_max,lin,lin:time_from_max,-2.736137663381669
C8p_QI52,1.0,-2.7361501080335984,4.938608428130071e-08,10,1.0,time_from_max,lin,lin:time_from_max,-2.7361501891091398
C8p_QI53,0.020000000000000018,-2.736121150582676,0.8343608088281707,120,0.8057142857142864,time_from_max,lin,lin:time_from_max,-0.0322851153628107
C8p_QI54,1.0,-2.7361987921819946,2.012288003603073e-08,10,1.0,time_from_max,lin,lin:time_from_max,-2.736198816247452
C8p_QI55,1.0,-2.736130152925398,4.5404884243362126e-07,10,1.0,time_from_max,lin,lin:time_from_max,-2.7361294401034684
C8p_QI56,1.0,-2.7361234604693436,1.1937709733804257e-08,10,1.0,time_from_max,lin,lin:time_from_max,-2.736123455554207
C8p_QI57,1.0,-2.736153742565193,9.098392728005637e-08,10,1.0,time_from_max,lin,lin:time_from_max,-2.736153692354492
C8p_QI58,1.0,-2.736120460571101,8.560751105935932e-09,10,1.0,time_from_max,lin,lin:time_from_max,-2.7361204506087238
C8p_QI59,1.0,-2.7360804096040283,1.0669144325967073e-08,10,1.0,time_from_max,lin,lin:time_from_max,-2.736080393678094
C8p_QI60,1.0,-2.736552306238309,4.6144853436872936e-08,10,1.0,time_from_max,lin,lin:time_from_max,-2.7365522209347546
C8p_QI61,1.0,-2.736191261061549,5.552320480820548e-08,10,1.0,time_from_max,lin,lin:time_from_max,-2.7361909481583098
C8p_QI62,1.0,-2.7361506006650416,2.8069908909226354e-08,10,1.0,time_from_max,lin,lin:time_from_max,-2.7361506701831786
C8p_QI63,1.0,-2.736135458115541,4.240229737909243e-09,10,1.0,time_from_max,lin,lin:time_from_max,-2.736135452563758
C8p_QI64,1.0,-2.736135706026289,1.4546020780765202e-08,10,1.0,time_from_max,lin,lin:time_from_max,-2.736135689859111
C8p_QI66,1.0,-2.7361355373086553,4.090017414152279e-08,10,1.0,time_from_max,lin,lin:time_from_max,-2.7361355907032703
C8p_QI68,1.0,-2.73613856152906,3.220075003302785e-08,10,1.0,time_from_max,lin,lin:time_from_max,-2.7361385681715547
C8p_QI70,1.0,-2.7361281768944536,2.6355524765070694e-07,10,1.0,time_from_max,lin,lin:time_from_max,-2.7361281949606564
C8p_QI72,1.0,-2.7361399303472353,1.4060248369572206e-07,10,1.0,time_from_max,lin,lin:time_from_max,-2.7361399863875704
C8p_QI74,1.0,-2.736133031328336,4.740451584056952e-08,10,1.0,time_from_max,lin,lin:time_from_max,-2.7361330637813808
C8p_QI76,1.0,-2.736080343249796,1.4187200215121764e-08,10,1.0,time_from_max,lin,lin:time_from_max,-2.736080351928649
C8p_QI78,1.0,-2.7361701189790892,6.442155206320303e-08,10,1.0,time_from_max,lin,lin:time_from_max,-2.736170098052753
C8p_QI80,1.0,-2.736136645493616,1.6377868304372515e-07,10,1.0,time_from_max,lin,lin:time_from_max,-2.736136821155469
C8p_QI82,1.0,-2.7361422790502274,2.4059392063955388e-08,10,1.0,time_from_max,lin,lin:time_from_max,-2.736142281427874
C8p_QI84,1.0,-2.7361324430510194,1.500854172998371e-08,10,1.0,time_from_max,lin,lin:time_from_max,-2.736132449774232
C8p_QI86,1.0,-2.736135819607398,1.762934297211959e-08,10,1.0,time_from_max,lin,lin:time_from_max,-2.7361358109656067
C8p_QI89,1.0,-2.7360925533944283,2.0466729784668975e-08,10,1.0,time_from_max,lin,lin:time_from_max,-2.736092524377
C8p_QI91,1.0,-2.736129753114483,1.0816915344888763e-07,10,1.0,time_from_max,lin,lin:time_from_max,-2.736129723899012
C8p_QI93,1.0,-2.7358828060550877,9.666240323167298e-09,10,1.0,time_from_max,lin,lin:time_from_max,-2.7358828069486663
C8p_QI95,1.0,-2.7361277306606553,1.0043903988525158e-07,10,1.0,time_from_max,lin,lin:time_from_max,-2.7361276406459183
C8p_QI96,1.0,-2.7361524969326183,2.4379273655221923e-08,10,1.0,time_from_max,lin,lin:time_from_max,-2.736152487829713
C8p_QI98,1.0,-2.7361367167311528,2.1905286779465114e-08,10,1.0,time_from_max,lin,lin:time_from_max,-2.7361366898503547
C8p_QI100,1.0,-2.7362115414441632,6.211996903386068e-08,10,1.0,time_from_max,lin,lin:time_from_max,-2.736211486054799
C8p_QI101,1.0,-2.7361336323062915,7.741261298869447e-08,10,1.0,time_from_max,lin,lin:time_from_max,-2.736133683969001
C8p_QI103,0.5,-2.7370913700724486,2.1618658902854995e-05,120,1.0,time_from_max,lin,lin:time_from_max,-2.737091376005992
C8p_QI105,1.0,-2.7361639813952934,9.437247718854182e-07,60,1.0,time_from_max,lin,lin:time_from_max,-2.73616421929637
C8p_QI107,1.0,-2.7361123399721237,7.630094728262318e-08,10,1.0,time_from_max,lin,lin:time_from_max,-2.736112233982112
C8p_QI116,0.5,-2.736135361903962,6.640839349232335e-06,120,1.0,time_from_max,lin,lin:time_from_max,-2.736135373745128
C8p_QI108,0.5,-2.7361469161064633,8.299386457699968e-06,120,1.0,time_from_max,lin,lin:time_from_max,-2.736149219736035
C8p_QI110,0.5,-2.7360772447841555,2.7230868403891584e-05,120,1.0,time_from_max,lin,lin:time_from_max,-2.7361334188617548
C8p_QI112,1.0,-2.736108509300948,1.8651631742598045e-07,10,1.0,time_from_max,lin,lin:time_from_max,-2.7361085865727546
C8p_QI114,1.0,-2.7360622456317287,7.162123864638427e-08,10,1.0,time_from_max,lin,lin:time_from_max,-2.736062125195076
C8p_QI118,1.0,-2.7361766781862116,2.2407828192765534e-08,10,1.0,time_from_max,lin,lin:time_from_max,-2.736176644119041
C8p_QI121,1.0,-2.7359569191801256,9.635881598969402e-08,10,1.0,time_from_max,lin,lin:time_from_max,-2.7359568319820937
C8p_QI123,1.0,-2.73613758268084,4.090780474877307e-09,10,1.0,time_from_max,lin,lin:time_from_max,-2.7361375867531024
C8p_QI125,1.0,-2.7361239746135197,1.3562081120866402e-08,10,1.0,time_from_max,lin,lin:time_from_max,-2.736123999085976
C8p_QI127,1.0,-2.736137836553553,8.813253325272125e-09,10,1.0,time_from_max,lin,lin:time_from_max,-2.736137834557212
C8p_QI129,1.0,-2.7361355399393688,3.110752814545933e-09,10,1.0,time_from_max,lin,lin:time_from_max,-2.7361355391999496
C8p_QI130,1.0,-2.736127004090349,9.013317877805997e-10,10,1.0,time_from_max,lin,lin:time_from_max,-2.7361270046517348
C8p_QI132,1.0,-2.7361243700936484,9.849217795399982e-09,10,1.0,time_from_max,lin,lin:time_from_max,-2.7361243683785688
C8p_QI134,1.0,-2.736141245266481,2.46036818338652e-09,10,1.0,time_from_max,lin,lin:time_from_max,-2.736141246621173
C8p_QI136,1.0,-2.7361460599602196,2.4801136500311765e-08,10,1.0,time_from_max,lin,lin:time_from_max,-2.7361460340493977
C8p_QI138,1.0,-2.736135188301205,3.0469198719789487e-09,10,1.0,time_from_max,lin,lin:time_from_max,-2.7361351869581085
C8p_QI140,1.0,-2.7361355213824936,6.304493010457668e-09,10,1.0,time_from_max,lin,lin:time_from_max,-2.7361355267194085
C8p_QI142,1.0,-2.7361356922178857,1.869179920611467e-08,10,1.0,time_from_max,lin,lin:time_from_max,-2.7361356561209504
C8p_QI144,1.0,-2.7361305173378696,9.063612743959256e-09,10,1.0,time_from_max,lin,lin:time_from_max,-2.7361305182080287
C8p_QI146,1.0,-2.7361705003058887,4.290234173082123e-08,10,1.0,time_from_max,lin,lin:time_from_max,-2.736170580785256
C8p_QI149,1.0,-2.73613536255948,1.3832969112588897e-09,10,1.0,time_from_max,lin,lin:time_from_max,-2.736135363089261
C8p_QI151,1.0,-2.7361357843080896,1.5593425471335976e-08,10,1.0,time_from_max,lin,lin:time_from_max,-2.736135811469921
C8p_QI153,1.0,-2.736137240346352,4.5590380694968056e-08,10,1.0,time_from_max,lin,lin:time_from_max,-2.7361371959013923
C8p_QI155,0.00925633909304524,-2.736135396340387,0.9726512569765815,120,0.5220575248477516,time_from_max,lin,lin:time_from_max,1.3643258981446706
C8p_QI157,0.5,-2.7361283227864988,7.528016311810317e-05,120,1.0,time_from_max,lin,lin:time_from_max,-2.736137702155702
C8p_QI159,1.0,-2.7361732695424053,7.282380378013228e-08,10,1.0,time_from_max,lin,lin:time_from_max,-2.7361732380195463
C8p_QI161,1.0,-2.736135748206152,5.363120553042768e-09,10,1.0,time_from_max,lin,lin:time_from_max,-2.736135754923908
C8p_QI163,1.0,-2.7361357993911497,3.6483510218216735e-09,10,1.0,time_from_max,lin,lin:time_from_max,-2.7361357950117053
C8p_QI165,1.0,-2.7361264759218784,2.252536630963894e-09,10,1.0,time_from_max,lin,lin:time_from_max,-2.736126479529048
C8p_QI167,1.0,-2.7361303620102717,2.0129114885838383e-09,10,1.0,time_from_max,lin,lin:time_from_max,-2.7361303621951265
C8p_QI170,1.0,-2.7361389271632106,1.155102031808584e-08,10,1.0,time_from_max,lin,lin:time_from_max,-2.736138945147104
C8p_QI172,1.0,-2.736524482092591,5.7891386092720636e-08,10,1.0,time_from_max,lin,lin:time_from_max,-2.736524434106286
C8p_QI174,0.5,-2.736141730433701,1.4224274615227808e-06,120,1.0,time_from_max,lin,lin:time_from_max,-2.736139937963344
C8p_QI176,1.0,-2.7361352102075216,1.2935697949726288e-07,10,1.0,time_from_max,lin,lin:time_from_max,-2.7361351169020054
C8p_QI178,1.0,-2.736135577237519,4.056395693984261e-07,10,1.0,time_from_max,lin,lin:time_from_max,-2.736136182816608
C8p_QI180,1.0,-2.7361379714986924,8.648022319121272e-08,10,1.0,time_from_max,lin,lin:time_from_max,-2.736137856543337
C8p_QI182,1.0,-2.736150267172434,3.1070744567693464e-08,10,1.0,time_from_max,lin,lin:time_from_max,-2.7361502161907083
C8p_QI184,1.0,-2.7359131678044832,1.4349491766204029e-08,10,1.0,time_from_max,lin,lin:time_from_max,-2.7359131450707537
C8p_QI187,0.020000000000000018,-2.736136571601037,0.4451481455021977,120,0.8057142857142864,time_from_max,lin,lin:time_from_max,-1.322015199976704
C8p_QI189,1.0,-2.7361354661543373,4.553910320746e-07,10,1.0,time_from_max,lin,lin:time_from_max,-2.736135332950653
C8p_QI191,0.5,-2.736136733078183,1.6484417095498772e-06,120,1.0,time_from_max,lin,lin:time_from_max,-2.7361360290133234
C8p_QI193,0.5,-2.736242888095603,3.025483545384381e-06,120,1.0,time_from_max,lin,lin:time_from_max,-2.736240206219918
C8p_QI195,1.0,-2.7361179904980872,4.4279272934277677e-07,10,1.0,time_from_max,lin,lin:time_from_max,-2.736117596535223
C8p_QI197,1.0,-2.736131447620437,8.422649912064286e-08,10,1.0,time_from_max,lin,lin:time_from_max,-2.736131334400397
C8p_QI198,1.0,-2.73613553219775,7.564719514408355e-09,10,1.0,time_from_max,lin,lin:time_from_max,-2.7361355250723136
C8p_QI199,1.0,-2.7361378785944908,2.8492428118966014e-09,10,1.0,time_from_max,lin,lin:time_from_max,-2.7361378803016123
C8p_QI200,1.0,-2.73611948159396,4.001713506129144e-09,10,1.0,time_from_max,lin,lin:time_from_max,-2.736119474109728
C8p_QI201,4.911591355594158e-05,-2.736130135125677,0.6902914686433691,120,0.006925343811387763,time_from_max,lin,lin:time_from_max,3.0370742070226697
C8p_QI203,0.5,-2.7361421585901553,0.00012017786951284898,120,1.0,time_from_max,lin,lin:time_from_max,-2.7361521982338672
C8p_QI205,0.5,-2.736146162161276,0.0002619604216278899,120,1.0,time_from_max,lin,lin:time_from_max,-2.7360558745103845
C8p_QI207,0.5,-2.7361384778178035,8.349659342603391e-05,120,1.0,time_from_max,lin,lin:time_from_max,-2.736133328593951
C8p_QI209,0.00499765950905684,-2.7361297518230003,0.8673771989116391,120,0.40266856615829394,time_from_max,lin,lin:time_from_max,1.441774391156741
C8p_QI212,0.5,-2.045760128594793,0.7659216409207079,120,1.0,time_from_max,lin,lin:time_from_max,-2.0570034383890743
C8p_QI213,1.0,-2.7361356870839018,8.85045878289598e-10,10,1.0,time_from_max,lin,lin:time_from_max,-2.736135688050581
C8p_QI214,1.0,-2.736126044889943,1.2370164120718353e-08,10,1.0,time_from_max,lin,lin:time_from_max,-2.736126031288677
C8p_QI215,1.0,-2.736681427782287,4.5802467807193185e-08,10,1.0,time_from_max,lin,lin:time_from_max,-2.7366813314865794
C8p_QI65,1.0,-2.736136064769653,6.89260475139603e-09,10,1.0,time_from_max,lin,lin:time_from_max,-2.736136073783655
C8p_QI67,1.0,-2.736137351252637,4.790406318389658e-09,10,1.0,time_from_max,lin,lin:time_from_max,-2.7361373480771363
C8p_QI69,1.0,-2.736131870311965,1.3823632483589199e-08,10,1.0,time_from_max,lin,lin:time_from_max,-2.736131850325364
C8p_QI71,1.0,-2.7361146744303824,1.1830332228216896e-07,10,1.0,time_from_max,lin,lin:time_from_max,-2.7361146534094587
C8p_QI73,1.0,-2.7361354166955607,7.184840550553084e-08,10,1.0,time_from_max,lin,lin:time_from_max,-2.736135264196946
C8p_QI75,1.0,-2.7361423628778994,1.0037834202611037e-08,10,1.0,time_from_max,lin,lin:time_from_max,-2.7361423448724054
C8p_QI77,1.0,-2.7361064391386662,9.093848362110286e-09,10,1.0,time_from_max,lin,lin:time_from_max,-2.736106426659262
C8p_QI79,1.0,-2.736142308236367,4.859927768575859e-08,10,1.0,time_from_max,lin,lin:time_from_max,-2.736142350737282
C8p_QI81,1.0,-2.7361361712180496,5.759442448261202e-08,10,1.0,time_from_max,lin,lin:time_from_max,-2.7361361669313737
C8p_QI83,1.0,-2.736136056390251,7.596234597013072e-09,10,1.0,time_from_max,lin,lin:time_from_max,-2.736136059760611
C8p_QI85,1.0,-2.7361381663229167,7.3134381296193746e-09,10,1.0,time_from_max,lin,lin:time_from_max,-2.73613816722127
C8p_QI87,1.0,-2.736135733589208,3.3367159812636163e-09,10,1.0,time_from_max,lin,lin:time_from_max,-2.736135743153227
C8p_QI90,1.0,-2.7361482415760747,9.679566638517231e-10,10,1.0,time_from_max,lin,lin:time_from_max,-2.7361482414025886
C8p_QI92,1.0,-2.7361764100135133,5.3462577714506994e-08,10,1.0,time_from_max,lin,lin:time_from_max,-2.736176459730359
C8p_QI94,1.0,-2.7361050665180073,4.119083162751245e-09,10,1.0,time_from_max,lin,lin:time_from_max,-2.736105065046786
C8p_QI97,1.0,-2.736135920271181,1.4488932486079032e-08,10,1.0,time_from_max,lin,lin:time_from_max,-2.7361359069082027
C8p_QI99,0.5,-2.7361376942933475,0.00013225441431601213,120,1.0,time_from_max,lin,lin:time_from_max,-2.736152687667527
C8p_QI102,1.0,-2.7361566494912495,3.9839696401757845e-08,10,1.0,time_from_max,lin,lin:time_from_max,-2.7361566086506173
C8p_QI104,1.0,-2.7362870348260913,4.254849427962411e-07,10,1.0,time_from_max,lin,lin:time_from_max,-2.736287427766001
C8p_QI106,0.5,-2.736127708494223,1.1678960137525567e-06,120,1.0,time_from_max,lin,lin:time_from_max,-2.736126881652126
C8p_QI117,0.5,-2.7361453955081743,1.3123262960516653e-05,120,1.0,time_from_max,lin,lin:time_from_max,-2.736145366731762
C8p_QI109,0.5,-2.7361158815597264,3.699600669456533e-06,120,1.0,time_from_max,lin,lin:time_from_max,-2.7361159224801668
C8p_QI111,0.5,-2.7361361220669096,4.123292746302728e-06,120,1.0,time_from_max,lin,lin:time_from_max,-2.7361356618375794
C8p_QI113,1.0,-2.7361439121184503,9.818110536459807e-08,10,1.0,time_from_max,lin,lin:time_from_max,-2.736143739500676
C8p_QI115,1.0,-2.7361081754556835,3.26323208145157e-08,10,1.0,time_from_max,lin,lin:time_from_max,-2.736108171070555
C8p_QI119,1.0,-2.7361283813568207,2.4312946767681763e-09,10,1.0,time_from_max,lin,lin:time_from_max,-2.7361283808509143
C8p_QI120,1.0,-2.736129643671802,1.0133660234036048e-08,10,1.0,time_from_max,lin,lin:time_from_max,-2.7361296450235386
C8p_QI122,1.0,-2.736137056294865,6.584131400044806e-09,10,1.0,time_from_max,lin,lin:time_from_max,-2.736137059842349
C8p_QI124,1.0,-2.7361404822090662,6.39072834960701e-09,10,1.0,time_from_max,lin,lin:time_from_max,-2.736140477868503
C8p_QI126,1.0,-2.736118650467688,3.275272435342666e-09,10,1.0,time_from_max,lin,lin:time_from_max,-2.736118650624576
C8p_QI128,1.0,-2.736122282519318,6.453503607761245e-09,10,1.0,time_from_max,lin,lin:time_from_max,-2.736122286810314
C8p_QI135,1.0,-2.736133483781259,2.3866137749046095e-08,10,1.0,time_from_max,lin,lin:time_from_max,-2.736133487125244
C8p_QI137,1.0,-2.7361390610199123,8.667090749618646e-09,10,1.0,time_from_max,lin,lin:time_from_max,-2.736139055457897
C8p_QI141,1.0,-2.7361356513565624,5.684659074208629e-09,10,1.0,time_from_max,lin,lin:time_from_max,-2.73613565176106
C8p_QI143,1.0,-2.73613050492213,1.1672986876862063e-08,10,1.0,time_from_max,lin,lin:time_from_max,-2.736130495044108
C8p_QI145,1.0,-2.736144964438381,5.818459470956965e-09,10,1.0,time_from_max,lin,lin:time_from_max,-2.736144961269929
C8p_QI147,1.0,-2.736108943943009,1.1613727890965687e-08,10,1.0,time_from_max,lin,lin:time_from_max,-2.7361089442756565
C8p_QI148,1.0,-2.736004409556699,7.67254956249724e-10,10,1.0,time_from_max,lin,lin:time_from_max,-2.736004409140378
C8p_QI150,1.0,-2.736145251449784,3.024800581974281e-09,10,1.0,time_from_max,lin,lin:time_from_max,-2.73614524509253
C8p_QI152,1.0,-2.736151644940037,1.4788676398955776e-08,10,1.0,time_from_max,lin,lin:time_from_max,-2.736151641230208
C8p_QI154,1.0,-2.7361256490321466,9.386041050334366e-09,10,1.0,time_from_max,lin,lin:time_from_max,-2.7361256699314254
C8p_QI156,1.0,-2.7361419298567853,7.549100508955845e-08,10,1.0,time_from_max,lin,lin:time_from_max,-2.736141932416558
C8p_QI158,1.0,-2.736125395121462,1.6194091526885974e-07,10,1.0,time_from_max,lin,lin:time_from_max,-2.7361253291151115
C8p_QI160,1.0,-2.7361279955377995,3.9131691877607746e-08,10,1.0,time_from_max,lin,lin:time_from_max,-2.736128001969064
C8p_QI162,1.0,-2.736159780617072,7.827393457961658e-09,10,1.0,time_from_max,lin,lin:time_from_max,-2.736159772976862
C8p_QI164,1.0,-2.7361390963019403,7.927976454999595e-09,10,1.0,time_from_max,lin,lin:time_from_max,-2.736139087374795
C8p_QI166,1.0,-2.736117773632486,1.5364263651097685e-08,10,1.0,time_from_max,lin,lin:time_from_max,-2.7361177484112886
C8p_QI168,0.04461538461538461,-2.736131099532031,0.6981648843746014,120,1.0,time_from_max,lin,lin:time_from_max,-1.0277226498724303
C8p_QI171,0.5,-2.736134986445677,0.00013183549031037746,120,1.0,time_from_max,lin,lin:time_from_max,-2.7361235438784206
C8p_QI173,1.0,-2.7361462330966333,4.8313206941936865e-08,10,1.0,time_from_max,lin,lin:time_from_max,-2.736146282609752
C8p_QI175,1.0,-2.73613491748506,2.7876168673837785e-07,10,1.0,time_from_max,lin,lin:time_from_max,-2.736135030811056
C8p_QI177,1.0,-2.7361303219215642,3.062914581921665e-07,10,1.0,time_from_max,lin,lin:time_from_max,-2.736130630450589
C8p_QI179,1.0,-2.7361419514049885,2.06519896381944e-07,10,1.0,time_from_max,lin,lin:time_from_max,-2.7361421140935818
C8p_QI181,1.0,-2.7361296878882513,2.9351719154541535e-08,10,1.0,time_from_max,lin,lin:time_from_max,-2.736129742575031
C8p_QI183,1.0,-2.7361444395712624,2.098146666075178e-08,10,1.0,time_from_max,lin,lin:time_from_max,-2.736144444733327
C8p_QI185,1.0,-2.736048296644185,1.567915121715345e-08,10,1.0,time_from_max,lin,lin:time_from_max,-2.736048297969319
C8p_QI186,1.0,-2.7361267997816867,8.303455209748272e-09,10,1.0,time_from_max,lin,lin:time_from_max,-2.73612678216432
C8p_QI188,0.5,-2.736137982643413,6.510030114727487e-06,120,1.0,time_from_max,lin,lin:time_from_max,-2.7361372999257583
C8p_QI190,0.5,-2.7361353369851713,3.484267940058851e-06,120,1.0,time_from_max,lin,lin:time_from_max,-2.7361353325732125
C8p_QI192,1.0,-2.736059366094196,5.187773110560436e-07,120,1.0,time_from_max,lin,lin:time_from_max,-2.7360590603775563
C8p_QI194,1.0,-2.7361468932690514,3.4336821476155755e-07,10,1.0,time_from_max,lin,lin:time_from_max,-2.736146927088157
C8p_QI196,1.0,-2.736137424074286,4.0729800380760506e-07,10,1.0,time_from_max,lin,lin:time_from_max,-2.736137990613315
C8p_QI202,0.007934528201374524,-2.7361355313400963,0.9147371882930508,120,0.5220575248477516,time_from_max,lin,lin:time_from_max,1.1304428668804576
C8p_QI204,1.0,-2.736136552776088,8.147394727067622e-08,10,1.0,time_from_max,lin,lin:time_from_max,-2.7361364829575905
C8p_QI206,1.0,-2.7361059980967184,5.2194113964490474e-08,10,1.0,time_from_max,lin,lin:time_from_max,-2.736105942112772
C8p_QI208,4.911591355594158e-05,-2.7361355671487217,0.3282995572199451,120,0.006925343811387763,time_from_max,lin,lin:time_from_max,0.4126729823587993
HILn_QI2,1.0,-2.73613922275581,2.9628348083943136e-08,10,1.0,time_from_max,lin,lin:time_from_max,-2.736139198053479
HILn_TF1,0.5,-2.736130819496111,0.0004846648445671409,120,1.0,time_from_max,lin,lin:time_from_max,-2.7361122770894326
HILn_QI3,1.0,-2.7361433172736724,1.7534781029858273e-08,10,1.0,time_from_max,lin,lin:time_from_max,-2.736143303800418
HILn_QI5,1.0,-2.7361411677945853,6.86090857588471e-08,10,1.0,time_from_max,lin,lin:time_from_max,-2.7361412130180724
HILn_QI6,1.0,-2.736143383894614,9.866434491954787e-08,10,1.0,time_from_max,lin,lin:time_from_max,-2.7361432056341077
HILn_QI7,1.0,-2.736144154704334,2.0840230486148747e-08,10,1.0,time_from_max,lin,lin:time_from_max,-2.736144106224401
HILn_QI9,4.911591355594158e-05,-2.736143480618466,0.5666398168184891,120,0.006925343811387763,time_from_max,lin,lin:time_from_max,2.169827365257333
HILn_QI10,1.0,-2.736127348717446,2.771626113423794e-08,10,1.0,time_from_max,lin,lin:time_from_max,-2.736127356128236
HILn_QI11,1.0,-2.736139540981412,7.81769572157543e-09,10,1.0,time_from_max,lin,lin:time_from_max,-2.736139528581589
HILn_QI13,1.0,-2.7361318636390024,7.039941318990683e-08,10,1.0,time_from_max,lin,lin:time_from_max,-2.73613178298956
HILn_QI14,1.0,-2.736131212242526,5.256890844484788e-10,10,1.0,time_from_max,lin,lin:time_from_max,-2.7361312124830874
HILn_QI16,0.5,-2.7361415565378593,0.00013410010837230655,120,1.0,time_from_max,lin,lin:time_from_max,-2.7361420988077043
HILn_QI17,1.0,-2.736131375121886,1.474995486867892e-08,10,1.0,time_from_max,lin,lin:time_from_max,-2.736131363785262
HILn_QI18,1.0,-2.7361505229507657,3.009512925430004e-07,10,1.0,time_from_max,lin,lin:time_from_max,-2.7361504958125806
HILn_QI19,1.0,-2.7360742227881474,1.9518493359104493e-08,10,1.0,time_from_max,lin,lin:time_from_max,-2.7360742353698697
HILn_QI20,1.0,-2.736143449601286,1.5682663639923152e-09,10,1.0,time_from_max,lin,lin:time_from_max,-2.7361434514359644
HILn_QI22,1.0,-2.73611809776844,6.8773508009117e-09,10,1.0,time_from_max,lin,lin:time_from_max,-2.7361180736388637
HILn_QI23,1.0,-2.7361358091984584,2.3630787558508359e-07,10,1.0,time_from_max,lin,lin:time_from_max,-2.736135919277785
HILn_QI24,1.0,-2.736145194938217,3.696599456345393e-08,10,1.0,time_from_max,lin,lin:time_from_max,-2.736145166803908
HILn_QI25,1.0,-2.736126768685835,4.283219968861927e-08,10,1.0,time_from_max,lin,lin:time_from_max,-2.736126613963279
HILn_TF2,1.0,-2.7361358137366096,4.1263107157148826e-08,10,1.0,time_from_max,lin,lin:time_from_max,-2.736135806532729
HILn_TF3,1.0,-2.7361415996335836,2.611136595111529e-07,10,1.0,time_from_max,lin,lin:time_from_max,-2.7361411842157395
HILn_QI28,1.0,-2.7361292719733683,4.928515673016908e-09,10,1.0,time_from_max,lin,lin:time_from_max,-2.73612927833301
HILn_TF4,0.5,-2.7361273229334984,3.5011934805466156e-05,120,1.0,time_from_max,lin,lin:time_from_max,-2.736124680251123
HILn_QI30,1.0,-2.7361347188059426,3.4264744700360647e-07,10,1.0,time_from_max,lin,lin:time_from_max,-2.7361351784747967
HILn_QI31,1.0,-2.736135810236533,6.869209724438732e-10,10,1.0,time_from_max,lin,lin:time_from_max,-2.736135809512689
HILn_QI32,0.0692307692307692,-2.7361374049396545,0.624102945636279,120,1.0,time_from_max,lin,lin:time_from_max,-1.387792574951618
HILn_QI33,1.0,-2.736928120374614,4.466758012647092e-08,10,1.0,time_from_max,lin,lin:time_from_max,-2.736928176803758
HILn_QI36,1.0,-2.736135655160524,3.354460132972138e-07,10,1.0,time_from_max,lin,lin:time_from_max,-2.7361354084400773
HILn_QI37,1.0,-2.7361375402695103,4.9058765241756885e-08,10,1.0,time_from_max,lin,lin:time_from_max,-2.7361376016547183
HILn_QI38,1.0,-2.736102507673877,3.1018742293289994e-08,10,1.0,time_from_max,lin,lin:time_from_max,-2.7361025312011407
HILn_QI40,0.5,-2.7361333031458344,1.187483230800053e-05,120,1.0,time_from_max,lin,lin:time_from_max,-2.736106404034217
HILn_QI41,1.0,-2.7361354810260536,2.884894293985502e-10,10,1.0,time_from_max,lin,lin:time_from_max,-2.7361354804397706
HILn_QI42,1.0,-2.735959899653153,4.9330746738389375e-09,10,1.0,time_from_max,lin,lin:time_from_max,-2.73595989888554
HILn_TF5,0.5,-2.736142484381162,1.1124236358901207e-06,120,1.0,time_from_max,lin,lin:time_from_max,-2.7361428842095847
HILn_QI44,1.0,-2.7361305091440045,6.082546853853078e-09,10,1.0,time_from_max,lin,lin:time_from_max,-2.7361304970127094
HILn_TF7,1.0,-2.7361365726292206,3.637524356817916e-08,10,1.0,time_from_max,lin,lin:time_from_max,-2.7361365079300413
HILn_QI48,1.0,-2.7361143847044787,1.520517676796621e-07,10,1.0,time_from_max,lin,lin:time_from_max,-2.7361145895433765
HILn_QI49,1.0,-2.7361407554085417,1.691357668975341e-09,10,1.0,time_from_max,lin,lin:time_from_max,-2.7361407561052147
HILn_QI50,0.020000000000000018,-2.7361300868651597,0.5934517245254759,120,0.8057142857142864,time_from_max,lin,lin:time_from_max,-0.9070359146144256
HILn_QI51,1.0,-2.7361363251934563,4.873588846394094e-08,10,1.0,time_from_max,lin,lin:time_from_max,-2.736136345450632
HILn_QI52,1.0,-2.736135756861586,4.440575921729247e-08,10,1.0,time_from_max,lin,lin:time_from_max,-2.736135758362707
HILn_QI53,1.0,-2.736275314673321,3.516734901605465e-07,10,1.0,time_from_max,lin,lin:time_from_max,-2.736274932071865
HILn_QI54,1.0,-2.7362380807589943,4.5872472061437285e-08,10,1.0,time_from_max,lin,lin:time_from_max,-2.7362381149232533
HILn_QI55,1.0,-2.7361407848070485,2.060635829767591e-08,10,1.0,time_from_max,lin,lin:time_from_max,-2.7361407390408203
HILn_QI57,1.0,-2.736138732899235,3.613994903857179e-09,10,1.0,time_from_max,lin,lin:time_from_max,-2.7361387247210587
HILn_QI58,1.0,-2.7361264488431516,5.691258285822399e-08,10,1.0,time_from_max,lin,lin:time_from_max,-2.736126442265686
HILn_QI59,1.0,-2.736135625368661,4.563849526337678e-07,10,1.0,time_from_max,lin,lin:time_from_max,-2.736135761444075
HILn_QI61,1.0,-2.7361313055664596,3.512833098623046e-08,10,1.0,time_from_max,lin,lin:time_from_max,-2.736131266870416
HILn_QI63,1.0,-2.73569962392412,6.88495096502877e-08,10,1.0,time_from_max,lin,lin:time_from_max,-2.7356996730836727
HILn_QI65,1.0,-2.7361305941813043,8.39885460643997e-09,10,1.0,time_from_max,lin,lin:time_from_max,-2.7361305911299496
HILn_QI66,1.0,-2.736135900029012,1.07420888252682e-08,10,1.0,time_from_max,lin,lin:time_from_max,-2.736135901914622
HILn_QI67,1.0,-2.736135687833439,5.683427724290049e-08,10,1.0,time_from_max,lin,lin:time_from_max,-2.736135663794812
HILn_QI69,1.0,-2.736174273802817,7.406019758709994e-09,10,1.0,time_from_max,lin,lin:time_from_max,-2.736174276238671
HILn_QI71,1.0,-2.7361261844182536,1.4750392106150412e-07,10,1.0,time_from_max,lin,lin:time_from_max,-2.736126225300268
HILn_QI72,1.0,-2.736141486592942,1.56696898301254e-08,10,1.0,time_from_max,lin,lin:time_from_max,-2.736141494734966
HILn_QI73,1.0,-2.736129713644914,8.123278371619382e-09,10,1.0,time_from_max,lin,lin:time_from_max,-2.736129718004122
HILn_QI74,1.0,-2.736157690392247,1.147425024268605e-08,10,1.0,time_from_max,lin,lin:time_from_max,-2.736157682762496
HILn_QI76,1.0,-2.73613634370372,3.673236129192629e-08,10,1.0,time_from_max,lin,lin:time_from_max,-2.736136324025665
HILn_QI77,1.0,-2.736127801405928,1.3914179880339127e-07,10,1.0,time_from_max,lin,lin:time_from_max,-2.7361278865651
HILn_QI78,1.0,-2.7362057167331386,4.051596065754667e-07,10,1.0,time_from_max,lin,lin:time_from_max,-2.7362060865357307
HILn_QI79,0.5,-2.7361489330282893,3.106139289825583e-06,120,1.0,time_from_max,lin,lin:time_from_max,-2.7361480000718075
HILn_QI81,1.0,-2.736105189185082,4.590576532825033e-08,10,1.0,time_from_max,lin,lin:time_from_max,-2.736105210951792
HILn_QI82,1.0,-2.736135894901963,8.476684420760101e-07,10,1.0,time_from_max,lin,lin:time_from_max,-2.7361353336527827
HILn_QI84,1.0,-2.7361421269495168,3.4508837550317087e-08,10,1.0,time_from_max,lin,lin:time_from_max,-2.736142134162492
HILn_QI85,1.0,-2.7361296163469433,7.643628374896441e-09,10,1.0,time_from_max,lin,lin:time_from_max,-2.7361296207300256
HILn_QI86,1.0,-2.736138195986541,3.238737981236758e-08,10,1.0,time_from_max,lin,lin:time_from_max,-2.736138265870068
HILn_TF12,0.5,-2.73613717496346,1.2273096697633365e-06,120,1.0,time_from_max,lin,lin:time_from_max,-2.736139957526575
HILn_QI90,1.0,-2.7361542213509438,4.380396769669137e-08,10,1.0,time_from_max,lin,lin:time_from_max,-2.736154229870408
HILn_QI91,1.0,-2.7361362446406474,3.247348966711399e-08,10,1.0,time_from_max,lin,lin:time_from_max,-2.7361362803412703
HILn_QI92,1.0,-2.7362265109522923,4.1304728265667704e-09,10,1.0,time_from_max,lin,lin:time_from_max,-2.736226507679021
HILn_QI93,1.0,-2.7361387839473537,1.8229119877560182e-08,10,1.0,time_from_max,lin,lin:time_from_max,-2.736138767264947
HILn_TF13,0.5,-2.736138229088283,6.420036769685243e-05,120,1.0,time_from_max,lin,lin:time_from_max,-2.7361405822412053
HILn_QI95,0.5,-2.7361357268857773,3.854764521968591e-06,120,1.0,time_from_max,lin,lin:time_from_max,-2.7361403252789387
HILn_TF14,1.0,-2.736135657024761,5.829551826735846e-09,10,1.0,time_from_max,lin,lin:time_from_max,-2.736135646340699
HILn_QI97,1.0,-2.736137122511991,3.927318825271504e-08,10,1.0,time_from_max,lin,lin:time_from_max,-2.736137073266036
HILn_QI98,1.0,-2.7361481060324877,7.058043344447566e-09,10,1.0,time_from_max,lin,lin:time_from_max,-2.736148099812908
HILn_QI99,1.0,-2.7361336351289083,3.525387075685205e-07,10,1.0,time_from_max,lin,lin:time_from_max,-2.7361336585790923
HILn_QI101,1.0,-2.736004016740253,9.361459419048359e-08,10,1.0,time_from_max,lin,lin:time_from_max,-2.7360039855157083
HILn_QI28433,0.5,-2.73613432138427,4.6760606035863847e-05,120,1.0,time_from_max,lin,lin:time_from_max,-2.736129452138357
HILn_QI102,1.0,-2.7361334251866083,1.5749659143185668e-08,10,1.0,time_from_max,lin,lin:time_from_max,-2.7361334099255146
HILn_QI103,1.0,-2.7361059093434505,2.9520022162611452e-08,10,1.0,time_from_max,lin,lin:time_from_max,-2.736105919622787
HILn_QI105,1.0,-2.7361396809901635,1.1706300052684896e-08,10,1.0,time_from_max,lin,lin:time_from_max,-2.736139666037616
HILn_QI106,0.5,-2.736128178050876,0.00018817900880452925,120,1.0,time_from_max,lin,lin:time_from_max,-2.736090954938845
HILn_QI107,1.0,-2.7361408424264937,5.0297159352418305e-09,10,1.0,time_from_max,lin,lin:time_from_max,-2.736140832350884
HILn_QI108,1.0,-2.7361922246618633,1.3678386464486262e-08,10,1.0,time_from_max,lin,lin:time_from_max,-2.7361922087229686
HILn_QI109,1.0,-2.7361723875003463,1.1042367704690215e-08,10,1.0,time_from_max,lin,lin:time_from_max,-2.7361723788940253
HILn_QI110,4.911591355594158e-05,-2.7361412170396306,0.332619453689727,120,0.006925343811387763,time_from_max,lin,lin:time_from_max,1.3536013306370478
HILn_QI111,1.0,-2.7361498506477346,2.313763712373389e-08,10,1.0,time_from_max,lin,lin:time_from_max,-2.7361497928609424
HILn_QI112,1.0,-2.736189929669081,1.806889362326616e-07,10,1.0,time_from_max,lin,lin:time_from_max,-2.736189573809952
HILn_TF16,0.5,-2.736133960727784,6.370919188220139e-06,120,1.0,time_from_max,lin,lin:time_from_max,-2.736134969601153
HILn_QI114,1.0,-2.736143566745568,1.1302946564815525e-07,10,1.0,time_from_max,lin,lin:time_from_max,-2.7361436128157948
HILn_TF17,1.0,-2.7361094301711546,2.271963177806803e-08,60,1.0,time_from_max,lin,lin:time_from_max,-2.7361094504194625
HILn_QI116,1.0,-2.736097475027236,1.5993649250473917e-07,10,1.0,time_from_max,lin,lin:time_from_max,-2.736097374003748
HILn_QI119,1.0,-2.736174867940008,1.6873457975269297e-08,10,1.0,time_from_max,lin,lin:time_from_max,-2.7361748597440965
HILn_QI120,1.0,-2.7361270006585983,6.440811056068851e-08,10,1.0,time_from_max,lin,lin:time_from_max,-2.7361270260462334
HILn_QI121,0.5,-2.7361723954290937,0.0009146638504196512,120,1.0,time_from_max,lin,lin:time_from_max,-2.73614044829219
HILn_QI123,1.0,-2.7361358380489946,5.866584647754988e-08,10,1.0,time_from_max,lin,lin:time_from_max,-2.736135823107361
HILn_QI124,1.0,-2.7364929789775942,1.2009984135608484e-07,10,1.0,time_from_max,lin,lin:time_from_max,-2.736493013218478
HILn_QI126,1.0,-2.736131300684974,1.4509838471954457e-07,10,1.0,time_from_max,lin,lin:time_from_max,-2.7361314237682564
HILn_TF18,0.5,-2.7361354546269467,0.0004249790562342482,120,1.0,time_from_max,lin,lin:time_from_max,-2.7363278827806425
HILn_QI128,0.5,-2.7361376343897064,7.028557061268104e-05,120,1.0,time_from_max,lin,lin:time_from_max,-2.73614332625948
HILn_QI22769,1.0,-2.7360975455101197,5.435026027553871e-07,10,1.0,time_from_max,lin,lin:time_from_max,-2.7360963224605257
HILn_QI130,1.0,-2.7361471346728194,2.2189015570293604e-07,10,1.0,time_from_max,lin,lin:time_from_max,-2.736146527967776
HILn_TF19,1.0,-2.7361357990014312,2.3992338854057884e-08,10,1.0,time_from_max,lin,lin:time_from_max,-2.736135779090091
HILn_QI132,1.0,-2.7361288368629175,5.488989132565167e-08,10,1.0,time_from_max,lin,lin:time_from_max,-2.7361287613402965
HILp_QI715,1.0,-2.736134358669233,3.3231934799165946e-08,10,1.0,time_from_max,lin,lin:time_from_max,-2.736134331011272
HILp_QI19549,0.09384615384615391,-2.7361065231850716,0.8123517449441305,120,1.0,time_from_max,lin,lin:time_from_max,-1.394017562759018
HILp_TF11,0.5,-2.7361344535588614,2.801470104300703e-06,120,1.0,time_from_max,lin,lin:time_from_max,-2.7361343508982827
HILp_QI3107,1.0,-2.7361319748611095,1.1378536305405691e-08,10,1.0,time_from_max,lin,lin:time_from_max,-2.736131946981459
HILp_QI1303,1.0,-2.7361460677552714,4.6392853655617584e-07,10,1.0,time_from_max,lin,lin:time_from_max,-2.736145361674972
HILp_QI7107,1.0,-2.7361381536054523,6.586284533966546e-08,10,1.0,time_from_max,lin,lin:time_from_max,-2.7361381015762163
HILp_QI4902,0.5,-2.7361373003627705,1.3276900179129962e-06,120,1.0,time_from_max,lin,lin:time_from_max,-2.736138769039826
HILp_QI29,1.0,-2.736137483830362,6.969535840184642e-09,10,1.0,time_from_max,lin,lin:time_from_max,-2.736137483860148
HILp_QI168,1.0,-2.7361360339409657,2.8028500992626987e-08,10,1.0,time_from_max,lin,lin:time_from_max,-2.736135980005656
HILp_QI352,1.0,-2.7361292611749377,2.6522530622712525e-09,10,1.0,time_from_max,lin,lin:time_from_max,-2.736129255981268
HILp_QI1890,1.0,-2.7361280054499275,7.702314486956107e-08,10,1.0,time_from_max,lin,lin:time_from_max,-2.7361280784298287
HILp_TF38,1.0,-2.7361356959477234,6.94316684438922e-07,60,1.0,time_from_max,lin,lin:time_from_max,-2.736137061852787
HILp_QI1810,1.0,-2.7361376095864216,3.6898986654477226e-08,10,1.0,time_from_max,lin,lin:time_from_max,-2.736137629953191
HILp_QI1788,1.0,-2.7361311326876603,1.6883999661443883e-08,10,1.0,time_from_max,lin,lin:time_from_max,-2.736131178490723
HILp_QI2162,1.0,-2.7359909014292043,1.1516425916730342e-08,10,1.0,time_from_max,lin,lin:time_from_max,-2.735990913210117
HILp_QI2979,1.0,-2.736132423699246,2.826666689562197e-07,10,1.0,time_from_max,lin,lin:time_from_max,-2.7361322671690687
HILp_QI1794,1.0,-2.73617583215264,3.418273697294944e-08,10,1.0,time_from_max,lin,lin:time_from_max,-2.736175882457701
HILp_TF58,1.0,-2.736135302111961,1.136218848947792e-07,10,1.0,time_from_max,lin,lin:time_from_max,-2.7361352228426767
HILp_TF54,0.5,-2.7361353931542,0.00033148559687015125,120,1.0,time_from_max,lin,lin:time_from_max,-2.737014871409883
HILp_TF53,0.5,-2.7361353810633773,4.899844019167428e-05,120,1.0,time_from_max,lin,lin:time_from_max,-2.7361429462152955
HILp_TF55,1.0,-2.736135345668572,5.37989224145853e-07,10,1.0,time_from_max,lin,lin:time_from_max,-2.7361353192736715
HILp_TF57,1.0,-2.7361346077177586,7.331703168491635e-07,120,1.0,time_from_max,lin,lin:time_from_max,-2.7361346774032427
HILp_TF56,0.5,-2.7361348341346456,0.00014583182789457743,120,1.0,time_from_max,lin,lin:time_from_max,-2.735879191467575
HILp_QI578,0.5,-2.736140182295685,0.00019654269538542585,120,1.0,time_from_max,lin,lin:time_from_max,-2.736135891255799
HILp_QI1106,1.0,-2.7361392226300723,9.477025102741329e-09,10,1.0,time_from_max,lin,lin:time_from_max,-2.736139219096458
HILp_QI1169,1.0,-2.736251248652252,3.203773674979896e-09,10,1.0,time_from_max,lin,lin:time_from_max,-2.7362512449926726
HILp_QI3009,1.0,-2.7361225107106293,4.3827427682641726e-08,10,1.0,time_from_max,lin,lin:time_from_max,-2.736122576804064
HILp_QI868,1.0,-2.7361412954869593,5.836976513358168e-07,10,1.0,time_from_max,lin,lin:time_from_max,-2.7361415029163254
HILp_QI4915,1.0,-2.736159423223171,9.962502932956732e-09,10,1.0,time_from_max,lin,lin:time_from_max,-2.736159418985608
HILp_QI3039,1.0,-2.736132219449928,3.4158429600548284e-09,10,1.0,time_from_max,lin,lin:time_from_max,-2.736132217923114
HILp_QI322,1.0,-2.7361318389130247,8.24326651269673e-09,10,1.0,time_from_max,lin,lin:time_from_max,-2.736131833604759
HILp_TF48,0.5,-2.7361353395713195,0.0008993003230639214,120,1.0,time_from_max,lin,lin:time_from_max,-2.736096521719446
HILp_QI3588,1.0,-2.7361224169105753,1.7215670285819625e-08,10,1.0,time_from_max,lin,lin:time_from_max,-2.73612244738888
HILp_TF28,0.5,-2.7361356361725484,9.142984245786646e-05,120,1.0,time_from_max,lin,lin:time_from_max,-2.7361317278619026
HILp_QI3608,0.3153846153846154,-2.240557500644627,0.8957500647860386,120,1.0,time_from_max,lin,lin:time_from_max,-1.9280508704478048
HILp_QI892,1.0,-2.7361411308800143,1.7274714011573467e-08,10,1.0,time_from_max,lin,lin:time_from_max,-2.736141125395079
HILp_QI484,1.0,-2.736160048217471,2.002109856407198e-07,10,1.0,time_from_max,lin,lin:time_from_max,-2.736160091833881
HILp_QI1144,1.0,-2.7362059126267013,7.712777461064803e-09,10,1.0,time_from_max,lin,lin:time_from_max,-2.7362059060624238
HILp_QI755,1.0,-2.7359285580655524,2.2848132665573173e-07,10,1.0,time_from_max,lin,lin:time_from_max,-2.7359283992136625
HILp_QI615,0.5,-2.736138688404253,0.0007507618265935306,120,1.0,time_from_max,lin,lin:time_from_max,-2.73612953735892
HILp_QI331,1.0,-2.7361428835438346,4.0687508609584614e-07,10,1.0,time_from_max,lin,lin:time_from_max,-2.7361427066102806
HILp_QI6656,1.0,-2.736145898667246,1.2677411063145258e-07,10,1.0,time_from_max,lin,lin:time_from_max,-2.736145935002241
HILp_QI1757,1.0,-2.7361359073470335,6.388491637192552e-07,10,1.0,time_from_max,lin,lin:time_from_max,-2.7361367205880924
HILp_TF51,0.5,-2.736135307285622,4.880056963809875e-05,120,1.0,time_from_max,lin,lin:time_from_max,-2.7361682111704795
HILp_QI1110,1.0,-2.7359792205643316,8.852837511594383e-07,10,1.0,time_from_max,lin,lin:time_from_max,-2.735979740464245
HILp_QI522,1.0,-2.7361374451588745,4.009177364950209e-08,10,1.0,time_from_max,lin,lin:time_from_max,-2.7361373810958867
HILp_QI30,1.0,-2.736214482919422,2.709296972882287e-09,10,1.0,time_from_max,lin,lin:time_from_max,-2.736214481710249
HILp_QI7060,0.5,-2.7361242513738944,4.377001522375961e-06,120,1.0,time_from_max,lin,lin:time_from_max,-2.73612458610296
HILp_QI473,1.0,-2.7360400999582453,1.715106290084343e-08,10,1.0,time_from_max,lin,lin:time_from_max,-2.7360401277146598
HILp_TF9,0.5,-2.7361355091356927,9.170161061951743e-05,120,1.0,time_from_max,lin,lin:time_from_max,-2.7361561773504945
HILp_TF14,0.5,-2.7361271436739116,5.5227111231461135e-06,120,1.0,time_from_max,lin,lin:time_from_max,-2.736115189834436
HILp_QI3040,1.0,-2.7361301599958097,1.1417137162342483e-09,10,1.0,time_from_max,lin,lin:time_from_max,-2.736130157971047
HILp_QI1037,1.0,-2.7361289354316796,1.7353093698397115e-07,10,1.0,time_from_max,lin,lin:time_from_max,-2.736128658416419
HILp_TF34,1.0,-2.7361359727851777,3.429260576149454e-07,10,1.0,time_from_max,lin,lin:time_from_max,-2.7361360195559428
HILp_QI1320,0.03230769230769237,-2.7361356534286188,0.4182301551885155,120,1.0,time_from_max,lin,lin:time_from_max,-1.5240412271127752
HILp_QI1759,1.0,-2.736135296984685,1.857793212772637e-08,10,1.0,time_from_max,lin,lin:time_from_max,-2.7361353067626624
HILp_QI163,1.0,-2.73614054451582,3.552326388068733e-08,10,1.0,time_from_max,lin,lin:time_from_max,-2.7361405332922004
HILp_QI2598,1.0,-2.7360851814100897,2.7816593626445702e-08,10,1.0,time_from_max,lin,lin:time_from_max,-2.7360851808057305
HILp_TF37,1.0,-2.7361353682299523,7.189030959318561e-07,10,1.0,time_from_max,lin,lin:time_from_max,-2.736135369199019
HILp_QI5874,1.0,-2.736137604193118,2.007221490615151e-08,10,1.0,time_from_max,lin,lin:time_from_max,-2.736137597675679
HILp_QI2466,1.0,-2.736143627349975,5.041384112468808e-07,10,1.0,time_from_max,lin,lin:time_from_max,-2.7361433686537566
HILp_QI4241,1.0,-2.7361270340004467,9.191358139983987e-08,10,1.0,time_from_max,lin,lin:time_from_max,-2.736126931495164
HILp_QI4845,1.0,-2.7361405985559486,1.0882575594782735e-08,10,1.0,time_from_max,lin,lin:time_from_max,-2.736140589851857
HILp_QI6844,1.0,-2.7361145151701294,1.0171577809465197e-08,10,1.0,time_from_max,lin,lin:time_from_max,-2.73611453007652
HILp_QI6120,1.0,-2.736163537589846,1.0362839831809135e-08,10,1.0,time_from_max,lin,lin:time_from_max,-2.736163542812392
HILp_QI8757,1.0,-2.7361353914412803,3.9709859780421477e-08,10,1.0,time_from_max,lin,lin:time_from_max,-2.7361354117053907
HILp_QI9350,1.0,-2.736135764139931,1.6192372609266494e-08,10,1.0,time_from_max,lin,lin:time_from_max,-2.7361357580216463
HILp_QI9164,1.0,-2.736135595253927,4.242757151719423e-08,10,1.0,time_from_max,lin,lin:time_from_max,-2.7361355414404898
HILp_QI10330,1.0,-2.73616231327037,3.329479088668851e-08,10,1.0,time_from_max,lin,lin:time_from_max,-2.7361623125966616
HILp_QI11212,1.0,-2.7361580482956924,2.6924457383074677e-08,10,1.0,time_from_max,lin,lin:time_from_max,-2.7361580550214057
HILp_QI11143,1.0,-2.73615797180355,4.1339937713459466e-08,10,1.0,time_from_max,lin,lin:time_from_max,-2.736157988584182
HILp_QI11066,1.0,-2.7361362076981095,2.4381045709925646e-08,10,1.0,time_from_max,lin,lin:time_from_max,-2.7361362387036934
HILp_QI11887,1.0,-2.7361553686332627,1.4632214104955258e-07,10,1.0,time_from_max,lin,lin:time_from_max,-2.7361553943728723
HILp_TF24,1.0,-2.736135374086871,1.407247609488799e-07,10,1.0,time_from_max,lin,lin:time_from_max,-2.7361353079932087
HILp_QI12539,1.0,-2.7361202054337355,9.26514574308253e-08,10,1.0,time_from_max,lin,lin:time_from_max,-2.736120122558986
HILp_QI12494,1.0,-2.7361421942453035,2.2745192750589066e-07,10,1.0,time_from_max,lin,lin:time_from_max,-2.7361417663341854
HILp_TF23,1.0,-2.7361353439555387,1.6094492104890262e-07,10,1.0,time_from_max,lin,lin:time_from_max,-2.7361353435780984
HILp_QI12459,1.0,-2.7361458689179017,5.96366848205608e-08,10,1.0,time_from_max,lin,lin:time_from_max,-2.7361458131949803
HILp_QI13219,1.0,-2.736132575062584,4.2412497763389905e-08,10,1.0,time_from_max,lin,lin:time_from_max,-2.736132598808126
HILp_QI13031,1.0,-2.736150496527216,9.605466544279814e-07,60,1.0,time_from_max,lin,lin:time_from_max,-2.736150491911303
HILp_QI2602,1.0,-2.7361116734750794,2.9086349738249974e-08,10,1.0,time_from_max,lin,lin:time_from_max,-2.736111666840316
HILp_QI8513,1.0,-2.7361344750438548,2.589934682728691e-09,10,1.0,time_from_max,lin,lin:time_from_max,-2.7361344729315533
HILp_QI10472,1.0,-2.73673537764671,4.024795953317035e-08,10,1.0,time_from_max,lin,lin:time_from_max,-2.736735373373904
HILp_QI1756,1.0,-2.7361072314520243,2.4264154510554764e-09,10,1.0,time_from_max,lin,lin:time_from_max,-2.736107229753088
HILp_QI7751,1.0,-2.736131737675578,1.1214610471969875e-08,10,1.0,time_from_max,lin,lin:time_from_max,-2.736131722263508
HILp_QI2793,1.0,-2.7361357164083984,4.7706874088218195e-08,10,1.0,time_from_max,lin,lin:time_from_max,-2.7361357207159926
HILp_QI2638,1.0,-2.736098528901948,1.5352924771804033e-07,10,1.0,time_from_max,lin,lin:time_from_max,-2.736098288494304
HILp_TF8,1.0,-2.7361347994669813,3.95552134035525e-07,10,1.0,time_from_max,lin,lin:time_from_max,-2.7361352956136216
HILp_QI418,1.0,-2.7361414353965756,1.457478349336072e-08,10,1.0,time_from_max,lin,lin:time_from_max,-2.7361414671877355
HILp_QI1750,1.0,-2.736157478892892,5.346692633490006e-08,10,1.0,time_from_max,lin,lin:time_from_max,-2.7361574863721216
HILp_QI1929,1.0,-2.7361341014636764,4.44196170364906e-09,10,1.0,time_from_max,lin,lin:time_from_max,-2.7361340992074474
HILp_QI3985,1.0,-2.736149465127937,1.8819206005390608e-08,10,1.0,time_from_max,lin,lin:time_from_max,-2.736149451686288
HILp_QI2601,1.0,-2.7361339652209153,6.662930425827903e-07,10,1.0,time_from_max,lin,lin:time_from_max,-2.736133950947078
HILp_TF4,1.0,-2.7361355315265428,1.42701833596059e-07,10,1.0,time_from_max,lin,lin:time_from_max,-2.7361354609392947
HILp_QI7860,1.0,-2.7361321991859313,7.757665520116449e-08,10,1.0,time_from_max,lin,lin:time_from_max,-2.7361321828229848
HILp_QI1989,1.0,-2.73544268707451,2.4167301852437504e-08,10,1.0,time_from_max,lin,lin:time_from_max,-2.7354426809515644
HILp_QI4966,0.5,-2.7361393817029693,0.0002879932912864436,120,1.0,time_from_max,lin,lin:time_from_max,-2.7361954683583463
HILp_TF45,0.5,-2.736060144939529,0.0001933682850933117,120,1.0,time_from_max,lin,lin:time_from_max,-2.735503888101448
HILp_QI1127,1.0,-2.7361319716178514,2.581598239967178e-07,10,1.0,time_from_max,lin,lin:time_from_max,-2.7361315111506883
HILp_QI7038,1.0,-2.7361076350898657,7.323577512241771e-08,10,1.0,time_from_max,lin,lin:time_from_max,-2.736107680409532
HILp_TF26,1.0,-2.736135668286124,1.8512253982463052e-07,10,1.0,time_from_max,lin,lin:time_from_max,-2.736135339514931
HILp_QI19408,1.0,-2.7361485086935318,1.455200536404092e-07,10,1.0,time_from_max,lin,lin:time_from_max,-2.736148165076429
HILp_TF5,0.5,-2.736135378081144,1.1441348357892575e-06,120,1.0,time_from_max,lin,lin:time_from_max,-2.736135395222845
HILp_TF46,0.5,-2.736135253140219,0.00035664454218623486,120,1.0,time_from_max,lin,lin:time_from_max,-2.7360548714059405
HILp_QI3770,1.0,-2.7361387241383,4.4143617424907416e-08,10,1.0,time_from_max,lin,lin:time_from_max,-2.7361387497326177
HILp_QI10949,1.0,-2.736021512787829,8.907073482357791e-09,10,1.0,time_from_max,lin,lin:time_from_max,-2.7360215155281367
HILp_TF36,0.5,-2.736144523970779,6.9983642199723876e-06,120,1.0,time_from_max,lin,lin:time_from_max,-2.736150733985596
HILp_QI8054,1.0,-2.736083772107122,3.887940816228637e-07,10,1.0,time_from_max,lin,lin:time_from_max,-2.736083759090434
HILp_TF43,0.5,-2.7361450048210827,5.470546283199711e-06,120,1.0,time_from_max,lin,lin:time_from_max,-2.736138515805578
HILp_QI2874,0.5,-2.7365379786947415,2.1356740474399455e-05,120,1.0,time_from_max,lin,lin:time_from_max,-2.736601009559763
HILp_TF44,0.014695815799807055,-2.7361359579222153,0.38419307556506743,120,0.7534945555537435,time_from_max,lin,lin:time_from_max,-1.2600967994253551
HILp_TF47,0.5,-2.7361352998527764,2.2548334620746232e-06,120,1.0,time_from_max,lin,lin:time_from_max,-2.736138062376085
HILp_QI3629,1.0,-2.73613614977171,3.878474809834741e-09,10,1.0,time_from_max,lin,lin:time_from_max,-2.736136155117947
HILp_QI3716,1.0,-2.7361715806291613,2.1236735119354497e-09,10,1.0,time_from_max,lin,lin:time_from_max,-2.736171582980205
HILp_QI1508,1.0,-2.7360661430352593,7.905070126316734e-07,10,1.0,time_from_max,lin,lin:time_from_max,-2.736066212957212
HILp_TF40,0.5,-2.7361408893248154,0.0005764485345775884,120,1.0,time_from_max,lin,lin:time_from_max,-2.7361385608764976
HILp_QI9633,1.0,-2.7361417417600933,8.51960846524959e-07,10,1.0,time_from_max,lin,lin:time_from_max,-2.7361412350023784
HILp_TF20,0.5,-2.7361352822561003,2.5021008799838445e-05,120,1.0,time_from_max,lin,lin:time_from_max,-2.736138963106441
HILp_QI1048,1.0,-2.7358630147002714,8.201171983045676e-09,10,1.0,time_from_max,lin,lin:time_from_max,-2.7358630163084854
HILp_TF42,1.0,-2.736135513971476,8.727897620729202e-08,10,1.0,time_from_max,lin,lin:time_from_max,-2.736135424470376
HILp_QI2850,1.0,-2.73620231496443,4.0610658371946405e-09,10,1.0,time_from_max,lin,lin:time_from_max,-2.736202317493735
HILp_TF50,0.5,-2.7361827809304486,0.00011803811260791821,120,1.0,time_from_max,lin,lin:time_from_max,-2.736172379421077
HILp_QI3549,0.5,-2.7361506526776793,1.0324753123521007e-06,120,1.0,time_from_max,lin,lin:time_from_max,-2.7361526325339582
HILp_TF52,1.0,-2.736135298336194,3.5247086547929995e-08,120,1.0,time_from_max,lin,lin:time_from_max,-2.7361352912880648
HILp_QI2014,1.0,-2.7361178246103464,4.3542201393023474e-08,10,1.0,time_from_max,lin,lin:time_from_max,-2.736117781397752
HILp_QI9142,1.0,-2.7361303103568844,1.0758175774346041e-08,10,1.0,time_from_max,lin,lin:time_from_max,-2.736130311807301
HILp_TF41,1.0,-2.736134660101925,4.4808451417171935e-07,10,1.0,time_from_max,lin,lin:time_from_max,-2.7361356981600693
HILp_QI1105,1.0,-2.7361354202841994,1.1693310675520412e-09,10,1.0,time_from_max,lin,lin:time_from_max,-2.736135420483833
HILp_QI2994,1.0,-2.7361354058537017,4.854553100751778e-10,10,1.0,time_from_max,lin,lin:time_from_max,-2.7361354058607503
HILp_TF22,1.0,-2.736140129203932,2.022879315245985e-07,10,1.0,time_from_max,lin,lin:time_from_max,-2.736139717591868
HILp_TF27,0.5,-2.7361369348986955,3.5378653394161094e-06,120,1.0,time_from_max,lin,lin:time_from_max,-2.736136893426192
HILp_QI3939,0.5,-2.7362190000428654,3.605387666340529e-05,120,1.0,time_from_max,lin,lin:time_from_max,-2.736151786929895
HILp_QI2965,1.0,-2.736119090200418,8.104118236241594e-09,10,1.0,time_from_max,lin,lin:time_from_max,-2.7361190800675104
HILp_QI1093,0.5,-2.736135339206612,1.4200492782153698e-06,120,1.0,time_from_max,lin,lin:time_from_max,-2.736134525078341
HILp_QI4793,1.0,-2.7361345276599423,8.887090605516751e-08,10,1.0,time_from_max,lin,lin:time_from_max,-2.7361344441869733
HILp_QI2981,1.0,-2.7361300884811044,7.112189889353062e-08,10,1.0,time_from_max,lin,lin:time_from_max,-2.736130151908128
HILp_QI3593,1.0,-2.736124865356487,5.997831745918011e-07,10,1.0,time_from_max,lin,lin:time_from_max,-2.7361257734928586
HILp_QI1038,0.5,-2.736142179465787,0.00033217262253120404,120,1.0,time_from_max,lin,lin:time_from_max,-2.7361390835362727
HILp_TF13,1.0,-2.736135342346188,1.7530907342673207e-08,10,1.0,time_from_max,lin,lin:time_from_max,-2.7361353381675144
HILp_QI7976,0.5,-2.736130084936349,1.0750564521345506e-06,120,1.0,time_from_max,lin,lin:time_from_max,-2.7361296379613123
HILp_QI1646,1.0,-2.736149258853402,3.5600618756431787e-07,10,1.0,time_from_max,lin,lin:time_from_max,-2.7361489460013217
HILp_TF7,0.5,-2.7360724054346974,2.3862543711734482e-05,120,1.0,time_from_max,lin,lin:time_from_max,-2.7360725062117126
HILp_TF15,0.5,-2.736141861837041,1.7060413343784584e-05,120,1.0,time_from_max,lin,lin:time_from_max,-2.736140944154613
HILp_QI9662,1.0,-2.736132794614946,1.0029370001800217e-09,10,1.0,time_from_max,lin,lin:time_from_max,-2.736132792862236
HILp_TF49,1.0,-2.7361354987911,7.76057678167145e-08,10,1.0,time_from_max,lin,lin:time_from_max,-2.736135465116604
HILp_QI1968,0.00499765950905684,-2.736131402953106,0.6459075484548793,120,0.40266856615829394,time_from_max,lin,lin:time_from_max,0.3604040964519299
HILp_QI8763,1.0,-2.7361044295789725,6.934393702220679e-07,10,1.0,time_from_max,lin,lin:time_from_max,-2.7361037941018367
HILp_QI8646,0.5,-2.7361326080413164,6.248536987787734e-06,120,1.0,time_from_max,lin,lin:time_from_max,-2.7361350004239284
HILp_QI1363,1.0,-2.736127495415303,8.062923768641553e-08,10,1.0,time_from_max,lin,lin:time_from_max,-2.73612747902871
HILp_QI20478,0.5,-2.7361353547967155,5.287882874179706e-06,120,1.0,time_from_max,lin,lin:time_from_max,-2.7361358561020097
HILp_QI13472,1.0,-2.736133445269843,1.9507877433232897e-08,10,1.0,time_from_max,lin,lin:time_from_max,-2.736133464293744
HILp_QI14033,1.0,-2.736150190371518,4.10581428620781e-08,10,1.0,time_from_max,lin,lin:time_from_max,-2.73615022606009
HILp_TF30,1.0,-2.736135297445344,6.293556297065861e-08,10,1.0,time_from_max,lin,lin:time_from_max,-2.736135331508194
HILp_TF32,1.0,-2.7361512625720934,2.8087987370874913e-07,10,1.0,time_from_max,lin,lin:time_from_max,-2.7361511336866897
HILp_TF29,0.5,-2.736135352765359,2.2073057029358644e-06,120,1.0,time_from_max,lin,lin:time_from_max,-2.736135351655321
HILp_QI15155,0.5,-2.7361489665572662,4.75468683880792e-06,120,1.0,time_from_max,lin,lin:time_from_max,-2.736147789196366
HILp_QI15372,0.5,-2.736113845965974,7.992770933586723e-06,120,1.0,time_from_max,lin,lin:time_from_max,-2.736114024794915
HILp_QI16955,1.0,-2.7361751287496645,1.8390260020724512e-08,10,1.0,time_from_max,lin,lin:time_from_max,-2.736175137074952
HILp_QI13719,1.0,-2.736162756048998,7.442636574914669e-08,10,1.0,time_from_max,lin,lin:time_from_max,-2.7361628652374748
HILp_QI14421,0.1676923076923077,-2.7361283692255256,0.745657214025278,120,1.0,time_from_max,lin,lin:time_from_max,-1.9011698600133968
HILp_QI13155,1.0,-2.7361300116072016,9.460415016250485e-07,120,1.0,time_from_max,lin,lin:time_from_max,-2.736129715272
HILp_TF17,0.5,-2.736222236480444,6.86133613145785e-05,120,1.0,time_from_max,lin,lin:time_from_max,-2.7362214088761903
HILp_TF35,1.0,-2.7361194902584884,1.5821051971663584e-07,10,1.0,time_from_max,lin,lin:time_from_max,-2.7361193147453378
HILp_TF19,0.5,-2.7361393661058173,1.0225164572004942e-06,120,1.0,time_from_max,lin,lin:time_from_max,-2.7361402897959124
HILp_QI25304,1.0,-2.7361286979587476,1.3887140058503812e-08,10,1.0,time_from_max,lin,lin:time_from_max,-2.736128697893492
HILp_TF2,0.5,-2.736134037050306,8.619240680780373e-06,120,1.0,time_from_max,lin,lin:time_from_max,-2.736121787878801
HILp_TF3,0.5,-2.736138342754657,1.967101876574543e-06,120,1.0,time_from_max,lin,lin:time_from_max,-2.7361393689388933
HILp_TF12,0.5,-2.736135201779234,4.6357661228332176e-05,120,1.0,time_from_max,lin,lin:time_from_max,-2.736135118799212
HILp_QI23736,1.0,-2.7361354459255836,1.229512838077074e-08,10,1.0,time_from_max,lin,lin:time_from_max,-2.73613542716339
HILp_QI24373,1.0,-2.736127225447035,1.9882422044709333e-07,10,1.0,time_from_max,lin,lin:time_from_max,-2.7361267163810226
C18n_QI06,0.056923076923076854,-5.472252143013748,0.3119527267598076,120,1.0,time_from_max,squared_exponential,squared_exponential:time_from_max,-4.784084853114564
C18n_QI07,1.0,-5.47224011640742,1.9048590080344485e-07,10,1.0,time_from_max,squared_exponential,squared_exponential:time_from_max,-5.472240105473702
C18n_QI08,1.0,-5.47224211287039,4.521755586949763e-10,10,1.0,time_from_max,squared_exponential,squared_exponential:time_from_max,-5.472242113099128
C18n_QI10,1.0,-5.472271594067252,2.1031629816567015e-08,10,1.0,time_from_max,squared_exponential,squared_exponential:time_from_max,-5.472271625857047
C18n_QI11,0.5,-5.472271916373302,0.0005190484100873441,120,1.0,time_from_max,squared_exponential,squared_exponential:time_from_max,-5.472293972900388
C18n_TF1,1.0,-5.472270870416651,3.222388367687366e-08,10,1.0,time_from_max,squared_exponential,squared_exponential:time_from_max,-5.472270803015363
C18n_QI12,0.0692307692307692,-5.47226960820808,1.2822889573923257,120,1.0,time_from_max,squared_exponential,squared_exponential:time_from_max,-3.0447382847296467
C18n_QI13,1.0,-5.472266687155525,1.9786203170262696e-08,10,1.0,time_from_max,squared_exponential,squared_exponential:time_from_max,-5.472266700547152
C18n_QI14,1.0,-5.47224568440015,2.8478531607874402e-09,10,1.0,time_from_max,squared_exponential,squared_exponential:time_from_max,-5.472245679641219
C18n_TF2,1.0,-5.4722907065606705,3.633891194835008e-08,10,1.0,time_from_max,squared_exponential,squared_exponential:time_from_max,-5.4722905546495895
C18n_QI15,1.0,-5.472132008103472,1.8294451909169124e-07,10,1.0,time_from_max,squared_exponential,squared_exponential:time_from_max,-5.4721321454485405
C18n_QI16,1.0,-5.472307707247637,1.491560590639315e-08,10,1.0,time_from_max,squared_exponential,squared_exponential:time_from_max,-5.472307702159469
C18n_QI17,1.0,-5.472340981063098,6.811050258019883e-09,10,1.0,time_from_max,squared_exponential,squared_exponential:time_from_max,-5.472340987464122
C18n_QI18,1.0,-5.472289955614542,3.3037735172182633e-07,10,1.0,time_from_max,squared_exponential,squared_exponential:time_from_max,-5.472289655956047
C18n_TF3,1.0,-5.472315045489722,1.56843064256439e-07,10,1.0,time_from_max,squared_exponential,squared_exponential:time_from_max,-5.472314915690276
C18n_TF4,0.00925633909304524,-5.472272742870246,0.7965800682314665,120,0.8700958747462527,time_from_max,squared_exponential,squared_exponential:time_from_max,-1.9408480581059848
C18n_QI19,1.0,-5.472271135474784,6.872086391156368e-09,10,1.0,time_from_max,squared_exponential,squared_exponential:time_from_max,-5.472271128021475
C18n_QI20,1.0,-5.472252894515577,8.941431593958526e-07,10,1.0,time_from_max,squared_exponential,squared_exponential:time_from_max,-5.4722527963213
C18n_QI21,0.03230769230769237,-5.472165400243739,0.6994319742762647,120,1.0,time_from_max,squared_exponential,squared_exponential:time_from_max,-3.578886034606512
C18n_QI22,1.0,-5.47226297440352,2.6320387795421194e-09,10,1.0,time_from_max,squared_exponential,squared_exponential:time_from_max,-5.472262968242376
C18n_QI23,1.0,-5.472284123544341,7.502896240232925e-08,10,1.0,time_from_max,squared_exponential,squared_exponential:time_from_max,-5.472283937951033
C18n_QI25,1.0,-5.472270697487829,4.141714308362765e-07,10,1.0,time_from_max,squared_exponential,squared_exponential:time_from_max,-5.472270675926211
C18n_QI26,0.5,-5.472282655716754,2.715724762281942e-06,120,1.0,time_from_max,squared_exponential,squared_exponential:time_from_max,-5.4722820370279806
C18n_QI27,1.0,-5.472270643228967,2.7067650115647912e-08,10,1.0,time_from_max,squared_exponential,squared_exponential:time_from_max,-5.472270642339936
C18n_QI28,0.5,-5.472302806029802,0.0022090592043363996,120,1.0,time_from_max,squared_exponential,squared_exponential:time_from_max,-5.472289711374287
C18n_QI29,0.5,-5.472293331829405,3.9911558122654915e-05,120,1.0,time_from_max,squared_exponential,squared_exponential:time_from_max,-5.4723355387159245
C18n_QI30,1.0,-5.472266488318837,4.873014658155227e-09,10,1.0,time_from_max,squared_exponential,squared_exponential:time_from_max,-5.472266494010455
C18n_QI31,1.0,-5.472267100766658,5.954334120518148e-08,10,1.0,time_from_max,squared_exponential,squared_exponential:time_from_max,-5.472267101447869
C18n_QI32,1.0,-5.472335226626683,5.124387951327246e-09,10,1.0,time_from_max,squared_exponential,squared_exponential:time_from_max,-5.472335223999835
C18n_QI33,1.0,-5.472250082754499,3.2499103489694865e-09,10,1.0,time_from_max,squared_exponential,squared_exponential:time_from_max,-5.472250078787965
C18n_QI34,1.0,-5.47225799978105,8.705278562752141e-08,10,1.0,time_from_max,squared_exponential,squared_exponential:time_from_max,-5.472258014598538
C18n_QI35,0.5,-5.472274826434841,2.0597917296598507e-06,120,1.0,time_from_max,squared_exponential,squared_exponential:time_from_max,-5.472275191236804
C18n_QI36,0.5,-5.472246866817841,5.9980598608671e-06,120,1.0,time_from_max,squared_exponential,squared_exponential:time_from_max,-5.472246046501823
C18n_QI37,1.0,-5.472278824012619,1.0865669597991579e-07,10,1.0,time_from_max,squared_exponential,squared_exponential:time_from_max,-5.472278888169058
C18n_QI38,0.5,-5.472284229079378,1.730792834533155e-06,120,1.0,time_from_max,squared_exponential,squared_exponential:time_from_max,-5.472286937584158
C18n_QI39,1.0,-5.472283211107651,4.7384962195958576e-08,10,1.0,time_from_max,squared_exponential,squared_exponential:time_from_max,-5.47228320359045
C18n_QI40,1.0,-5.472268073224541,1.2933824784471751e-08,10,1.0,time_from_max,squared_exponential,squared_exponential:time_from_max,-5.472268087418343
C18n_QI41,1.0,-5.472178388975408,2.4076030289327875e-07,10,1.0,time_from_max,squared_exponential,squared_exponential:time_from_max,-5.472178634700413
C18n_QI42,0.5,-5.4722651260378825,1.657712432390171e-05,120,1.0,time_from_max,squared_exponential,squared_exponential:time_from_max,-5.472269690154008
C18n_QI43,0.5,-5.468955629451557,0.0014366124909723688,120,1.0,time_from_max,squared_exponential,squared_exponential:time_from_max,-5.468955386327707
C18n_QI44,1.0,-5.4722685229019135,2.4156988763472765e-08,10,1.0,time_from_max,squared_exponential,squared_exponential:time_from_max,-5.472268526378684
C18n_QI45,0.03230769230769237,-5.4722721067455495,0.9640534907467344,120,1.0,time_from_max,squared_exponential,squared_exponential:time_from_max,-2.8585089231933125
C18n_QI46,0.5,-5.4721774402346455,4.263212323285472e-05,120,1.0,time_from_max,squared_exponential,squared_exponential:time_from_max,-5.472176496181419
C18n_QI47,1.0,-5.4713754525153036,6.001889609133887e-07,10,1.0,time_from_max,squared_exponential,squared_exponential:time_from_max,-5.471375826066378
C18n_QI48,1.0,-5.47227117474813,3.029974334137691e-07,120,1.0,time_from_max,squared_exponential,squared_exponential:time_from_max,-5.472271076414472
C18n_QI49,1.0,-5.472270768474573,3.2567750109123887e-07,10,1.0,time_from_max,squared_exponential,squared_exponential:time_from_max,-5.472270818462675
C18n_QI50,0.5,-5.472270679264966,3.992274206352471e-06,120,1.0,time_from_max,squared_exponential,squared_exponential:time_from_max,-5.472270635975292
C18n_QI51,1.0,-5.472263884448694,6.57351979173135e-07,10,1.0,time_from_max,squared_exponential,squared_exponential:time_from_max,-5.472264272545544
C18n_QI52,0.5,-5.4722706750837915,8.093663778529483e-06,120,1.0,time_from_max,squared_exponential,squared_exponential:time_from_max,-5.472271389406615
C18n_QI53,1.0,-5.472279373503625,7.809499885103302e-07,10,1.0,time_from_max,squared_exponential,squared_exponential:time_from_max,-5.472277766350999
C18n_QI54,0.5,-5.47227914364521,4.2739220529071e-06,120,1.0,time_from_max,squared_exponential,squared_exponential:time_from_max,-5.472279412801981
C18n_QI55,0.5,-5.472271849343997,6.646872149335451e-05,120,1.0,time_from_max,squared_exponential,squared_exponential:time_from_max,-5.472279496406827
C18n_QI56,1.0,-5.4722700753741265,5.358490757197392e-07,10,1.0,time_from_max,squared_exponential,squared_exponential:time_from_max,-5.472274116841618
C18n_QI57,1.0,-5.472330559034162,1.828781118649937e-07,10,1.0,time_from_max,squared_exponential,squared_exponential:time_from_max,-5.472330216713544
C18n_QI58,1.0,-5.472263538356174,4.2332973253062396e-08,10,1.0,time_from_max,squared_exponential,squared_exponential:time_from_max,-5.472263587322232
C18n_QI59,0.0692307692307692,-5.472267359920579,0.8378149420415987,120,1.0,time_from_max,squared_exponential,squared_exponential:time_from_max,-3.817788682697028
C18n_QI60,0.5,-5.472271762502714,0.0002502429151754779,120,1.0,time_from_max,squared_exponential,squared_exponential:time_from_max,-5.47228352786442
C18n_QI61,0.5,-5.472176440280464,4.88371652526513e-05,120,1.0,time_from_max,squared_exponential,squared_exponential:time_from_max,-5.472177072628256
C18n_QI62,1.0,-5.47228346054726,6.950738081865238e-08,10,1.0,time_from_max,squared_exponential,squared_exponential:time_from_max,-5.472283390919984
C18n_QI63,1.0,-5.472265833039501,1.1511692384861974e-07,10,1.0,time_from_max,squared_exponential,squared_exponential:time_from_max,-5.472265931749462
C18n_QI64,1.0,-5.472271333980871,3.182379744336733e-08,10,1.0,time_from_max,squared_exponential,squared_exponential:time_from_max,-5.472271328389525
C18n_QI65,1.0,-5.472415719199944,2.010071637841985e-07,10,1.0,time_from_max,squared_exponential,squared_exponential:time_from_max,-5.472415733936941
C18n_QI66,1.0,-5.472282007626063,5.235230616702816e-09,10,1.0,time_from_max,squared_exponential,squared_exponential:time_from_max,-5.472282006104706
C18n_TF5,1.0,-5.472256398481022,8.466488725510554e-08,10,1.0,time_from_max,squared_exponential,squared_exponential:time_from_max,-5.472256392069994
C18n_QI67,1.0,-5.472138731859559,1.3058494204707882e-08,10,1.0,time_from_max,squared_exponential,squared_exponential:time_from_max,-5.472138716712834
C18n_QI68,1.0,-5.472404428576738,9.720559943160067e-08,10,1.0,time_from_max,squared_exponential,squared_exponential:time_from_max,-5.472404574991742
C18n_QI69,1.0,-5.4722534536890635,4.444832043685311e-08,10,1.0,time_from_max,squared_exponential,squared_exponential:time_from_max,-5.4722534335928685
C18n_QI70,1.0,-5.472287900997117,9.335429752179614e-09,10,1.0,time_from_max,squared_exponential,squared_exponential:time_from_max,-5.472287909358329
C18n_QI73,0.0692307692307692,-5.472244734737387,0.7813024656564038,120,1.0,time_from_max,squared_exponential,squared_exponential:time_from_max,-3.9204720706056833
C18n_QI74,1.0,-5.472231943780571,7.978144067646308e-10,10,1.0,time_from_max,squared_exponential,squared_exponential:time_from_max,-5.472231943019324
C18n_QI77,1.0,-5.4723152122101055,8.194526512588973e-08,10,1.0,time_from_max,squared_exponential,squared_exponential:time_from_max,-5.472315262418306
C18n_QI78,1.0,-5.472266842300542,6.5387610647873306e-09,10,1.0,time_from_max,squared_exponential,squared_exponential:time_from_max,-5.47226683420331
C18n_QI79,1.0,-5.4722794812382745,7.199101147463952e-10,10,1.0,time_from_max,squared_exponential,squared_exponential:time_from_max,-5.472279480723046
C18n_QI80,1.0,-5.472270821148868,3.77942510607261e-08,10,1.0,time_from_max,squared_exponential,squared_exponential:time_from_max,-5.47227080283028
C18n_QI4788,1.0,-5.472271110413772,4.798984988453382e-10,10,1.0,time_from_max,squared_exponential,squared_exponential:time_from_max,-5.472271110176507
C18n_QI81,1.0,-5.47226561963862,1.9678393152632792e-09,10,1.0,time_from_max,squared_exponential,squared_exponential:time_from_max,-5.47226561957973
C18n_QI83,1.0,-5.472270846076071,6.489672573397816e-08,10,1.0,time_from_max,squared_exponential,squared_exponential:time_from_max,-5.47227090040451
C18n_QI84,0.1184615384615384,-4.600561158207711,1.462457510709884,120,1.0,time_from_max,squared_exponential,squared_exponential:time_from_max,-2.588910851739456
C18n_QI85,1.0,-5.472250024393361,3.2781661346876013e-07,10,1.0,time_from_max,squared_exponential,squared_exponential:time_from_max,-5.472250179698676
C18n_QI86,1.0,-5.4722523335728965,6.557079640124808e-08,10,1.0,time_from_max,squared_exponential,squared_exponential:time_from_max,-5.472252309997657
C18n_TF8,1.0,-5.472384128217072,3.575077448094429e-07,10,1.0,time_from_max,squared_exponential,squared_exponential:time_from_max,-5.472383621481185
C18n_QI88,1.0,-5.472279889051151,8.039333441149616e-07,10,1.0,time_from_max,squared_exponential,squared_exponential:time_from_max,-5.472279889232141
C18n_QI89,4.911591355594158e-05,-5.472270448102108,0.48019732487543626,120,0.013850687622775526,time_from_max,squared_exponential,squared_exponential:time_from_max,-1.066475872508363
C18n_QI91,1.0,-5.472274966838313,6.7951297346281625e-09,10,1.0,time_from_max,squared_exponential,squared_exponential:time_from_max,-5.472274958394337
C18n_QI92,1.0,-5.472271016485024,2.455158444400145e-10,10,1.0,time_from_max,squared_exponential,squared_exponential:time_from_max,-5.472271017036064
C8p_QI02,1.0,-5.4722715405180224,7.3523177392286565e-09,10,1.0,time_from_max,squared_exponential,squared_exponential:time_from_max,-5.472271544230807
C8p_QI03,1.0,-5.472275088821789,2.4007917396967856e-08,10,1.0,time_from_max,squared_exponential,squared_exponential:time_from_max,-5.472275057812567
C8p_QI04,0.5,-5.472268612088101,1.3274407268453665e-06,120,1.0,time_from_max,squared_exponential,squared_exponential:time_from_max,-5.472268247493048
C8p_QI05,0.5,-5.471670514306197,0.00038518572094414387,120,1.0,time_from_max,squared_exponential,squared_exponential:time_from_max,-5.4725565637941145
C8p_QI06,0.17999999999999994,-4.646801064222927,1.9890057851003777,120,1.0,time_from_max,squared_exponential,squared_exponential:time_from_max,-2.835035749047165
C8p_QI07,0.5,-5.472270272816331,1.3152989422348927e-06,120,1.0,time_from_max,squared_exponential,squared_exponential:time_from_max,-5.472270132320773
C8p_QI08,1.0,-5.472270620218751,1.4645157454929243e-07,10,1.0,time_from_max,squared_exponential,squared_exponential:time_from_max,-5.472270569907323
C8p_QI09,1.0,-5.472271885526425,5.4126437342946435e-09,10,1.0,time_from_max,squared_exponential,squared_exponential:time_from_max,-5.4722718860489294
C8p_QI10,1.0,-5.472260450153726,2.5202288753002133e-07,10,1.0,time_from_max,squared_exponential,squared_exponential:time_from_max,-5.472260483461923
C8p_QI12,1.0,-5.472249002124045,3.5057338295880243e-09,10,1.0,time_from_max,squared_exponential,squared_exponential:time_from_max,-5.472248996450162
C8p_QI13,1.0,-5.472283878137205,1.6048897624539547e-07,10,1.0,time_from_max,squared_exponential,squared_exponential:time_from_max,-5.47228334509964
C8p_QI14,1.0,-5.472291873945551,1.0838596538739565e-08,10,1.0,time_from_max,squared_exponential,squared_exponential:time_from_max,-5.472291863434293
C8p_QI15,0.5,-5.472272547005559,0.0006229113259453896,120,1.0,time_from_max,squared_exponential,squared_exponential:time_from_max,-5.472280826886163
C8p_QI16,1.0,-5.472254541216216,4.022813796589974e-08,10,1.0,time_from_max,squared_exponential,squared_exponential:time_from_max,-5.472254500132749
C8p_QI18,0.5,-5.472274081021169,0.0006729452228901457,120,1.0,time_from_max,squared_exponential,squared_exponential:time_from_max,-5.472259852447678
C8p_QI19,1.0,-5.472254575094894,1.3803354309940315e-09,10,1.0,time_from_max,squared_exponential,squared_exponential:time_from_max,-5.472254576252908
C8p_QI20,1.0,-5.472262792763104,9.08534135260076e-09,10,1.0,time_from_max,squared_exponential,squared_exponential:time_from_max,-5.472262799077271
C8p_QI21,1.0,-5.472273231111558,1.0942643901653388e-08,10,1.0,time_from_max,squared_exponential,squared_exponential:time_from_max,-5.472273241903622
C8p_QI22,1.0,-5.47217023711255,1.7145443982159493e-07,10,1.0,time_from_max,squared_exponential,squared_exponential:time_from_max,-5.472170234650093
C8p_QI23,1.0,-5.47228054983475,4.513735144940811e-09,10,1.0,time_from_max,squared_exponential,squared_exponential:time_from_max,-5.472280549497555
C8p_QI24,1.0,-5.472304512824849,3.356691007015646e-08,10,1.0,time_from_max,squared_exponential,squared_exponential:time_from_max,-5.472304552828973
C8p_QI25,1.0,-5.472281631342412,6.276387438786251e-08,10,1.0,time_from_max,squared_exponential,squared_exponential:time_from_max,-5.472281581386142
C8p_QI26,1.0,-5.472426732219674,2.5556658429133432e-08,10,1.0,time_from_max,squared_exponential,squared_exponential:time_from_max,-5.472426700952838
C8p_QI27,1.0,-5.472284930514206,4.486653332000324e-08,10,1.0,time_from_max,squared_exponential,squared_exponential:time_from_max,-5.472284971707722
C8p_QI28,1.0,-5.472271751171775,3.192857611968462e-09,10,1.0,time_from_max,squared_exponential,squared_exponential:time_from_max,-5.472271747452396
C8p_QI29,1.0,-5.472293661679487,8.528327717375467e-09,10,1.0,time_from_max,squared_exponential,squared_exponential:time_from_max,-5.472293656020156
C8p_QI30,1.0,-5.472265721592748,6.708905506782173e-08,10,1.0,time_from_max,squared_exponential,squared_exponential:time_from_max,-5.472265635537042
C8p_QI31,1.0,-5.472286433181125,2.5394819330301767e-08,10,1.0,time_from_max,squared_exponential,squared_exponential:time_from_max,-5.472286430412169
C8p_QI33,1.0,-5.472242422378713,8.35018032275102e-09,10,1.0,time_from_max,squared_exponential,squared_exponential:time_from_max,-5.472242423229545
C8p_QI35,1.0,-5.472267059685919,5.513168391908083e-09,10,1.0,time_from_max,squared_exponential,squared_exponential:time_from_max,-5.472267040997849
C8p_QI36,1.0,-5.472265549119811,1.6236932458737718e-08,10,1.0,time_from_max,squared_exponential,squared_exponential:time_from_max,-5.4722655669697815
C8p_QI37,1.0,-5.472257604055585,1.638537541858137e-08,10,1.0,time_from_max,squared_exponential,squared_exponential:time_from_max,-5.47225763896904
C8p_QI38,1.0,-5.4722487402762,1.399862920711194e-08,10,1.0,time_from_max,squared_exponential,squared_exponential:time_from_max,-5.47224872158904
C8p_QI39,1.0,-5.4722675914251795,6.875031128761288e-09,10,1.0,time_from_max,squared_exponential,squared_exponential:time_from_max,-5.472267582783388
C8p_QI40,1.0,-5.472278887452603,2.4029382516859272e-08,10,1.0,time_from_max,squared_exponential,squared_exponential:time_from_max,-5.47227884517406
C8p_QI41,1.0,-5.472232535899366,9.448342470965556e-09,10,1.0,time_from_max,squared_exponential,squared_exponential:time_from_max,-5.47223250799334
C8p_QI42,1.0,-5.472223498943549,1.5180828657428053e-08,10,1.0,time_from_max,squared_exponential,squared_exponential:time_from_max,-5.472223525327081
C8p_QI43,1.0,-5.472274196003809,1.5528621285667914e-08,10,1.0,time_from_max,squared_exponential,squared_exponential:time_from_max,-5.472274186083268
C8p_QI44,1.0,-5.471158322357951,1.411251946945594e-07,120,1.0,time_from_max,squared_exponential,squared_exponential:time_from_max,-5.4711583161365525
C8p_QI45,1.0,-5.472084379478929,6.284809902932392e-09,10,1.0,time_from_max,squared_exponential,squared_exponential:time_from_max,-5.472084374420319
C8p_QI46,1.0,-5.47230440555677,5.315706924004109e-08,10,1.0,time_from_max,squared_exponential,squared_exponential:time_from_max,-5.47230434181165
C8p_QI47,1.0,-5.472268764964838,4.982696927533287e-08,10,1.0,time_from_max,squared_exponential,squared_exponential:time_from_max,-5.472268775280554
C8p_QI48,1.0,-5.472307746790648,3.6756107721819244e-07,10,1.0,time_from_max,squared_exponential,squared_exponential:time_from_max,-5.472307948174148
C8p_QI49,1.0,-5.472357452117876,3.6170655773001743e-09,10,1.0,time_from_max,squared_exponential,squared_exponential:time_from_max,-5.472357450677009
C8p_QI50,1.0,-5.472275386093315,3.156818195466312e-07,10,1.0,time_from_max,squared_exponential,squared_exponential:time_from_max,-5.47227556448388
C8p_QI51,1.0,-5.472273007296508,7.716876455976871e-08,10,1.0,time_from_max,squared_exponential,squared_exponential:time_from_max,-5.472273052179844
C8p_QI52,1.0,-5.4722851569792965,3.4489405908556105e-08,10,1.0,time_from_max,squared_exponential,squared_exponential:time_from_max,-5.472285177319009
C8p_QI53,0.5,-5.4722722700601025,4.9675797132302516e-05,120,1.0,time_from_max,squared_exponential,squared_exponential:time_from_max,-5.472274203996676
C8p_QI54,1.0,-5.4723341108365275,2.108967394484175e-08,10,1.0,time_from_max,squared_exponential,squared_exponential:time_from_max,-5.4723341001990775
C8p_QI55,1.0,-5.472264987931339,3.6631242209718316e-07,10,1.0,time_from_max,squared_exponential,squared_exponential:time_from_max,-5.472264436280966
C8p_QI56,1.0,-5.472258821038167,7.571889928228016e-09,10,1.0,time_from_max,squared_exponential,squared_exponential:time_from_max,-5.47225882003886
C8p_QI57,1.0,-5.4722890781995375,6.42249632758003e-08,10,1.0,time_from_max,squared_exponential,squared_exponential:time_from_max,-5.47228910055901
C8p_QI58,1.0,-5.472256667061174,6.0796218447639235e-09,10,1.0,time_from_max,squared_exponential,squared_exponential:time_from_max,-5.472256664698762
C8p_QI59,1.0,-5.47221587773106,7.27748740424418e-09,10,1.0,time_from_max,squared_exponential,squared_exponential:time_from_max,-5.472215870150194
C8p_QI60,1.0,-5.4726850562183245,3.0734618473626844e-08,10,1.0,time_from_max,squared_exponential,squared_exponential:time_from_max,-5.472684989587378
C8p_QI61,1.0,-5.472326508090418,7.343340099323377e-08,10,1.0,time_from_max,squared_exponential,squared_exponential:time_from_max,-5.472326363755656
C8p_QI62,1.0,-5.47228586456481,4.2017640849765076e-08,10,1.0,time_from_max,squared_exponential,squared_exponential:time_from_max,-5.472285872064731
C8p_QI63,1.0,-5.472270792829704,4.518738112410512e-09,10,1.0,time_from_max,squared_exponential,squared_exponential:time_from_max,-5.472270791345636
C8p_QI64,1.0,-5.472271042514876,1.0223822537683939e-08,10,1.0,time_from_max,squared_exponential,squared_exponential:time_from_max,-5.472271024538713
C8p_QI66,1.0,-5.472270918183995,4.141877876669011e-08,10,1.0,time_from_max,squared_exponential,squared_exponential:time_from_max,-5.472270926031342
C8p_QI68,1.0,-5.472273935476096,2.613690893250842e-08,10,1.0,time_from_max,squared_exponential,squared_exponential:time_from_max,-5.472273958187088
C8p_QI70,1.0,-5.4722634073937115,2.49486723039003e-07,10,1.0,time_from_max,squared_exponential,squared_exponential:time_from_max,-5.472264404161251
C8p_QI72,1.0,-5.472275477266976,2.129851583200065e-07,10,1.0,time_from_max,squared_exponential,squared_exponential:time_from_max,-5.472275568084569
C8p_QI74,1.0,-5.472268404670103,6.95810982052937e-08,10,1.0,time_from_max,squared_exponential,squared_exponential:time_from_max,-5.472268373035604
C8p_QI76,1.0,-5.472215574220627,8.691740845926242e-09,10,1.0,time_from_max,squared_exponential,squared_exponential:time_from_max,-5.472215586334642
C8p_QI78,1.0,-5.472305218579777,1.2299980352880842e-07,10,1.0,time_from_max,squared_exponential,squared_exponential:time_from_max,-5.4723052705917326
C8p_QI80,1.0,-5.472272014662849,1.3233674874790144e-07,10,1.0,time_from_max,squared_exponential,squared_exponential:time_from_max,-5.472272161482124
C8p_QI82,1.0,-5.472277605259023,1.0985898913032319e-08,10,1.0,time_from_max,squared_exponential,squared_exponential:time_from_max,-5.472277603371822
C8p_QI84,1.0,-5.47226780911501,1.5444789261586488e-08,10,1.0,time_from_max,squared_exponential,squared_exponential:time_from_max,-5.4722678434523
C8p_QI86,1.0,-5.472271196278143,1.3413945026782958e-08,10,1.0,time_from_max,squared_exponential,squared_exponential:time_from_max,-5.472271193424604
C8p_QI89,1.0,-5.472227693657032,2.6000838259785214e-08,10,1.0,time_from_max,squared_exponential,squared_exponential:time_from_max,-5.472227711991764
C8p_QI91,1.0,-5.472265174420045,2.040183764511048e-07,10,1.0,time_from_max,squared_exponential,squared_exponential:time_from_max,-5.472264708012972
C8p_QI93,1.0,-5.472018927977388,3.7315240031742274e-09,10,1.0,time_from_max,squared_exponential,squared_exponential:time_from_max,-5.472018928644502
C8p_QI95,1.0,-5.472262944429758,5.6750016828049014e-08,10,1.0,time_from_max,squared_exponential,squared_exponential:time_from_max,-5.472262985375437
C8p_QI96,1.0,-5.472287618710652,2.7517663451895486e-08,10,1.0,time_from_max,squared_exponential,squared_exponential:time_from_max,-5.47228759161726
C8p_QI98,1.0,-5.4722720634702,2.9637424617712245e-08,10,1.0,time_from_max,squared_exponential,squared_exponential:time_from_max,-5.472272045179579
C8p_QI100,1.0,-5.47234648325275,4.8263411884304596e-08,10,1.0,time_from_max,squared_exponential,squared_exponential:time_from_max,-5.472346524977183
C8p_QI101,1.0,-5.472269195758827,5.4599525937605224e-08,10,1.0,time_from_max,squared_exponential,squared_exponential:time_from_max,-5.4722689769910176
C8p_QI103,0.5,-5.473219229514143,3.6931125340874374e-05,120,1.0,time_from_max,squared_exponential,squared_exponential:time_from_max,-5.473211592254302
C8p_QI105,1.0,-5.472299793804723,5.383304021084196e-07,60,1.0,time_from_max,squared_exponential,squared_exponential:time_from_max,-5.472299367042979
C8p_QI107,1.0,-5.472248231964613,6.926152616401078e-08,10,1.0,time_from_max,squared_exponential,squared_exponential:time_from_max,-5.4722481481862815
C8p_QI116,0.5,-5.472270683538227,6.473430957509204e-06,120,1.0,time_from_max,squared_exponential,squared_exponential:time_from_max,-5.4722706832544645
C8p_QI108,1.0,-5.472301307478574,9.6700252335983e-07,120,1.0,time_from_max,squared_exponential,squared_exponential:time_from_max,-5.472301363489351
C8p_QI110,0.5,-5.472270670954458,5.4101570079573275e-06,120,1.0,time_from_max,squared_exponential,squared_exponential:time_from_max,-5.472268720983266
C8p_QI112,1.0,-5.472243959579146,1.4542209105308337e-07,10,1.0,time_from_max,squared_exponential,squared_exponential:time_from_max,-5.472243926531974
C8p_QI114,1.0,-5.472196167813536,8.601463802903203e-08,10,1.0,time_from_max,squared_exponential,squared_exponential:time_from_max,-5.472196061028626
C8p_QI118,1.0,-5.472311192446568,2.3106800993314937e-08,10,1.0,time_from_max,squared_exponential,squared_exponential:time_from_max,-5.472311201802768
C8p_QI121,1.0,-5.4721005550293285,4.362022711059358e-08,10,1.0,time_from_max,squared_exponential,squared_exponential:time_from_max,-5.472100564722041
C8p_QI123,1.0,-5.4722729219620305,5.510064529445049e-09,10,1.0,time_from_max,squared_exponential,squared_exponential:time_from_max,-5.472272922381308
C8p_QI125,1.0,-5.472259552143896,1.9820118388664452e-08,10,1.0,time_from_max,squared_exponential,squared_exponential:time_from_max,-5.472259569662128
C8p_QI127,1.0,-5.472273144728206,1.0192915531227475e-08,10,1.0,time_from_max,squared_exponential,squared_exponential:time_from_max,-5.472273148792738
C8p_QI129,1.0,-5.472270881161194,8.442176852347001e-10,10,1.0,time_from_max,squared_exponential,squared_exponential:time_from_max,-5.472270880232372
C8p_QI130,1.0,-5.472262358804983,1.1882344828885755e-09,10,1.0,time_from_max,squared_exponential,squared_exponential:time_from_max,-5.47226235991684
C8p_QI132,1.0,-5.472259717304496,1.1058008255384023e-08,10,1.0,time_from_max,squared_exponential,squared_exponential:time_from_max,-5.472259709267291
C8p_QI134,1.0,-5.472276609657229,2.723668399488664e-09,10,1.0,time_from_max,squared_exponential,squared_exponential:time_from_max,-5.472276606674313
C8p_QI136,1.0,-5.472281321418222,4.2106707777061e-09,10,1.0,time_from_max,squared_exponential,squared_exponential:time_from_max,-5.472281323148309
C8p_QI138,1.0,-5.47227075598903,2.3789202351311633e-09,10,1.0,time_from_max,squared_exponential,squared_exponential:time_from_max,-5.472270754555893
C8p_QI140,1.0,-5.4722708604697345,1.0974255128054995e-08,10,1.0,time_from_max,squared_exponential,squared_exponential:time_from_max,-5.472270862702771
C8p_QI142,1.0,-5.472271003732885,1.7947740424179214e-08,10,1.0,time_from_max,squared_exponential,squared_exponential:time_from_max,-5.472270988201672
C8p_QI144,1.0,-5.472265885093066,9.045238330162207e-09,10,1.0,time_from_max,squared_exponential,squared_exponential:time_from_max,-5.472265879622682
C8p_QI146,1.0,-5.472305507957117,2.1106729207626398e-08,10,1.0,time_from_max,squared_exponential,squared_exponential:time_from_max,-5.472305535404757
C8p_QI149,1.0,-5.472270699512137,1.6184383408025837e-09,10,1.0,time_from_max,squared_exponential,squared_exponential:time_from_max,-5.472270701999378
C8p_QI151,1.0,-5.472271150896404,1.9984695554753355e-08,10,1.0,time_from_max,squared_exponential,squared_exponential:time_from_max,-5.47227115602891
C8p_QI153,1.0,-5.472272354097186,6.219444584430483e-08,10,1.0,time_from_max,squared_exponential,squared_exponential:time_from_max,-5.472272278318542
C8p_QI155,0.5,-5.472271208549046,7.061361848347494e-06,120,1.0,time_from_max,squared_exponential,squared_exponential:time_from_max,-5.472271260717207
C8p_QI157,0.10615384615384615,-5.472252613838009,1.112319918135852,120,1.0,time_from_max,squared_exponential,squared_exponential:time_from_max,-3.803026629103442
C8p_QI159,1.0,-5.472307847478987,5.9582414429965415e-08,10,1.0,time_from_max,squared_exponential,squared_exponential:time_from_max,-5.472307846017429
C8p_QI161,1.0,-5.4722710813503,3.2686250386524756e-09,10,1.0,time_from_max,squared_exponential,squared_exponential:time_from_max,-5.472271085398461
C8p_QI163,1.0,-5.472271137364487,2.0338724266028445e-09,10,1.0,time_from_max,squared_exponential,squared_exponential:time_from_max,-5.472271129789078
C8p_QI165,1.0,-5.47226162876791,1.949203596952891e-09,10,1.0,time_from_max,squared_exponential,squared_exponential:time_from_max,-5.472261631128731
C8p_QI167,1.0,-5.472265733515769,9.57470069134091e-10,10,1.0,time_from_max,squared_exponential,squared_exponential:time_from_max,-5.472265732777942
C8p_QI170,1.0,-5.472274326362822,1.4366927469142997e-08,10,1.0,time_from_max,squared_exponential,squared_exponential:time_from_max,-5.472274352967361
C8p_QI172,1.0,-5.472634986791036,6.892660371502562e-08,10,1.0,time_from_max,squared_exponential,squared_exponential:time_from_max,-5.47263492933871
C8p_QI174,0.5,-5.472276579413574,1.2941910190359605e-06,120,1.0,time_from_max,squared_exponential,squared_exponential:time_from_max,-5.47227309668051
C8p_QI176,1.0,-5.472271206909227,2.974478058289175e-07,10,1.0,time_from_max,squared_exponential,squared_exponential:time_from_max,-5.472270807113091
C8p_QI178,1.0,-5.472270803444189,3.8471542982672915e-07,10,1.0,time_from_max,squared_exponential,squared_exponential:time_from_max,-5.4722706551938245
C8p_QI180,1.0,-5.472273127954622,8.499708879000621e-08,10,1.0,time_from_max,squared_exponential,squared_exponential:time_from_max,-5.472272962880652
C8p_QI182,1.0,-5.472285556960287,3.6647011931442895e-08,10,1.0,time_from_max,squared_exponential,squared_exponential:time_from_max,-5.472285595366884
C8p_QI184,1.0,-5.4720491778459746,3.901467518248228e-08,10,1.0,time_from_max,squared_exponential,squared_exponential:time_from_max,-5.472049127522496
C8p_QI187,0.5,-5.472272199600866,3.814757991781037e-06,120,1.0,time_from_max,squared_exponential,squared_exponential:time_from_max,-5.472272077303387
C8p_QI189,1.0,-5.4722713280170865,4.2365765481164744e-07,10,1.0,time_from_max,squared_exponential,squared_exponential:time_from_max,-5.472272936852278
C8p_QI191,0.5,-5.472271582365465,1.6947422705220282e-06,120,1.0,time_from_max,squared_exponential,squared_exponential:time_from_max,-5.472271036557686
C8p_QI193,0.5,-5.472379383800217,2.2412496710104347e-06,120,1.0,time_from_max,squared_exponential,squared_exponential:time_from_max,-5.472377798364505
C8p_QI195,1.0,-5.47225302736706,4.3135534463662945e-07,10,1.0,time_from_max,squared_exponential,squared_exponential:time_from_max,-5.472253825013922
C8p_QI197,1.0,-5.472267152368659,7.845003878379391e-08,10,1.0,time_from_max,squared_exponential,squared_exponential:time_from_max,-5.472267092228776
C8p_QI198,1.0,-5.4722708713225074,9.59222821270421e-09,10,1.0,time_from_max,squared_exponential,squared_exponential:time_from_max,-5.472270869583554
C8p_QI199,1.0,-5.472273211774791,1.8993837579334926e-09,10,1.0,time_from_max,squared_exponential,squared_exponential:time_from_max,-5.4722732162322245
C8p_QI200,1.0,-5.472254755545464,4.624541394468035e-09,10,1.0,time_from_max,squared_exponential,squared_exponential:time_from_max,-5.472254752462959
C8p_QI201,0.5,-5.472272680933656,7.206569837610529e-05,120,1.0,time_from_max,squared_exponential,squared_exponential:time_from_max,-5.472270783804561
C8p_QI203,0.001456872282672217,-5.472273533920088,0.6541190868255801,120,0.2738919891423768,time_from_max,squared_exponential,squared_exponential:time_from_max,-1.2116871427238038
C8p_QI205,0.04461538461538461,-5.472271584709688,1.242556866432384,120,1.0,time_from_max,squared_exponential,squared_exponential:time_from_max,-2.542138647497268
C8p_QI207,0.014695815799807055,-5.4722696492356135,0.9849663649230219,120,1.0,time_from_max,squared_exponential,squared_exponential:time_from_max,-1.528198406302181
C8p_QI209,0.5,-5.472269643064465,9.923965788010918e-05,120,1.0,time_from_max,squared_exponential,squared_exponential:time_from_max,-5.472281423451477
C8p_QI212,0.5,-5.472271887630768,1.8803595152442387e-05,120,1.0,time_from_max,squared_exponential,squared_exponential:time_from_max,-5.472273165628394
C8p_QI213,1.0,-5.472271024713223,1.0564387017723105e-09,10,1.0,time_from_max,squared_exponential,squared_exponential:time_from_max,-5.472271026006183
C8p_QI214,1.0,-5.4722614068466555,9.506493277613954e-09,10,1.0,time_from_max,squared_exponential,squared_exponential:time_from_max,-5.472261396926115
C8p_QI215,1.0,-5.4723660580318665,7.951437265542697e-08,10,1.0,time_from_max,squared_exponential,squared_exponential:time_from_max,-5.472366208320636
C8p_QI65,1.0,-5.4722714058032125,3.6906568209967477e-09,10,1.0,time_from_max,squared_exponential,squared_exponential:time_from_max,-5.472271416713284
C8p_QI67,1.0,-5.472272693139075,7.846915091564998e-09,10,1.0,time_from_max,squared_exponential,squared_exponential:time_from_max,-5.472272698689267
C8p_QI69,1.0,-5.472267257111525,2.0273576586751535e-08,10,1.0,time_from_max,squared_exponential,squared_exponential:time_from_max,-5.472267272558383
C8p_QI71,1.0,-5.472249420508206,1.4386808988169563e-07,10,1.0,time_from_max,squared_exponential,squared_exponential:time_from_max,-5.47224946687993
C8p_QI73,1.0,-5.472270847056961,4.57535360273163e-08,10,1.0,time_from_max,squared_exponential,squared_exponential:time_from_max,-5.472270821338952
C8p_QI75,1.0,-5.472277687155156,6.3823345157079725e-09,10,1.0,time_from_max,squared_exponential,squared_exponential:time_from_max,-5.472277684131313
C8p_QI77,1.0,-5.472242717189829,6.9993603248061285e-09,10,1.0,time_from_max,squared_exponential,squared_exponential:time_from_max,-5.472242725834349
C8p_QI79,1.0,-5.472277607599381,3.5189730098341815e-08,10,1.0,time_from_max,squared_exponential,squared_exponential:time_from_max,-5.472277595898049
C8p_QI81,1.0,-5.472271515184502,5.905255557649216e-08,10,1.0,time_from_max,squared_exponential,squared_exponential:time_from_max,-5.472271491848005
C8p_QI83,1.0,-5.472271384684063,1.1073574626697653e-08,10,1.0,time_from_max,squared_exponential,squared_exponential:time_from_max,-5.472271382609961
C8p_QI85,1.0,-5.472273507022464,6.518864299854164e-09,10,1.0,time_from_max,squared_exponential,squared_exponential:time_from_max,-5.472273493275679
C8p_QI87,1.0,-5.472271108945279,5.986903139767309e-09,10,1.0,time_from_max,squared_exponential,squared_exponential:time_from_max,-5.472271111034843
C8p_QI90,1.0,-5.4722835372488134,1.0695006197157958e-09,10,1.0,time_from_max,squared_exponential,squared_exponential:time_from_max,-5.472283536083523
C8p_QI92,1.0,-5.472311789960941,4.820334678484414e-08,10,1.0,time_from_max,squared_exponential,squared_exponential:time_from_max,-5.472311806689959
C8p_QI94,1.0,-5.472240522594916,6.300865570464647e-10,10,1.0,time_from_max,squared_exponential,squared_exponential:time_from_max,-5.472240522161201
C8p_QI97,1.0,-5.472271268727582,2.0445796171439913e-08,10,1.0,time_from_max,squared_exponential,squared_exponential:time_from_max,-5.472271239681504
C8p_QI99,0.04461538461538461,-5.4722705858898735,0.6783612737799409,120,1.0,time_from_max,squared_exponential,squared_exponential:time_from_max,-3.792754033697293
C8p_QI102,1.0,-5.4722922032779024,2.6463197293018846e-08,10,1.0,time_from_max,squared_exponential,squared_exponential:time_from_max,-5.472292151977854
C8p_QI104,1.0,-5.472415106336484,4.0206701757475265e-07,10,1.0,time_from_max,squared_exponential,squared_exponential:time_from_max,-5.472414250632028
C8p_QI106,0.5,-5.472262551943459,3.867461546181634e-06,120,1.0,time_from_max,squared_exponential,squared_exponential:time_from_max,-5.472270671968545
C8p_QI117,0.5,-5.472280156820489,1.1494770012196419e-05,120,1.0,time_from_max,squared_exponential,squared_exponential:time_from_max,-5.472280287014655
C8p_QI109,0.5,-5.472247836528368,5.727805208531071e-06,120,1.0,time_from_max,squared_exponential,squared_exponential:time_from_max,-5.4722479734437
C8p_QI111,0.5,-5.4722719728210905,3.2391294471302608e-06,120,1.0,time_from_max,squared_exponential,squared_exponential:time_from_max,-5.472271818159243
C8p_QI113,1.0,-5.472279413149181,7.408399147432058e-08,10,1.0,time_from_max,squared_exponential,squared_exponential:time_from_max,-5.4722793786691
C8p_QI115,1.0,-5.472243775772085,3.069598360799906e-08,10,1.0,time_from_max,squared_exponential,squared_exponential:time_from_max,-5.472243760713809
C8p_QI119,1.0,-5.472263731951443,1.3376074702214958e-09,10,1.0,time_from_max,squared_exponential,squared_exponential:time_from_max,-5.472263734796343
C8p_QI120,1.0,-5.472265156937283,8.660095874211864e-10,10,1.0,time_from_max,squared_exponential,squared_exponential:time_from_max,-5.472265159276958
C8p_QI122,1.0,-5.472272440807956,5.1484513436565925e-09,10,1.0,time_from_max,squared_exponential,squared_exponential:time_from_max,-5.472272439370499
C8p_QI124,1.0,-5.472275657698219,5.176716252657142e-09,10,1.0,time_from_max,squared_exponential,squared_exponential:time_from_max,-5.472275658517901
C8p_QI126,1.0,-5.4722540023503825,5.010429366267494e-09,10,1.0,time_from_max,squared_exponential,squared_exponential:time_from_max,-5.472253997085772
C8p_QI128,1.0,-5.472257616126171,4.611793674028724e-09,10,1.0,time_from_max,squared_exponential,squared_exponential:time_from_max,-5.472257625793191
C8p_QI135,1.0,-5.472268819222222,3.6405474847378596e-08,10,1.0,time_from_max,squared_exponential,squared_exponential:time_from_max,-5.472268819726423
C8p_QI137,1.0,-5.472274375688357,2.9191572421110655e-08,10,1.0,time_from_max,squared_exponential,squared_exponential:time_from_max,-5.472274394687702
C8p_QI141,1.0,-5.47227099204531,3.611498253599355e-09,10,1.0,time_from_max,squared_exponential,squared_exponential:time_from_max,-5.472270993827578
C8p_QI143,1.0,-5.472266018173968,1.0886879022120737e-08,10,1.0,time_from_max,squared_exponential,squared_exponential:time_from_max,-5.472265987976698
C8p_QI145,1.0,-5.472279805285552,3.4709696730670484e-09,10,1.0,time_from_max,squared_exponential,squared_exponential:time_from_max,-5.472279809070187
C8p_QI147,1.0,-5.472244123303881,1.4084455696689701e-08,10,1.0,time_from_max,squared_exponential,squared_exponential:time_from_max,-5.472244119891002
C8p_QI148,1.0,-5.472139730227468,7.837202973377957e-10,10,1.0,time_from_max,squared_exponential,squared_exponential:time_from_max,-5.472139730039089
C8p_QI150,1.0,-5.472280583308475,2.4412902788562888e-09,10,1.0,time_from_max,squared_exponential,squared_exponential:time_from_max,-5.4722805773974414
C8p_QI152,1.0,-5.472286985699384,1.6418072018309635e-08,10,1.0,time_from_max,squared_exponential,squared_exponential:time_from_max,-5.472286994244314
C8p_QI154,1.0,-5.47226099941463,1.6422568182189798e-08,10,1.0,time_from_max,squared_exponential,squared_exponential:time_from_max,-5.472261009974773
C8p_QI156,1.0,-5.472277478015485,4.214007133476419e-08,10,1.0,time_from_max,squared_exponential,squared_exponential:time_from_max,-5.472277552400556
C8p_QI158,1.0,-5.472260664984333,1.1200537937736048e-07,10,1.0,time_from_max,squared_exponential,squared_exponential:time_from_max,-5.4722607833114125
C8p_QI160,1.0,-5.472263986021744,2.8429078330155712e-08,10,1.0,time_from_max,squared_exponential,squared_exponential:time_from_max,-5.472263993253819
C8p_QI162,1.0,-5.472294354231508,9.81230225664166e-09,10,1.0,time_from_max,squared_exponential,squared_exponential:time_from_max,-5.472294346976014
C8p_QI164,1.0,-5.472274425383148,7.827063255029628e-09,10,1.0,time_from_max,squared_exponential,squared_exponential:time_from_max,-5.472274420643316
C8p_QI166,1.0,-5.472253539962139,2.9970028607837964e-09,10,1.0,time_from_max,squared_exponential,squared_exponential:time_from_max,-5.472253535969685
C8p_QI168,0.5,-5.472272179279116,9.04094350848835e-05,120,1.0,time_from_max,squared_exponential,squared_exponential:time_from_max,-5.472264556374739
C8p_QI171,4.911591355594158e-05,-5.472269360680457,0.28607897566772766,120,0.013850687622775526,time_from_max,squared_exponential,squared_exponential:time_from_max,-2.8034702615518654
C8p_QI173,1.0,-5.472281455150551,3.276502396600778e-08,10,1.0,time_from_max,squared_exponential,squared_exponential:time_from_max,-5.47228142274389
C8p_QI175,1.0,-5.472269156753782,4.143104497972311e-07,10,1.0,time_from_max,squared_exponential,squared_exponential:time_from_max,-5.472268503530358
C8p_QI177,1.0,-5.472267267533198,1.9178391141135812e-07,10,1.0,time_from_max,squared_exponential,squared_exponential:time_from_max,-5.472267750934861
C8p_QI179,1.0,-5.47227627133293,3.4321542520348167e-07,10,1.0,time_from_max,squared_exponential,squared_exponential:time_from_max,-5.47227671029259
C8p_QI181,1.0,-5.47226540068641,3.257838419271556e-08,10,1.0,time_from_max,squared_exponential,squared_exponential:time_from_max,-5.472265460123708
C8p_QI183,1.0,-5.4722797918705055,2.1939611706221798e-08,10,1.0,time_from_max,squared_exponential,squared_exponential:time_from_max,-5.4722797970821375
C8p_QI185,1.0,-5.4721797129191145,1.876961222217774e-08,10,1.0,time_from_max,squared_exponential,squared_exponential:time_from_max,-5.472179727753883
C8p_QI186,1.0,-5.472262464812957,1.7419354406595077e-08,10,1.0,time_from_max,squared_exponential,squared_exponential:time_from_max,-5.4722624736978105
C8p_QI188,0.5,-5.472284959659191,6.642010523156635e-06,120,1.0,time_from_max,squared_exponential,squared_exponential:time_from_max,-5.472287260504345
C8p_QI190,0.5,-5.472301095346211,1.1777033920614963e-05,120,1.0,time_from_max,squared_exponential,squared_exponential:time_from_max,-5.472301026444256
C8p_QI192,0.5,-5.472190825552389,3.032247340912418e-05,120,1.0,time_from_max,squared_exponential,squared_exponential:time_from_max,-5.472190246419814
C8p_QI194,1.0,-5.4722802690635035,3.6781916617760906e-07,10,1.0,time_from_max,squared_exponential,squared_exponential:time_from_max,-5.472279960163178
C8p_QI196,1.0,-5.472272755179347,4.771999691029589e-07,10,1.0,time_from_max,squared_exponential,squared_exponential:time_from_max,-5.4722735894720245
C8p_QI202,0.5,-5.472271313149122,9.181630301233843e-06,120,1.0,time_from_max,squared_exponential,squared_exponential:time_from_max,-5.472282136645845
C8p_QI204,1.0,-5.472272112904193,6.666082074401927e-08,10,1.0,time_from_max,squared_exponential,squared_exponential:time_from_max,-5.472271980955156
C8p_QI206,1.0,-5.472241341338076,7.37966450062481e-08,10,1.0,time_from_max,squared_exponential,squared_exponential:time_from_max,-5.472241258582017
C8p_QI208,0.5,-5.4722710048015415,9.341893150612565e-06,120,1.0,time_from_max,squared_exponential,squared_exponential:time_from_max,-5.47227300238319
HILn_QI2,1.0,-5.472274561321683,1.776180595538818e-08,10,1.0,time_from_max,squared_exponential,squared_exponential:time_from_max,-5.472274557401306
HILn_TF1,0.17999999999999994,-3.89767433565612,1.7068704903188947,120,1.0,time_from_max,squared_exponential,squared_exponential:time_from_max,-2.3383954818186794
HILn_QI3,1.0,-5.472278163864303,2.052305535339826e-08,10,1.0,time_from_max,squared_exponential,squared_exponential:time_from_max,-5.4722781818550175
HILn_QI5,1.0,-5.4722765456524485,5.187825056567034e-08,10,1.0,time_from_max,squared_exponential,squared_exponential:time_from_max,-5.4722766143418085
HILn_QI6,1.0,-5.47227882344896,9.074469537101269e-08,10,1.0,time_from_max,squared_exponential,squared_exponential:time_from_max,-5.472278679090778
HILn_QI7,1.0,-5.472279487862124,2.0201063196521124e-08,10,1.0,time_from_max,squared_exponential,squared_exponential:time_from_max,-5.47227944803717
HILn_QI9,0.5,-5.472280470035457,0.0001173633132434419,120,1.0,time_from_max,squared_exponential,squared_exponential:time_from_max,-5.472276325466737
HILn_QI10,1.0,-5.47226266650614,1.7233020332854275e-08,10,1.0,time_from_max,squared_exponential,squared_exponential:time_from_max,-5.472262655513987
HILn_QI11,1.0,-5.4722748612966825,1.3854036878271521e-09,10,1.0,time_from_max,squared_exponential,squared_exponential:time_from_max,-5.472274858339006
HILn_QI13,1.0,-5.472266356704495,1.0904242408332109e-07,10,1.0,time_from_max,squared_exponential,squared_exponential:time_from_max,-5.472266211382703
HILn_QI14,1.0,-5.47226654948463,4.041597734938236e-10,10,1.0,time_from_max,squared_exponential,squared_exponential:time_from_max,-5.472266549191772
HILn_QI16,0.13076923076923075,-4.626202381389248,2.1873085931716556,120,1.0,time_from_max,squared_exponential,squared_exponential:time_from_max,-1.7461253229548674
HILn_QI17,1.0,-5.472266764255664,1.2614994037350254e-08,10,1.0,time_from_max,squared_exponential,squared_exponential:time_from_max,-5.472266771515933
HILn_QI18,1.0,-5.472285852086543,2.6761281060301866e-07,10,1.0,time_from_max,squared_exponential,squared_exponential:time_from_max,-5.472285788855515
HILn_QI19,1.0,-5.472211070891035,3.1860752171868627e-08,10,1.0,time_from_max,squared_exponential,squared_exponential:time_from_max,-5.472211033176336
HILn_QI20,1.0,-5.472278779093358,1.5429796477103716e-09,10,1.0,time_from_max,squared_exponential,squared_exponential:time_from_max,-5.4722787784912725
HILn_QI22,1.0,-5.472253419333583,9.46940004227607e-09,10,1.0,time_from_max,squared_exponential,squared_exponential:time_from_max,-5.472253406419895
HILn_QI23,1.0,-5.472271062176787,2.3016673642908867e-07,10,1.0,time_from_max,squared_exponential,squared_exponential:time_from_max,-5.4722710699738855
HILn_QI24,1.0,-5.472280348505592,5.279647594862428e-08,10,1.0,time_from_max,squared_exponential,squared_exponential:time_from_max,-5.472280334108746
HILn_QI25,1.0,-5.472262111010878,5.537872961549247e-08,10,1.0,time_from_max,squared_exponential,squared_exponential:time_from_max,-5.472261939920827
HILn_TF2,1.0,-5.472271044547142,5.1613955882497446e-08,10,1.0,time_from_max,squared_exponential,squared_exponential:time_from_max,-5.472271000997807
HILn_TF3,1.0,-5.472277180318997,3.1408195483314903e-07,10,1.0,time_from_max,squared_exponential,squared_exponential:time_from_max,-5.472276735893502
HILn_QI28,1.0,-5.47226459621038,1.0018103933572456e-09,10,1.0,time_from_max,squared_exponential,squared_exponential:time_from_max,-5.472264596761306
HILn_TF4,0.5,-5.4722620050551996,4.235314277532328e-05,120,1.0,time_from_max,squared_exponential,squared_exponential:time_from_max,-5.472262841180054
HILn_QI30,1.0,-5.472270324140027,2.414140262363844e-07,10,1.0,time_from_max,squared_exponential,squared_exponential:time_from_max,-5.472270903413573
HILn_QI31,1.0,-5.472271148571622,8.230809721732276e-10,10,1.0,time_from_max,squared_exponential,squared_exponential:time_from_max,-5.472271148632444
HILn_QI32,0.5,-5.4722751516007975,0.00014985087353852817,120,1.0,time_from_max,squared_exponential,squared_exponential:time_from_max,-5.472413642839456
HILn_QI33,1.0,-5.4730563846094356,1.3778340954616887e-07,10,1.0,time_from_max,squared_exponential,squared_exponential:time_from_max,-5.473056691361308
HILn_QI36,1.0,-5.472271106433254,3.3818668367688835e-07,10,1.0,time_from_max,squared_exponential,squared_exponential:time_from_max,-5.472270690492223
HILn_QI37,1.0,-5.472272952438516,5.778211215762018e-08,10,1.0,time_from_max,squared_exponential,squared_exponential:time_from_max,-5.4722729386562605
HILn_QI38,1.0,-5.472237934440045,3.5377045212628653e-08,10,1.0,time_from_max,squared_exponential,squared_exponential:time_from_max,-5.472237881900128
HILn_QI40,0.5,-5.472272179462834,9.762436857187419e-06,120,1.0,time_from_max,squared_exponential,squared_exponential:time_from_max,-5.47224414448101
HILn_QI41,1.0,-5.472270818386278,3.6516032250339956e-10,10,1.0,time_from_max,squared_exponential,squared_exponential:time_from_max,-5.472270818075003
HILn_QI42,1.0,-5.472101264749199,4.17604534281151e-09,10,1.0,time_from_max,squared_exponential,squared_exponential:time_from_max,-5.472101265354468
HILn_TF5,0.5,-5.472275381611325,1.2980331336094041e-06,120,1.0,time_from_max,squared_exponential,squared_exponential:time_from_max,-5.472275550685481
HILn_QI44,1.0,-5.472265832145695,6.301027709061463e-09,10,1.0,time_from_max,squared_exponential,squared_exponential:time_from_max,-5.472265827192587
HILn_TF7,1.0,-5.472271748447156,3.904216032380396e-08,10,1.0,time_from_max,squared_exponential,squared_exponential:time_from_max,-5.472271730251123
HILn_QI48,1.0,-5.472249839627466,1.0898519079512341e-07,10,1.0,time_from_max,squared_exponential,squared_exponential:time_from_max,-5.472249886098325
HILn_QI49,1.0,-5.472276084187229,3.7014053783164746e-10,10,1.0,time_from_max,squared_exponential,squared_exponential:time_from_max,-5.472276085253725
HILn_QI50,0.5,-5.472284829627597,0.0013034455853724923,120,1.0,time_from_max,squared_exponential,squared_exponential:time_from_max,-5.472256736388317
HILn_QI51,1.0,-5.472271598853922,5.0769634843314975e-08,10,1.0,time_from_max,squared_exponential,squared_exponential:time_from_max,-5.472271624220412
HILn_QI52,1.0,-5.472271113178522,3.702886842950754e-08,10,1.0,time_from_max,squared_exponential,squared_exponential:time_from_max,-5.472271009380165
HILn_QI53,1.0,-5.472313129368331,4.1731419224747225e-07,10,1.0,time_from_max,squared_exponential,squared_exponential:time_from_max,-5.472312591548871
HILn_QI54,1.0,-5.472371258953672,4.3049394100747836e-08,10,1.0,time_from_max,squared_exponential,squared_exponential:time_from_max,-5.472371249364187
HILn_QI55,1.0,-5.472276054817257,4.020302631569748e-09,10,1.0,time_from_max,squared_exponential,squared_exponential:time_from_max,-5.472276052468715
HILn_QI57,1.0,-5.472274028580387,2.3789007083061175e-09,10,1.0,time_from_max,squared_exponential,squared_exponential:time_from_max,-5.472274024179569
HILn_QI58,1.0,-5.472261961322147,2.9432591522221628e-08,10,1.0,time_from_max,squared_exponential,squared_exponential:time_from_max,-5.472262029940339
HILn_QI59,1.0,-5.472271115992044,6.830058919754516e-07,10,1.0,time_from_max,squared_exponential,squared_exponential:time_from_max,-5.472270509227201
HILn_QI61,1.0,-5.4722669526256595,2.7135737112963862e-08,10,1.0,time_from_max,squared_exponential,squared_exponential:time_from_max,-5.472266952912378
HILn_QI63,1.0,-5.471835410698759,3.699465473121471e-07,10,1.0,time_from_max,squared_exponential,squared_exponential:time_from_max,-5.471835473419105
HILn_QI65,1.0,-5.472266062291055,3.6101649041359727e-09,10,1.0,time_from_max,squared_exponential,squared_exponential:time_from_max,-5.472266065591612
HILn_QI66,1.0,-5.472271241654198,7.003621684672413e-09,10,1.0,time_from_max,squared_exponential,squared_exponential:time_from_max,-5.47227123741186
HILn_QI67,1.0,-5.4722709981265325,4.157742010750283e-08,10,1.0,time_from_max,squared_exponential,squared_exponential:time_from_max,-5.472270980152644
HILn_QI69,1.0,-5.47230961823152,8.30738279597762e-09,10,1.0,time_from_max,squared_exponential,squared_exponential:time_from_max,-5.472309616903658
HILn_QI71,1.0,-5.472261619903975,1.4589132913119793e-07,10,1.0,time_from_max,squared_exponential,squared_exponential:time_from_max,-5.472261626683121
HILn_QI72,1.0,-5.472276530041199,1.502688460691373e-08,10,1.0,time_from_max,squared_exponential,squared_exponential:time_from_max,-5.472276533708282
HILn_QI73,1.0,-5.4722650799942585,5.28998972454711e-09,10,1.0,time_from_max,squared_exponential,squared_exponential:time_from_max,-5.472265091900681
HILn_QI74,1.0,-5.4722925250111984,8.682809705738873e-09,10,1.0,time_from_max,squared_exponential,squared_exponential:time_from_max,-5.4722925166252026
HILn_QI76,1.0,-5.4722717324548285,1.8955463385712644e-08,10,1.0,time_from_max,squared_exponential,squared_exponential:time_from_max,-5.472271728700434
HILn_QI77,1.0,-5.472263216070587,2.4512322409604857e-07,10,1.0,time_from_max,squared_exponential,squared_exponential:time_from_max,-5.472263153111726
HILn_QI78,1.0,-5.4723408122997625,2.5553757162615767e-07,10,1.0,time_from_max,squared_exponential,squared_exponential:time_from_max,-5.472340963578517
HILn_QI79,0.5,-5.472272955460994,5.523605512802816e-06,120,1.0,time_from_max,squared_exponential,squared_exponential:time_from_max,-5.472270690719597
HILn_QI81,1.0,-5.4722405941934085,2.6300090313569234e-08,10,1.0,time_from_max,squared_exponential,squared_exponential:time_from_max,-5.472240603166483
HILn_QI82,1.0,-5.472271699733938,5.63970211034844e-07,10,1.0,time_from_max,squared_exponential,squared_exponential:time_from_max,-5.472272407263517
HILn_QI84,1.0,-5.472277478120759,8.400970732967112e-09,10,1.0,time_from_max,squared_exponential,squared_exponential:time_from_max,-5.4722774882930025
HILn_QI85,1.0,-5.472265474304095,4.411816265216846e-09,10,1.0,time_from_max,squared_exponential,squared_exponential:time_from_max,-5.47226548286244
HILn_QI86,1.0,-5.472273556893015,6.068530263057647e-08,10,1.0,time_from_max,squared_exponential,squared_exponential:time_from_max,-5.472273553214109
HILn_TF12,0.5,-5.472274755454691,1.2509562340631779e-06,120,1.0,time_from_max,squared_exponential,squared_exponential:time_from_max,-5.47227569621009
HILn_QI90,1.0,-5.472289439139786,3.104199231485688e-08,10,1.0,time_from_max,squared_exponential,squared_exponential:time_from_max,-5.472289439971519
HILn_QI91,1.0,-5.47227159617546,3.4771593798740444e-08,10,1.0,time_from_max,squared_exponential,squared_exponential:time_from_max,-5.472271625007124
HILn_QI92,1.0,-5.472361346945718,3.2285328743382935e-09,10,1.0,time_from_max,squared_exponential,squared_exponential:time_from_max,-5.47236134769264
HILn_QI93,1.0,-5.472274103761947,1.466479522229174e-08,10,1.0,time_from_max,squared_exponential,squared_exponential:time_from_max,-5.472274103357449
HILn_TF13,0.056923076923076854,-5.472266152423799,0.915974050684192,120,1.0,time_from_max,squared_exponential,squared_exponential:time_from_max,-3.53662596119284
HILn_QI95,0.5,-5.472271359437855,3.820352442423339e-06,120,1.0,time_from_max,squared_exponential,squared_exponential:time_from_max,-5.472276626584971
HILn_TF14,1.0,-5.472270912221575,1.4100043794620831e-08,10,1.0,time_from_max,squared_exponential,squared_exponential:time_from_max,-5.47227088814725
HILn_QI97,1.0,-5.4722724562157055,2.7065578950699553e-08,10,1.0,time_from_max,squared_exponential,squared_exponential:time_from_max,-5.472272413921473
HILn_QI98,1.0,-5.472283307552061,7.967447041068005e-09,10,1.0,time_from_max,squared_exponential,squared_exponential:time_from_max,-5.472283294529916
HILn_QI99,1.0,-5.472269030608459,2.131921123655639e-07,10,1.0,time_from_max,squared_exponential,squared_exponential:time_from_max,-5.47226854380142
HILn_QI101,1.0,-5.472139401998902,7.173240426171867e-08,10,1.0,time_from_max,squared_exponential,squared_exponential:time_from_max,-5.472139395632894
HILn_QI28433,0.04461538461538461,-5.472263833801435,0.7967059307370051,120,1.0,time_from_max,squared_exponential,squared_exponential:time_from_max,-3.416589711570396
HILn_QI102,1.0,-5.472268753396747,1.8717966619244147e-08,10,1.0,time_from_max,squared_exponential,squared_exponential:time_from_max,-5.4722687659868825
HILn_QI103,1.0,-5.4722412895614525,3.1802330921216703e-08,10,1.0,time_from_max,squared_exponential,squared_exponential:time_from_max,-5.472241351875709
HILn_QI105,1.0,-5.472275049035261,8.845820384458592e-09,10,1.0,time_from_max,squared_exponential,squared_exponential:time_from_max,-5.472275050664393
HILn_QI106,0.005830218245288732,-5.472254265341462,0.6249266090478136,120,0.7672061222065756,time_from_max,squared_exponential,squared_exponential:time_from_max,-2.361846288716606
HILn_QI107,1.0,-5.472276071487613,3.5630659380005708e-09,10,1.0,time_from_max,squared_exponential,squared_exponential:time_from_max,-5.4722760681816
HILn_QI108,1.0,-5.472327541338245,1.0285599664701192e-08,10,1.0,time_from_max,squared_exponential,squared_exponential:time_from_max,-5.47232754209881
HILn_QI109,1.0,-5.472307003068636,2.3019624164199424e-08,10,1.0,time_from_max,squared_exponential,squared_exponential:time_from_max,-5.472307017862477
HILn_QI110,0.5,-5.472277553548338,0.00011548082046002655,120,1.0,time_from_max,squared_exponential,squared_exponential:time_from_max,-5.47225977494054
HILn_QI111,1.0,-5.472285190684261,6.473777540940413e-09,10,1.0,time_from_max,squared_exponential,squared_exponential:time_from_max,-5.4722851811693545
HILn_QI112,1.0,-5.472323649534019,2.203843423819642e-07,10,1.0,time_from_max,squared_exponential,squared_exponential:time_from_max,-5.472323420841349
HILn_TF16,0.5,-5.472269768728438,6.522179386870894e-06,120,1.0,time_from_max,squared_exponential,squared_exponential:time_from_max,-5.472272891414832
HILn_QI114,1.0,-5.472277672219661,1.0767788228942842e-07,10,1.0,time_from_max,squared_exponential,squared_exponential:time_from_max,-5.472277712660343
HILn_TF17,1.0,-5.4722697256465835,8.965069085968886e-07,60,1.0,time_from_max,squared_exponential,squared_exponential:time_from_max,-5.472268573472775
HILn_QI116,1.0,-5.472235154338023,1.3887332522456454e-07,10,1.0,time_from_max,squared_exponential,squared_exponential:time_from_max,-5.472235107277356
HILn_QI119,1.0,-5.472309565905562,1.0873189755804896e-08,10,1.0,time_from_max,squared_exponential,squared_exponential:time_from_max,-5.472309570671314
HILn_QI120,1.0,-5.472262307684559,3.6790336341184966e-08,10,1.0,time_from_max,squared_exponential,squared_exponential:time_from_max,-5.47226229262742
HILn_QI121,0.020000000000000018,-5.472182735044498,0.837878877763349,120,1.0,time_from_max,squared_exponential,squared_exponential:time_from_max,-2.7808251004930757
HILn_QI123,1.0,-5.472271076415382,7.84430033068386e-08,10,1.0,time_from_max,squared_exponential,squared_exponential:time_from_max,-5.472270990569086
HILn_QI124,1.0,-5.472633542414542,1.2944609033838883e-07,10,1.0,time_from_max,squared_exponential,squared_exponential:time_from_max,-5.472633737786055
HILn_QI126,1.0,-5.4722667200242086,1.3761568422791759e-07,10,1.0,time_from_max,squared_exponential,squared_exponential:time_from_max,-5.472266813765145
HILn_TF18,0.15538461538461545,-5.472270638514146,2.434893892856654,120,1.0,time_from_max,squared_exponential,squared_exponential:time_from_max,-2.9212333584910084
HILn_QI128,0.017143987750699696,-5.472272485036456,0.5217534187078555,120,1.0,time_from_max,squared_exponential,squared_exponential:time_from_max,-3.5000129750151245
HILn_QI22769,1.0,-5.472232638947389,4.3699367427977084e-07,10,1.0,time_from_max,squared_exponential,squared_exponential:time_from_max,-5.472233060012968
HILn_QI130,1.0,-5.472281976834211,2.472703651452638e-07,10,1.0,time_from_max,squared_exponential,squared_exponential:time_from_max,-5.472281672717145
HILn_TF19,1.0,-5.472271240490954,1.7097199123295436e-07,10,1.0,time_from_max,squared_exponential,squared_exponential:time_from_max,-5.472271193606048
HILn_QI132,1.0,-5.472264093803233,6.556796567966237e-08,10,1.0,time_from_max,squared_exponential,squared_exponential:time_from_max,-5.472264180983075
HILp_QI715,1.0,-5.4722696743742745,3.363557114604241e-08,10,1.0,time_from_max,squared_exponential,squared_exponential:time_from_max,-5.472269638190937
HILp_QI19549,0.5,-5.472269998473621,0.00012066672153139708,120,1.0,time_from_max,squared_exponential,squared_exponential:time_from_max,-5.472336438911952
HILp_TF11,0.5,-5.4722695156306145,2.6039720248880913e-06,120,1.0,time_from_max,squared_exponential,squared_exponential:time_from_max,-5.472269133668306
HILp_QI3107,1.0,-5.472267304694242,1.5228978601968404e-09,10,1.0,time_from_max,squared_exponential,squared_exponential:time_from_max,-5.472267300681779
HILp_QI1303,1.0,-5.472281097340101,4.2532744122524204e-07,10,1.0,time_from_max,squared_exponential,squared_exponential:time_from_max,-5.472280636918185
HILp_QI7107,1.0,-5.4722733793946645,5.8185520479249615e-08,10,1.0,time_from_max,squared_exponential,squared_exponential:time_from_max,-5.472273340432366
HILp_QI4902,0.5,-5.4722736816943325,1.593742160722732e-06,120,1.0,time_from_max,squared_exponential,squared_exponential:time_from_max,-5.472274228224705
HILp_QI29,1.0,-5.472272815044789,2.1653591787762613e-09,10,1.0,time_from_max,squared_exponential,squared_exponential:time_from_max,-5.472272818363308
HILp_QI168,1.0,-5.472271350137589,3.506900228564538e-08,10,1.0,time_from_max,squared_exponential,squared_exponential:time_from_max,-5.472271318447838
HILp_QI352,1.0,-5.472264983274044,1.8911548810567504e-09,10,1.0,time_from_max,squared_exponential,squared_exponential:time_from_max,-5.472264982782235
HILp_QI1890,1.0,-5.472263362905096,8.450042747094167e-08,10,1.0,time_from_max,squared_exponential,squared_exponential:time_from_max,-5.472263466971981
HILp_TF38,1.0,-5.472271020998505,6.493403027545085e-07,60,1.0,time_from_max,squared_exponential,squared_exponential:time_from_max,-5.472270685821968
HILp_QI1810,1.0,-5.472272839721882,4.48733265126182e-08,10,1.0,time_from_max,squared_exponential,squared_exponential:time_from_max,-5.472272809726292
HILp_QI1788,1.0,-5.472266544886452,1.9530185599331555e-08,10,1.0,time_from_max,squared_exponential,squared_exponential:time_from_max,-5.472266589467381
HILp_QI2162,1.0,-5.47213283764836,1.4278218787404182e-08,10,1.0,time_from_max,squared_exponential,squared_exponential:time_from_max,-5.472132844989574
HILp_QI2979,1.0,-5.4722679341869025,1.9906328424767652e-07,10,1.0,time_from_max,squared_exponential,squared_exponential:time_from_max,-5.472267628628288
HILp_QI1794,1.0,-5.472311066855127,5.142777543806034e-08,10,1.0,time_from_max,squared_exponential,squared_exponential:time_from_max,-5.472311080563486
HILp_TF58,1.0,-5.472270667293742,8.034678024662179e-08,10,1.0,time_from_max,squared_exponential,squared_exponential:time_from_max,-5.472270662843584
HILp_TF54,0.5,-5.472270714997194,0.0006027741993634941,120,1.0,time_from_max,squared_exponential,squared_exponential:time_from_max,-5.474359244560219
HILp_TF53,0.5,-5.472270679922985,5.8925910039852777e-05,120,1.0,time_from_max,squared_exponential,squared_exponential:time_from_max,-5.472282127444487
HILp_TF55,1.0,-5.472270640934767,4.0666063489810055e-08,10,1.0,time_from_max,squared_exponential,squared_exponential:time_from_max,-5.472270719346852
HILp_TF57,0.5,-5.472270614867739,2.161366732999503e-06,120,1.0,time_from_max,squared_exponential,squared_exponential:time_from_max,-5.472270689722791
HILp_TF56,0.5,-5.4722706551865485,4.6403401512624014e-05,120,1.0,time_from_max,squared_exponential,squared_exponential:time_from_max,-5.472270664095049
HILp_QI578,0.1676923076923077,-5.472184378144448,1.7532882398607834,120,1.0,time_from_max,squared_exponential,squared_exponential:time_from_max,-3.690936124743075
HILp_QI1106,1.0,-5.472274559091147,7.029666259758207e-09,10,1.0,time_from_max,squared_exponential,squared_exponential:time_from_max,-5.4722745521735305
HILp_QI1169,1.0,-5.472383740269606,3.67945332024648e-09,10,1.0,time_from_max,squared_exponential,squared_exponential:time_from_max,-5.472383737585005
HILp_QI3009,1.0,-5.472257990632215,4.463979361014862e-08,10,1.0,time_from_max,squared_exponential,squared_exponential:time_from_max,-5.472257989262744
HILp_QI868,1.0,-5.472277080411914,4.73395597474356e-07,10,1.0,time_from_max,squared_exponential,squared_exponential:time_from_max,-5.472277256554207
HILp_QI4915,1.0,-5.472293867422195,6.6864807075710035e-09,10,1.0,time_from_max,squared_exponential,squared_exponential:time_from_max,-5.472293875114701
HILp_QI3039,1.0,-5.472267634233049,3.394155532121269e-09,10,1.0,time_from_max,squared_exponential,squared_exponential:time_from_max,-5.472267631379509
HILp_QI322,1.0,-5.4722671684835404,1.4485441222399708e-09,10,1.0,time_from_max,squared_exponential,squared_exponential:time_from_max,-5.472267168381677
HILp_TF48,0.5,-5.472270689590005,0.0005801104862903285,120,1.0,time_from_max,squared_exponential,squared_exponential:time_from_max,-5.4722706558850405
HILp_QI3588,1.0,-5.472258100996214,1.4362500664138263e-08,10,1.0,time_from_max,squared_exponential,squared_exponential:time_from_max,-5.47225810425698
HILp_TF28,0.1184615384615384,-5.472225111423086,1.847647957617778,120,1.0,time_from_max,squared_exponential,squared_exponential:time_from_max,-2.946134541419269
HILp_QI3608,0.5,-5.472271103192497,3.641397873880625e-05,120,1.0,time_from_max,squared_exponential,squared_exponential:time_from_max,-5.4724369655536975
HILp_QI892,1.0,-5.472276137957124,9.36180983950471e-09,10,1.0,time_from_max,squared_exponential,squared_exponential:time_from_max,-5.472276131633862
HILp_QI484,1.0,-5.472294962179831,1.8889798135392264e-07,10,1.0,time_from_max,squared_exponential,squared_exponential:time_from_max,-5.472295010629296
HILp_QI1144,1.0,-5.472341026189497,5.864772340614298e-09,10,1.0,time_from_max,squared_exponential,squared_exponential:time_from_max,-5.472341022293222
HILp_QI755,1.0,-5.4720645456650345,2.3125161987656537e-07,10,1.0,time_from_max,squared_exponential,squared_exponential:time_from_max,-5.472064477490676
HILp_QI615,0.0692307692307692,-5.472272198580185,1.0615743340618706,120,1.0,time_from_max,squared_exponential,squared_exponential:time_from_max,-3.3332678825236144
HILp_QI331,1.0,-5.47227855947358,5.073233116797487e-07,10,1.0,time_from_max,squared_exponential,squared_exponential:time_from_max,-5.472278224597631
HILp_QI6656,1.0,-5.472281164831429,1.2130700140741077e-07,10,1.0,time_from_max,squared_exponential,squared_exponential:time_from_max,-5.472281159555678
HILp_QI1757,1.0,-5.472271555009911,6.550807268172513e-07,10,1.0,time_from_max,squared_exponential,squared_exponential:time_from_max,-5.472272206671278
HILp_TF51,0.5,-5.472270684393152,4.83288011585564e-05,120,1.0,time_from_max,squared_exponential,squared_exponential:time_from_max,-5.472305285612492
HILp_QI1110,1.0,-5.472116687627704,8.325910353025226e-07,10,1.0,time_from_max,squared_exponential,squared_exponential:time_from_max,-5.472116872612332
HILp_QI522,1.0,-5.4722722803142005,6.308479010259168e-08,10,1.0,time_from_max,squared_exponential,squared_exponential:time_from_max,-5.472272169295138
HILp_QI30,1.0,-5.472349829349696,2.1911718045537837e-09,10,1.0,time_from_max,squared_exponential,squared_exponential:time_from_max,-5.4723498289004056
HILp_QI7060,0.5,-5.472259635559567,3.423391147587501e-06,120,1.0,time_from_max,squared_exponential,squared_exponential:time_from_max,-5.472258949754178
HILp_QI473,1.0,-5.472181879152913,2.1128394702621548e-08,10,1.0,time_from_max,squared_exponential,squared_exponential:time_from_max,-5.472181900106079
HILp_TF9,0.5,-5.472270694858253,2.5221424040355344e-05,120,1.0,time_from_max,squared_exponential,squared_exponential:time_from_max,-5.472274864370775
HILp_TF14,0.5,-5.472262157569503,5.550227443909895e-06,120,1.0,time_from_max,squared_exponential,squared_exponential:time_from_max,-5.47225114638195
HILp_QI3040,1.0,-5.472265503997278,5.605103458602358e-10,10,1.0,time_from_max,squared_exponential,squared_exponential:time_from_max,-5.472265501223774
HILp_QI1037,1.0,-5.472264728104847,1.9704069184642585e-07,10,1.0,time_from_max,squared_exponential,squared_exponential:time_from_max,-5.472264586242545
HILp_TF34,1.0,-5.472270745280866,3.454286124136016e-07,10,1.0,time_from_max,squared_exponential,squared_exponential:time_from_max,-5.472270684313116
HILp_QI1320,0.5,-5.472271227035435,1.4858735913385466e-05,120,1.0,time_from_max,squared_exponential,squared_exponential:time_from_max,-5.472280932761805
HILp_QI1759,1.0,-5.4722706515976824,9.357630905361876e-07,10,1.0,time_from_max,squared_exponential,squared_exponential:time_from_max,-5.472270654479871
HILp_QI163,1.0,-5.472275698485191,2.2833152191289536e-08,10,1.0,time_from_max,squared_exponential,squared_exponential:time_from_max,-5.472275691234245
HILp_QI2598,1.0,-5.4722199559194,2.645326954966653e-08,10,1.0,time_from_max,squared_exponential,squared_exponential:time_from_max,-5.472219919619874
HILp_TF37,1.0,-5.472270718540585,6.873568715226901e-07,10,1.0,time_from_max,squared_exponential,squared_exponential:time_from_max,-5.472270703405229
HILp_QI5874,1.0,-5.472272834889736,2.1174435398686614e-08,10,1.0,time_from_max,squared_exponential,squared_exponential:time_from_max,-5.472272833419083
HILp_QI2466,1.0,-5.472278612617174,3.881606700163381e-07,10,1.0,time_from_max,squared_exponential,squared_exponential:time_from_max,-5.472278055426614
HILp_QI4241,1.0,-5.472262662155117,7.688364877878837e-08,10,1.0,time_from_max,squared_exponential,squared_exponential:time_from_max,-5.472262574680826
HILp_QI4845,1.0,-5.472275876727508,1.1983297983641036e-08,10,1.0,time_from_max,squared_exponential,squared_exponential:time_from_max,-5.472275864615767
HILp_QI6844,1.0,-5.472249891585079,2.7138521677401522e-08,10,1.0,time_from_max,squared_exponential,squared_exponential:time_from_max,-5.472249899487451
HILp_QI6120,1.0,-5.472298222484142,5.6312436432065054e-09,10,1.0,time_from_max,squared_exponential,squared_exponential:time_from_max,-5.472298228793079
HILp_QI8757,1.0,-5.472270747967741,1.817090954826424e-08,10,1.0,time_from_max,squared_exponential,squared_exponential:time_from_max,-5.472270759969888
HILp_QI9350,1.0,-5.472271073126876,1.3128312574424716e-08,10,1.0,time_from_max,squared_exponential,squared_exponential:time_from_max,-5.4722710856672165
HILp_QI9164,1.0,-5.472270840841475,4.641903146461169e-08,10,1.0,time_from_max,squared_exponential,squared_exponential:time_from_max,-5.47227076665331
HILp_QI10330,1.0,-5.472296670524429,6.663480299303173e-09,10,1.0,time_from_max,squared_exponential,squared_exponential:time_from_max,-5.472296671526237
HILp_QI11212,1.0,-5.472292709885096,4.590335563549469e-08,10,1.0,time_from_max,squared_exponential,squared_exponential:time_from_max,-5.472292725737134
HILp_QI11143,1.0,-5.472292819759559,2.590426828793982e-08,10,1.0,time_from_max,squared_exponential,squared_exponential:time_from_max,-5.4722928281621535
HILp_QI11066,1.0,-5.472271477182176,2.5092238060362447e-08,10,1.0,time_from_max,squared_exponential,squared_exponential:time_from_max,-5.472271515750435
HILp_QI11887,1.0,-5.472290655380448,1.7423505601400282e-07,10,1.0,time_from_max,squared_exponential,squared_exponential:time_from_max,-5.472290789419731
HILp_TF24,1.0,-5.472270881505665,1.3723225784605153e-07,10,1.0,time_from_max,squared_exponential,squared_exponential:time_from_max,-5.472270795280565
HILp_QI12539,1.0,-5.472255580443516,1.0493842506856683e-07,10,1.0,time_from_max,squared_exponential,squared_exponential:time_from_max,-5.472255328588744
HILp_QI12494,1.0,-5.472277406215653,1.9992413056196388e-07,10,1.0,time_from_max,squared_exponential,squared_exponential:time_from_max,-5.4722771544984425
HILp_TF23,1.0,-5.472270674983292,3.645292572854548e-09,10,1.0,time_from_max,squared_exponential,squared_exponential:time_from_max,-5.472270673014918
HILp_QI12459,1.0,-5.472281304874741,3.63988482392283e-08,10,1.0,time_from_max,squared_exponential,squared_exponential:time_from_max,-5.4722812741333655
HILp_QI13219,1.0,-5.472267886401596,2.865710671148496e-08,10,1.0,time_from_max,squared_exponential,squared_exponential:time_from_max,-5.47226788351918
HILp_QI13031,1.0,-5.472284201647881,9.031469198066858e-07,60,1.0,time_from_max,squared_exponential,squared_exponential:time_from_max,-5.472284220290476
HILp_QI2602,1.0,-5.472246811481455,2.9510256810156494e-08,10,1.0,time_from_max,squared_exponential,squared_exponential:time_from_max,-5.472246797732623
HILp_QI8513,1.0,-5.47226987024419,1.1585478624898714e-09,10,1.0,time_from_max,squared_exponential,squared_exponential:time_from_max,-5.47226986939404
HILp_QI10472,1.0,-5.472877216311645,2.396418290111529e-08,10,1.0,time_from_max,squared_exponential,squared_exponential:time_from_max,-5.472877207953388
HILp_QI1756,1.0,-5.472242613235039,1.62451859341604e-09,10,1.0,time_from_max,squared_exponential,squared_exponential:time_from_max,-5.472242613167055
HILp_QI7751,1.0,-5.472267192754089,1.06444574218459e-08,10,1.0,time_from_max,squared_exponential,squared_exponential:time_from_max,-5.472267184019984
HILp_QI2793,1.0,-5.472271073342881,3.4597922811174626e-08,10,1.0,time_from_max,squared_exponential,squared_exponential:time_from_max,-5.47227107657136
HILp_QI2638,1.0,-5.472233502238396,2.3527840726507286e-07,10,1.0,time_from_max,squared_exponential,squared_exponential:time_from_max,-5.472233335765395
HILp_TF8,1.0,-5.472269584615333,6.204463604567184e-07,10,1.0,time_from_max,squared_exponential,squared_exponential:time_from_max,-5.472271115565945
HILp_QI418,1.0,-5.472276515674594,2.7012515345800473e-09,10,1.0,time_from_max,squared_exponential,squared_exponential:time_from_max,-5.472276518828039
HILp_QI1750,1.0,-5.47229278572263,3.8423156692370776e-08,10,1.0,time_from_max,squared_exponential,squared_exponential:time_from_max,-5.472292798088802
HILp_QI1929,1.0,-5.47226944446038,2.5412643085244094e-09,10,1.0,time_from_max,squared_exponential,squared_exponential:time_from_max,-5.472269444411722
HILp_QI3985,1.0,-5.472285177725325,1.5567675703638845e-08,10,1.0,time_from_max,squared_exponential,squared_exponential:time_from_max,-5.472285169364113
HILp_QI2601,1.0,-5.472269109427316,6.358270362772753e-07,10,1.0,time_from_max,squared_exponential,squared_exponential:time_from_max,-5.47226824181098
HILp_TF4,1.0,-5.472270625665715,8.660755124611927e-08,10,1.0,time_from_max,squared_exponential,squared_exponential:time_from_max,-5.472270473997014
HILp_QI7860,1.0,-5.472267563576224,6.176464128625946e-08,10,1.0,time_from_max,squared_exponential,squared_exponential:time_from_max,-5.472267495633332
HILp_QI1989,1.0,-5.471579562600482,3.31387020804524e-08,10,1.0,time_from_max,squared_exponential,squared_exponential:time_from_max,-5.471579606065006
HILp_QI4966,0.04461538461538461,-5.472236557073529,1.0702424114917488,120,1.0,time_from_max,squared_exponential,squared_exponential:time_from_max,-2.880157779322872
HILp_TF45,0.5,-5.4721768170170435,0.0001791690124331865,120,1.0,time_from_max,squared_exponential,squared_exponential:time_from_max,-5.471812925716222
HILp_QI1127,1.0,-5.472267474036016,2.3602890150688396e-07,10,1.0,time_from_max,squared_exponential,squared_exponential:time_from_max,-5.472267073319472
HILp_QI7038,1.0,-5.472242979414659,1.1208574308646987e-07,10,1.0,time_from_max,squared_exponential,squared_exponential:time_from_max,-5.4722430760480165
HILp_TF26,1.0,-5.472270946133676,1.2305949647773666e-07,10,1.0,time_from_max,squared_exponential,squared_exponential:time_from_max,-5.472270683503666
HILp_QI19408,1.0,-5.472283661079473,1.507775732369598e-07,10,1.0,time_from_max,squared_exponential,squared_exponential:time_from_max,-5.472283651367434
HILp_TF5,0.5,-5.472273202935412,1.3718334336249e-06,120,1.0,time_from_max,squared_exponential,squared_exponential:time_from_max,-5.472272316812905
HILp_TF46,0.5,-5.472270657191075,0.0003723573359298828,120,1.0,time_from_max,squared_exponential,squared_exponential:time_from_max,-5.472319706791495
HILp_QI3770,1.0,-5.472274010804085,4.8498927181501124e-08,10,1.0,time_from_max,squared_exponential,squared_exponential:time_from_max,-5.472274036636463
HILp_QI10949,1.0,-5.4719468012137895,1.8802035904065336e-08,10,1.0,time_from_max,squared_exponential,squared_exponential:time_from_max,-5.471946793746611
HILp_TF36,0.5,-5.472278589502821,6.73655620508683e-06,120,1.0,time_from_max,squared_exponential,squared_exponential:time_from_max,-5.472272688272824
HILp_QI8054,1.0,-5.472219859633924,2.8499815006507334e-07,10,1.0,time_from_max,squared_exponential,squared_exponential:time_from_max,-5.472219763873909
HILp_TF43,0.5,-5.47227349600962,4.363922867759523e-06,120,1.0,time_from_max,squared_exponential,squared_exponential:time_from_max,-5.472270680337715
HILp_QI2874,0.5,-5.472730225449823,8.896913226469298e-05,120,1.0,time_from_max,squared_exponential,squared_exponential:time_from_max,-5.472730066063832
HILp_TF44,0.5,-5.472272877604155,0.0003432342800714712,120,1.0,time_from_max,squared_exponential,squared_exponential:time_from_max,-5.472270678183122
HILp_TF47,0.5,-5.4722706598358855,1.8220904395287631e-06,120,1.0,time_from_max,squared_exponential,squared_exponential:time_from_max,-5.4722745331700935
HILp_QI3629,1.0,-5.472271412854752,3.1311013063276063e-09,10,1.0,time_from_max,squared_exponential,squared_exponential:time_from_max,-5.472271417967932
HILp_QI3716,1.0,-5.472307550963478,1.8373929002081564e-09,10,1.0,time_from_max,squared_exponential,squared_exponential:time_from_max,-5.472307549062407
HILp_QI1508,1.0,-5.472202089975099,5.03751488834154e-07,10,1.0,time_from_max,squared_exponential,squared_exponential:time_from_max,-5.472202515048593
HILp_TF40,0.006801472714597301,-5.472233837620024,1.1128202205623834,120,0.7672061222065756,time_from_max,squared_exponential,squared_exponential:time_from_max,-0.0248908639514411
HILp_QI9633,1.0,-5.4722760536199075,9.839262048594782e-07,10,1.0,time_from_max,squared_exponential,squared_exponential:time_from_max,-5.472275347735831
HILp_TF20,0.5,-5.472270134829159,1.9757189903199723e-05,120,1.0,time_from_max,squared_exponential,squared_exponential:time_from_max,-5.472271940542214
HILp_QI1048,1.0,-5.471999603967788,6.905426279070615e-09,10,1.0,time_from_max,squared_exponential,squared_exponential:time_from_max,-5.471999598189086
HILp_TF42,1.0,-5.472270685347667,5.8371809114838117e-08,10,1.0,time_from_max,squared_exponential,squared_exponential:time_from_max,-5.472270709195072
HILp_QI2850,1.0,-5.472337307936641,2.524393752011946e-09,10,1.0,time_from_max,squared_exponential,squared_exponential:time_from_max,-5.472337307933685
HILp_TF50,0.5,-5.47227234022921,6.617291370203216e-05,120,1.0,time_from_max,squared_exponential,squared_exponential:time_from_max,-5.472302449874405
HILp_QI3549,0.5,-5.4722849798145035,1.9174979342040237e-06,120,1.0,time_from_max,squared_exponential,squared_exponential:time_from_max,-5.472285697886946
HILp_TF52,0.5,-5.47227290295541,1.5865218265789635e-06,120,1.0,time_from_max,squared_exponential,squared_exponential:time_from_max,-5.4722739235976405
HILp_QI2014,1.0,-5.472253205030256,4.90416227318642e-08,10,1.0,time_from_max,squared_exponential,squared_exponential:time_from_max,-5.472253135238134
HILp_QI9142,1.0,-5.472265678276699,1.2952250086566654e-08,10,1.0,time_from_max,squared_exponential,squared_exponential:time_from_max,-5.4722656759222446
HILp_TF41,1.0,-5.472270625696183,7.55710811402688e-07,10,1.0,time_from_max,squared_exponential,squared_exponential:time_from_max,-5.472270639058479
HILp_QI1105,1.0,-5.472270759079834,1.7176932081826215e-10,10,1.0,time_from_max,squared_exponential,squared_exponential:time_from_max,-5.472270759264347
HILp_QI2994,1.0,-5.4722707434725635,4.94733005879719e-10,10,1.0,time_from_max,squared_exponential,squared_exponential:time_from_max,-5.472270744029856
HILp_TF22,1.0,-5.4722754437705134,9.037964320851568e-08,10,1.0,time_from_max,squared_exponential,squared_exponential:time_from_max,-5.472275206780978
HILp_TF27,0.5,-5.472269864323152,8.254471456470017e-06,120,1.0,time_from_max,squared_exponential,squared_exponential:time_from_max,-5.472285230578564
HILp_QI3939,1.0,-5.472284436477821,1.5424726980093872e-08,120,1.0,time_from_max,squared_exponential,squared_exponential:time_from_max,-5.472284423986821
HILp_QI2965,1.0,-5.472255136815647,2.233292670605869e-09,10,1.0,time_from_max,squared_exponential,squared_exponential:time_from_max,-5.47225513920921
HILp_QI1093,0.5,-5.472270674578795,1.3854611275559948e-06,120,1.0,time_from_max,squared_exponential,squared_exponential:time_from_max,-5.472269662286635
HILp_QI4793,1.0,-5.4722698227476485,9.929819832304378e-08,10,1.0,time_from_max,squared_exponential,squared_exponential:time_from_max,-5.472269771102219
HILp_QI2981,1.0,-5.472265517506912,5.6256624100714525e-08,10,1.0,time_from_max,squared_exponential,squared_exponential:time_from_max,-5.472265561475524
HILp_QI3593,1.0,-5.47226158555668,5.266508194161965e-07,10,1.0,time_from_max,squared_exponential,squared_exponential:time_from_max,-5.472261840799547
HILp_QI1038,0.03230769230769237,-5.472275625403654,0.536075186338601,120,1.0,time_from_max,squared_exponential,squared_exponential:time_from_max,-4.020060260876107
HILp_TF13,1.0,-5.472270642860167,3.527051830388821e-07,10,1.0,time_from_max,squared_exponential,squared_exponential:time_from_max,-5.472270691951053
HILp_QI7976,1.0,-5.472265026415471,3.6573829004248043e-07,120,1.0,time_from_max,squared_exponential,squared_exponential:time_from_max,-5.47226475716343
HILp_QI1646,1.0,-5.472284787362469,9.374451875858834e-08,10,1.0,time_from_max,squared_exponential,squared_exponential:time_from_max,-5.472284597276484
HILp_TF7,0.5,-5.47220669195849,1.4671744176929566e-05,120,1.0,time_from_max,squared_exponential,squared_exponential:time_from_max,-5.472206603139966
HILp_TF15,0.5,-5.472278928638389,2.051663969309852e-05,120,1.0,time_from_max,squared_exponential,squared_exponential:time_from_max,-5.4722741856385255
HILp_QI9662,1.0,-5.472268051847436,1.1168109250806829e-09,10,1.0,time_from_max,squared_exponential,squared_exponential:time_from_max,-5.47226805323271
HILp_TF49,1.0,-5.472270839481098,9.184348410094451e-08,10,1.0,time_from_max,squared_exponential,squared_exponential:time_from_max,-5.4722707074110986
HILp_QI1968,0.5,-5.47227183422865,6.827877601570379e-05,120,1.0,time_from_max,squared_exponential,squared_exponential:time_from_max,-5.472274976925291
HILp_QI8763,1.0,-5.47224042087646,7.609033722444556e-07,10,1.0,time_from_max,squared_exponential,squared_exponential:time_from_max,-5.472240518360195
HILp_QI8646,0.5,-5.472268115517181,6.6079623014621704e-06,120,1.0,time_from_max,squared_exponential,squared_exponential:time_from_max,-5.472267403260048
HILp_QI1363,1.0,-5.472262725352266,7.219122774526139e-08,10,1.0,time_from_max,squared_exponential,squared_exponential:time_from_max,-5.472262713749387
HILp_QI20478,0.5,-5.472270688648223,3.6463596555892078e-06,120,1.0,time_from_max,squared_exponential,squared_exponential:time_from_max,-5.472270679775647
HILp_QI13472,1.0,-5.472268776886494,2.1577456770336772e-08,10,1.0,time_from_max,squared_exponential,squared_exponential:time_from_max,-5.472268784307289
HILp_QI14033,1.0,-5.472285081960763,5.864072034313215e-08,10,1.0,time_from_max,squared_exponential,squared_exponential:time_from_max,-5.47228515098368
HILp_TF30,1.0,-5.472270682173075,6.646852812499392e-08,10,1.0,time_from_max,squared_exponential,squared_exponential:time_from_max,-5.472270699179717
HILp_TF32,1.0,-5.4722825757989995,5.667377389785705e-07,10,1.0,time_from_max,squared_exponential,squared_exponential:time_from_max,-5.472282860451742
HILp_TF29,0.5,-5.472270679890244,5.147000045319846e-06,120,1.0,time_from_max,squared_exponential,squared_exponential:time_from_max,-5.472271063730659
HILp_QI15155,0.5,-5.472283491409598,3.542660190179488e-06,120,1.0,time_from_max,squared_exponential,squared_exponential:time_from_max,-5.472282407370585
HILp_QI15372,0.5,-5.4722485187439815,7.507611259457848e-06,120,1.0,time_from_max,squared_exponential,squared_exponential:time_from_max,-5.472248981501252
HILp_QI16955,1.0,-5.472310459104165,1.6714965273818415e-08,10,1.0,time_from_max,squared_exponential,squared_exponential:time_from_max,-5.47231046613615
HILp_QI13719,1.0,-5.472297792550307,4.304822919460324e-08,10,1.0,time_from_max,squared_exponential,squared_exponential:time_from_max,-5.472297983606495
HILp_QI14421,0.5,-5.472276471798523,0.0001765308088891121,120,1.0,time_from_max,squared_exponential,squared_exponential:time_from_max,-5.472287649022746
HILp_QI13155,0.5,-5.472268258309214,1.1139254588036357e-06,120,1.0,time_from_max,squared_exponential,squared_exponential:time_from_max,-5.472268716837789
HILp_TF17,0.5,-5.4723576736610084,6.288511717164351e-05,120,1.0,time_from_max,squared_exponential,squared_exponential:time_from_max,-5.472355670043726
HILp_TF35,1.0,-5.472254766581045,3.5722497688148756e-07,10,1.0,time_from_max,squared_exponential,squared_exponential:time_from_max,-5.472254579160563
HILp_TF19,0.5,-5.472275394101871,1.026822148619531e-06,120,1.0,time_from_max,squared_exponential,squared_exponential:time_from_max,-5.4722762172459625
HILp_QI25304,1.0,-5.47226395344228,9.71201024545859e-09,10,1.0,time_from_max,squared_exponential,squared_exponential:time_from_max,-5.472263957570704
HILp_TF2,0.5,-5.472270663708059,8.096277907347447e-06,120,1.0,time_from_max,squared_exponential,squared_exponential:time_from_max,-5.472270698244756
HILp_TF3,0.5,-5.472271874678881,1.8742362505426974e-06,120,1.0,time_from_max,squared_exponential,squared_exponential:time_from_max,-5.472269767515172
HILp_TF12,0.5,-5.472270733967434,4.4240310007781236e-05,120,1.0,time_from_max,squared_exponential,squared_exponential:time_from_max,-5.472270839414705
HILp_QI23736,1.0,-5.472270778185248,5.655717209550773e-09,10,1.0,time_from_max,squared_exponential,squared_exponential:time_from_max,-5.472270765738813
HILp_QI24373,1.0,-5.472262787387763,1.3698638624117712e-07,10,1.0,time_from_max,squared_exponential,squared_exponential:time_from_max,-5.472262559008868
